dispute_id,reason_code,reason_code_label,card_network,dispute_amount,currency,transaction_date,days_to_dispute,product_category,shipping_method,delivery_confirmed,has_delivery_proof,ip_geolocation_match,avs_cvv_match,customer_account_age_days,customer_prior_disputes,customer_prior_orders,has_customer_correspondence,has_3ds_authentication,evidence_needed,outcome
DSP-001654,13.3,Not as Described,Visa,172.31,INR,2026-08-29,6,sports,standard,False,False,True,both_match,47,0,3,False,True,"['product_description', 'customer_comms', 'return_policy']",merchant_lost
DSP-002618,4860,Credit Not Processed (MC),Mastercard,3610.36,INR,2026-08-29,13,books,same_day,True,True,True,both_match,81,0,8,True,True,"['refund_receipt', 'refund_arn', 'policy_terms']",merchant_won
DSP-004993,4863,Cardholder Does Not Recognize,Mastercard,605.22,INR,2026-08-29,31,fashion,same_day,True,True,False,neither,144,1,1,False,False,"['billing_descriptor', 'customer_comms', 'ip_match']",merchant_lost
DSP-000897,4863,Cardholder Does Not Recognize,Mastercard,4081.67,INR,2026-08-29,68,automotive,same_day,False,False,False,both_match,74,1,3,False,False,"['billing_descriptor', 'customer_comms', 'ip_match']",merchant_won
DSP-000687,13.1,Merchandise Not Received,Visa,726.64,INR,2026-08-29,8,automotive,standard,True,True,True,cvv_only,56,0,5,True,True,"['shipping_confirmation', 'delivery_proof', 'tracking_url']",merchant_lost
DSP-001187,4855,Goods or Services Not Provided,Mastercard,2893.23,INR,2026-08-29,1,beauty,standard,True,True,True,both_match,156,0,3,True,True,"['shipping_confirmation', 'delivery_proof', 'signed_receipt']",merchant_won
DSP-003536,4855,Goods or Services Not Provided,Mastercard,1339.22,INR,2026-08-29,4,health,standard,True,True,True,both_match,663,1,11,True,True,"['shipping_confirmation', 'delivery_proof', 'signed_receipt']",merchant_won
DSP-004445,4855,Goods or Services Not Provided,Mastercard,2839.9,INR,2026-08-29,3,books,pickup,True,True,True,both_match,70,1,2,True,False,"['shipping_confirmation', 'delivery_proof', 'signed_receipt']",merchant_won
DSP-000965,13.1,Merchandise Not Received,Visa,1428.62,INR,2026-08-29,32,toys,express,False,False,True,both_match,559,0,6,True,True,"['shipping_confirmation', 'delivery_proof', 'tracking_url']",merchant_won
DSP-000176,13.3,Not as Described,Visa,1355.17,INR,2026-08-29,41,home,same_day,False,False,True,both_match,35,0,8,True,False,"['product_description', 'customer_comms', 'return_policy']",merchant_won
DSP-004327,4837,No Cardholder Authorization,Mastercard,1898.43,INR,2026-08-29,36,grocery,same_day,True,False,False,neither,177,2,3,False,True,"['3ds_authentication', 'avs_cvv', 'ip_match']",merchant_won
DSP-001958,13.6,Credit Not Processed,Visa,1850.92,INR,2026-08-29,12,books,same_day,True,True,True,both_match,286,0,0,True,False,"['refund_receipt', 'refund_arn', 'policy_terms']",merchant_won
DSP-003136,4860,Credit Not Processed (MC),Mastercard,1784.8,INR,2026-08-29,40,sports,pickup,True,False,True,both_match,94,0,4,False,True,"['refund_receipt', 'refund_arn', 'policy_terms']",merchant_won
DSP-000971,4853,Cardholder Dispute - Defective,Mastercard,1904.43,INR,2026-08-29,18,automotive,express,True,True,True,cvv_only,112,0,6,True,True,"['product_description', 'quality_cert', 'customer_comms']",merchant_won
DSP-001252,4837,No Cardholder Authorization,Mastercard,775.58,INR,2026-08-29,8,grocery,same_day,False,False,False,neither,27,0,0,False,False,"['3ds_authentication', 'avs_cvv', 'ip_match']",merchant_lost
DSP-003411,4853,Cardholder Dispute - Defective,Mastercard,337.06,INR,2026-08-29,5,grocery,standard,True,True,True,neither,206,0,3,False,True,"['product_description', 'quality_cert', 'customer_comms']",merchant_won
DSP-001222,13.6,Credit Not Processed,Visa,3921.23,INR,2026-08-29,2,grocery,express,True,True,True,both_match,249,0,8,True,True,"['refund_receipt', 'refund_arn', 'policy_terms']",merchant_won
DSP-001895,10.4,Fraud - Card Absent,Visa,3881.82,INR,2026-08-29,59,health,express,True,True,False,cvv_only,2,0,2,False,False,"['avs_cvv', 'ip_match', 'delivery_proof', 'device_fingerprint']",merchant_lost
DSP-001089,4853,Cardholder Dispute - Defective,Mastercard,2113.2,INR,2026-08-29,13,home,same_day,True,True,True,both_match,88,1,3,False,True,"['product_description', 'quality_cert', 'customer_comms']",merchant_won
DSP-004297,4853,Cardholder Dispute - Defective,Mastercard,1304.71,INR,2026-08-29,22,fashion,same_day,True,True,True,both_match,316,0,2,False,False,"['product_description', 'quality_cert', 'customer_comms']",merchant_won
DSP-000966,13.1,Merchandise Not Received,Visa,1924.53,INR,2026-08-29,4,health,standard,True,True,True,neither,402,0,9,True,True,"['shipping_confirmation', 'delivery_proof', 'tracking_url']",merchant_won
DSP-004030,4860,Credit Not Processed (MC),Mastercard,691.82,INR,2026-08-29,4,grocery,same_day,True,True,True,both_match,60,0,5,True,True,"['refund_receipt', 'refund_arn', 'policy_terms']",merchant_won
DSP-001674,4863,Cardholder Does Not Recognize,Mastercard,704.5,INR,2026-08-29,63,toys,same_day,True,True,False,cvv_only,51,0,1,True,False,"['billing_descriptor', 'customer_comms', 'ip_match']",merchant_won
DSP-000841,4837,No Cardholder Authorization,Mastercard,475.01,INR,2026-08-29,17,home,standard,True,False,True,cvv_only,160,1,3,False,False,"['3ds_authentication', 'avs_cvv', 'ip_match']",merchant_lost
DSP-004057,13.1,Merchandise Not Received,Visa,4475.84,INR,2026-08-29,23,fashion,pickup,True,True,True,cvv_only,40,0,4,True,True,"['shipping_confirmation', 'delivery_proof', 'tracking_url']",merchant_won
DSP-001866,13.3,Not as Described,Visa,2737.95,INR,2026-08-29,19,home,standard,True,True,True,both_match,39,0,11,True,True,"['product_description', 'customer_comms', 'return_policy']",merchant_won
DSP-000491,13.6,Credit Not Processed,Visa,1134.66,INR,2026-08-29,25,books,pickup,True,True,True,both_match,9,0,2,False,True,"['refund_receipt', 'refund_arn', 'policy_terms']",merchant_won
DSP-003528,4853,Cardholder Dispute - Defective,Mastercard,163.99,INR,2026-08-29,3,grocery,same_day,True,True,True,both_match,314,1,5,True,True,"['product_description', 'quality_cert', 'customer_comms']",merchant_lost
DSP-002827,4863,Cardholder Does Not Recognize,Mastercard,644.61,INR,2026-08-29,59,sports,pickup,True,True,True,neither,28,0,2,False,False,"['billing_descriptor', 'customer_comms', 'ip_match']",merchant_lost
DSP-004338,4853,Cardholder Dispute - Defective,Mastercard,1488.65,INR,2026-08-29,1,home,express,True,True,True,avs_only,337,0,8,True,True,"['product_description', 'quality_cert', 'customer_comms']",merchant_lost
DSP-000480,4837,No Cardholder Authorization,Mastercard,8250.11,INR,2026-08-29,0,health,express,False,False,True,cvv_only,15,1,1,False,False,"['3ds_authentication', 'avs_cvv', 'ip_match']",merchant_lost
DSP-003659,4860,Credit Not Processed (MC),Mastercard,758.29,INR,2026-08-29,7,electronics,pickup,True,True,True,both_match,369,0,8,False,True,"['refund_receipt', 'refund_arn', 'policy_terms']",merchant_won
DSP-000467,4853,Cardholder Dispute - Defective,Mastercard,86.85,INR,2026-08-29,19,automotive,standard,True,True,True,both_match,458,0,8,True,True,"['product_description', 'quality_cert', 'customer_comms']",merchant_lost
DSP-003288,4837,No Cardholder Authorization,Mastercard,508.27,INR,2026-08-29,4,sports,express,True,False,True,neither,55,0,1,True,False,"['3ds_authentication', 'avs_cvv', 'ip_match']",merchant_lost
DSP-003843,10.4,Fraud - Card Absent,Visa,900.23,INR,2026-08-29,7,fashion,pickup,False,False,True,neither,75,0,1,True,False,"['avs_cvv', 'ip_match', 'delivery_proof', 'device_fingerprint']",merchant_won
DSP-001664,4855,Goods or Services Not Provided,Mastercard,377.57,INR,2026-08-29,9,beauty,express,True,True,True,both_match,102,0,2,False,False,"['shipping_confirmation', 'delivery_proof', 'signed_receipt']",merchant_won
DSP-000244,10.4,Fraud - Card Absent,Visa,1051.17,INR,2026-08-29,2,books,express,True,False,False,both_match,194,1,2,True,False,"['avs_cvv', 'ip_match', 'delivery_proof', 'device_fingerprint']",merchant_lost
DSP-004877,10.4,Fraud - Card Absent,Visa,962.92,INR,2026-08-29,58,grocery,same_day,True,True,True,neither,239,1,3,True,False,"['avs_cvv', 'ip_match', 'delivery_proof', 'device_fingerprint']",merchant_lost
DSP-002181,13.6,Credit Not Processed,Visa,1234.52,INR,2026-08-29,8,toys,same_day,True,True,True,cvv_only,343,0,7,True,False,"['refund_receipt', 'refund_arn', 'policy_terms']",merchant_won
DSP-001446,10.4,Fraud - Card Absent,Visa,6194.36,INR,2026-08-29,26,electronics,same_day,False,False,False,avs_only,45,0,6,False,False,"['avs_cvv', 'ip_match', 'delivery_proof', 'device_fingerprint']",merchant_lost
DSP-000650,10.4,Fraud - Card Absent,Visa,929.92,INR,2026-08-29,3,home,express,False,False,True,neither,13,0,5,True,False,"['avs_cvv', 'ip_match', 'delivery_proof', 'device_fingerprint']",merchant_won
DSP-001929,13.1,Merchandise Not Received,Visa,304.26,INR,2026-08-29,2,electronics,pickup,True,True,True,neither,37,0,6,True,True,"['shipping_confirmation', 'delivery_proof', 'tracking_url']",merchant_won
DSP-004440,10.4,Fraud - Card Absent,Visa,1205.12,INR,2026-08-29,0,toys,express,False,False,False,both_match,376,0,1,False,False,"['avs_cvv', 'ip_match', 'delivery_proof', 'device_fingerprint']",merchant_lost
DSP-000756,10.4,Fraud - Card Absent,Visa,6413.08,INR,2026-08-29,16,books,standard,True,False,False,both_match,13,1,4,False,False,"['avs_cvv', 'ip_match', 'delivery_proof', 'device_fingerprint']",merchant_lost
DSP-003714,4853,Cardholder Dispute - Defective,Mastercard,3821.18,INR,2026-08-29,11,books,express,True,True,True,both_match,3,0,7,False,False,"['product_description', 'quality_cert', 'customer_comms']",merchant_lost
DSP-003680,13.1,Merchandise Not Received,Visa,1150.03,INR,2026-08-29,0,health,standard,True,True,True,both_match,438,0,6,False,True,"['shipping_confirmation', 'delivery_proof', 'tracking_url']",merchant_won
DSP-000098,13.1,Merchandise Not Received,Visa,635.8,INR,2026-08-29,15,home,standard,True,True,True,both_match,195,0,6,False,False,"['shipping_confirmation', 'delivery_proof', 'tracking_url']",merchant_won
DSP-000357,4855,Goods or Services Not Provided,Mastercard,724.65,INR,2026-08-29,10,toys,express,True,True,True,avs_only,164,0,3,False,False,"['shipping_confirmation', 'delivery_proof', 'signed_receipt']",merchant_lost
DSP-000702,10.4,Fraud - Card Absent,Visa,1919.42,INR,2026-08-29,5,automotive,pickup,False,False,True,cvv_only,359,1,4,False,False,"['avs_cvv', 'ip_match', 'delivery_proof', 'device_fingerprint']",merchant_lost
DSP-002937,4837,No Cardholder Authorization,Mastercard,14650.9,INR,2026-08-29,4,fashion,pickup,True,False,False,neither,14,0,4,True,False,"['3ds_authentication', 'avs_cvv', 'ip_match']",merchant_won
DSP-002585,4855,Goods or Services Not Provided,Mastercard,1132.99,INR,2026-08-29,25,electronics,same_day,False,False,True,both_match,58,0,3,True,True,"['shipping_confirmation', 'delivery_proof', 'signed_receipt']",merchant_won
DSP-002776,4863,Cardholder Does Not Recognize,Mastercard,1956.03,INR,2026-08-29,0,health,same_day,True,True,False,neither,83,0,2,True,True,"['billing_descriptor', 'customer_comms', 'ip_match']",merchant_lost
DSP-003773,13.6,Credit Not Processed,Visa,6759.85,INR,2026-08-29,0,sports,pickup,False,False,True,both_match,262,0,6,True,True,"['refund_receipt', 'refund_arn', 'policy_terms']",merchant_won
DSP-004175,4853,Cardholder Dispute - Defective,Mastercard,832.44,INR,2026-08-29,15,books,express,True,True,True,both_match,13,0,7,True,True,"['product_description', 'quality_cert', 'customer_comms']",merchant_won
DSP-003054,4855,Goods or Services Not Provided,Mastercard,2372.45,INR,2026-08-29,3,electronics,express,True,True,True,both_match,368,1,6,True,True,"['shipping_confirmation', 'delivery_proof', 'signed_receipt']",merchant_won
DSP-001366,4855,Goods or Services Not Provided,Mastercard,1731.56,INR,2026-08-29,15,grocery,express,True,True,True,both_match,930,0,2,True,True,"['shipping_confirmation', 'delivery_proof', 'signed_receipt']",merchant_won
DSP-001434,13.6,Credit Not Processed,Visa,1717.64,INR,2026-08-29,6,beauty,express,False,False,True,both_match,18,0,11,True,True,"['refund_receipt', 'refund_arn', 'policy_terms']",merchant_lost
DSP-000617,4860,Credit Not Processed (MC),Mastercard,890.27,INR,2026-08-29,10,home,pickup,True,False,True,cvv_only,701,0,7,True,True,"['refund_receipt', 'refund_arn', 'policy_terms']",merchant_won
DSP-003950,13.3,Not as Described,Visa,857.03,INR,2026-08-29,7,toys,pickup,True,True,True,cvv_only,565,0,6,True,True,"['product_description', 'customer_comms', 'return_policy']",merchant_lost
DSP-003825,10.4,Fraud - Card Absent,Visa,617.25,INR,2026-08-29,31,fashion,same_day,False,False,True,neither,212,0,3,False,False,"['avs_cvv', 'ip_match', 'delivery_proof', 'device_fingerprint']",merchant_lost
DSP-002040,13.3,Not as Described,Visa,654.83,INR,2026-08-29,28,grocery,express,True,True,True,both_match,117,0,10,False,True,"['product_description', 'customer_comms', 'return_policy']",merchant_won
DSP-002449,13.3,Not as Described,Visa,2042.41,INR,2026-08-29,3,beauty,express,True,True,True,both_match,597,1,8,False,True,"['product_description', 'customer_comms', 'return_policy']",merchant_won
DSP-004404,13.1,Merchandise Not Received,Visa,7269.75,INR,2026-08-29,20,automotive,same_day,True,True,True,both_match,176,0,5,False,True,"['shipping_confirmation', 'delivery_proof', 'tracking_url']",merchant_won
DSP-002118,13.3,Not as Described,Visa,1197.02,INR,2026-08-29,45,beauty,express,False,False,True,both_match,99,0,7,False,True,"['product_description', 'customer_comms', 'return_policy']",merchant_won
DSP-002088,10.5,Fraud - Counterfeit,Visa,498.23,INR,2026-08-29,30,books,express,True,True,False,neither,26,0,2,False,False,"['emv_chip_data', 'pin_verification']",merchant_won
DSP-001950,4837,No Cardholder Authorization,Mastercard,1873.05,INR,2026-08-29,120,books,express,True,False,False,avs_only,140,0,3,False,False,"['3ds_authentication', 'avs_cvv', 'ip_match']",merchant_lost
DSP-003041,10.4,Fraud - Card Absent,Visa,1277.72,INR,2026-08-29,1,automotive,express,True,True,True,neither,49,2,0,True,False,"['avs_cvv', 'ip_match', 'delivery_proof', 'device_fingerprint']",merchant_won
DSP-001535,10.4,Fraud - Card Absent,Visa,3034.95,INR,2026-08-29,21,toys,standard,False,False,True,both_match,108,0,1,False,False,"['avs_cvv', 'ip_match', 'delivery_proof', 'device_fingerprint']",merchant_lost
DSP-001318,10.4,Fraud - Card Absent,Visa,1006.27,INR,2026-08-29,59,toys,same_day,True,False,False,neither,50,2,3,False,False,"['avs_cvv', 'ip_match', 'delivery_proof', 'device_fingerprint']",merchant_lost
DSP-002313,4853,Cardholder Dispute - Defective,Mastercard,188.46,INR,2026-08-29,60,fashion,pickup,True,True,True,both_match,30,0,7,False,True,"['product_description', 'quality_cert', 'customer_comms']",merchant_won
DSP-002076,13.1,Merchandise Not Received,Visa,2815.65,INR,2026-08-29,0,toys,express,True,True,True,both_match,158,0,9,False,True,"['shipping_confirmation', 'delivery_proof', 'tracking_url']",merchant_won
DSP-004801,10.4,Fraud - Card Absent,Visa,445.9,INR,2026-08-29,78,toys,standard,True,False,False,neither,0,1,4,False,False,"['avs_cvv', 'ip_match', 'delivery_proof', 'device_fingerprint']",merchant_lost
DSP-003525,4853,Cardholder Dispute - Defective,Mastercard,904.27,INR,2026-08-29,10,health,standard,True,True,True,both_match,51,0,3,True,True,"['product_description', 'quality_cert', 'customer_comms']",merchant_lost
DSP-000172,4853,Cardholder Dispute - Defective,Mastercard,109.77,INR,2026-08-29,7,fashion,same_day,False,False,True,both_match,212,0,12,True,True,"['product_description', 'quality_cert', 'customer_comms']",merchant_lost
DSP-002374,4853,Cardholder Dispute - Defective,Mastercard,695.76,INR,2026-08-29,6,home,pickup,True,True,True,both_match,150,0,6,True,True,"['product_description', 'quality_cert', 'customer_comms']",merchant_won
DSP-001953,4837,No Cardholder Authorization,Mastercard,550.86,INR,2026-08-29,19,toys,express,True,True,True,avs_only,113,1,0,True,True,"['3ds_authentication', 'avs_cvv', 'ip_match']",merchant_won
DSP-003762,4837,No Cardholder Authorization,Mastercard,1117.36,INR,2026-08-29,21,books,standard,True,False,True,neither,6,0,7,False,False,"['3ds_authentication', 'avs_cvv', 'ip_match']",merchant_won
DSP-000565,13.1,Merchandise Not Received,Visa,5712.24,INR,2026-08-29,8,sports,same_day,True,True,True,both_match,443,0,4,False,True,"['shipping_confirmation', 'delivery_proof', 'tracking_url']",merchant_won
DSP-002711,10.4,Fraud - Card Absent,Visa,354.55,INR,2026-08-29,8,toys,standard,False,False,False,neither,30,0,6,False,False,"['avs_cvv', 'ip_match', 'delivery_proof', 'device_fingerprint']",merchant_won
DSP-004365,10.5,Fraud - Counterfeit,Visa,746.05,INR,2026-08-29,21,sports,express,False,False,False,avs_only,70,1,1,False,True,"['emv_chip_data', 'pin_verification']",merchant_lost
DSP-000536,4863,Cardholder Does Not Recognize,Mastercard,362.24,INR,2026-08-29,46,sports,pickup,False,False,True,both_match,12,0,0,True,False,"['billing_descriptor', 'customer_comms', 'ip_match']",merchant_won
DSP-003708,4853,Cardholder Dispute - Defective,Mastercard,982.94,INR,2026-08-29,96,fashion,standard,True,True,True,both_match,104,0,9,True,False,"['product_description', 'quality_cert', 'customer_comms']",merchant_won
DSP-001961,4860,Credit Not Processed (MC),Mastercard,6632.85,INR,2026-08-29,9,health,same_day,True,True,True,both_match,156,0,8,False,True,"['refund_receipt', 'refund_arn', 'policy_terms']",merchant_won
DSP-000879,4837,No Cardholder Authorization,Mastercard,6202.04,INR,2026-08-29,28,automotive,express,False,False,False,cvv_only,72,1,0,True,False,"['3ds_authentication', 'avs_cvv', 'ip_match']",merchant_lost
DSP-001413,13.1,Merchandise Not Received,Visa,1405.79,INR,2026-08-29,4,electronics,express,True,True,False,both_match,52,0,4,False,True,"['shipping_confirmation', 'delivery_proof', 'tracking_url']",merchant_won
DSP-001734,13.1,Merchandise Not Received,Visa,779.04,INR,2026-08-29,3,home,standard,True,True,True,both_match,142,0,7,False,True,"['shipping_confirmation', 'delivery_proof', 'tracking_url']",merchant_won
DSP-002935,4860,Credit Not Processed (MC),Mastercard,291.02,INR,2026-08-29,18,electronics,standard,True,True,True,both_match,125,0,7,True,True,"['refund_receipt', 'refund_arn', 'policy_terms']",merchant_won
DSP-004996,4837,No Cardholder Authorization,Mastercard,5771.9,INR,2026-08-29,7,home,pickup,False,False,True,neither,86,0,2,False,False,"['3ds_authentication', 'avs_cvv', 'ip_match']",merchant_won
DSP-000796,4853,Cardholder Dispute - Defective,Mastercard,1102.48,INR,2026-08-29,40,toys,pickup,False,False,True,avs_only,16,0,4,False,True,"['product_description', 'quality_cert', 'customer_comms']",merchant_lost
DSP-000242,4853,Cardholder Dispute - Defective,Mastercard,5021.32,INR,2026-08-29,8,health,same_day,True,True,True,both_match,383,0,11,True,True,"['product_description', 'quality_cert', 'customer_comms']",merchant_lost
DSP-001079,13.1,Merchandise Not Received,Visa,417.66,INR,2026-08-29,15,electronics,same_day,True,True,True,avs_only,352,0,10,True,False,"['shipping_confirmation', 'delivery_proof', 'tracking_url']",merchant_won
DSP-000681,4860,Credit Not Processed (MC),Mastercard,246.57,INR,2026-08-29,7,home,pickup,True,True,True,both_match,477,0,7,False,True,"['refund_receipt', 'refund_arn', 'policy_terms']",merchant_won
DSP-001797,4863,Cardholder Does Not Recognize,Mastercard,1247.46,INR,2026-08-29,10,home,same_day,True,True,True,neither,21,1,2,True,True,"['billing_descriptor', 'customer_comms', 'ip_match']",merchant_won
DSP-000970,13.1,Merchandise Not Received,Visa,459.85,INR,2026-08-29,2,beauty,express,True,True,True,both_match,392,0,2,True,True,"['shipping_confirmation', 'delivery_proof', 'tracking_url']",merchant_won
DSP-003875,4860,Credit Not Processed (MC),Mastercard,338.79,INR,2026-08-29,20,health,standard,False,False,True,both_match,502,0,1,True,True,"['refund_receipt', 'refund_arn', 'policy_terms']",merchant_won
DSP-001819,4860,Credit Not Processed (MC),Mastercard,1998.04,INR,2026-08-29,5,toys,pickup,True,True,True,both_match,55,0,6,True,True,"['refund_receipt', 'refund_arn', 'policy_terms']",merchant_won
DSP-003384,13.1,Merchandise Not Received,Visa,2214.73,INR,2026-08-29,2,books,express,True,True,True,both_match,132,0,4,True,False,"['shipping_confirmation', 'delivery_proof', 'tracking_url']",merchant_lost
DSP-003814,13.6,Credit Not Processed,Visa,1157.68,INR,2026-08-29,1,fashion,express,True,True,True,both_match,147,0,10,False,False,"['refund_receipt', 'refund_arn', 'policy_terms']",merchant_won
DSP-000201,10.4,Fraud - Card Absent,Visa,713.34,INR,2026-08-29,4,grocery,same_day,True,True,False,neither,93,1,2,False,False,"['avs_cvv', 'ip_match', 'delivery_proof', 'device_fingerprint']",merchant_won
DSP-000598,4860,Credit Not Processed (MC),Mastercard,1609.16,INR,2026-08-29,20,electronics,standard,True,True,True,both_match,431,0,8,True,True,"['refund_receipt', 'refund_arn', 'policy_terms']",merchant_won
DSP-002959,10.4,Fraud - Card Absent,Visa,4755.1,INR,2026-08-29,19,electronics,express,False,False,False,both_match,3,1,1,False,False,"['avs_cvv', 'ip_match', 'delivery_proof', 'device_fingerprint']",merchant_lost
DSP-003019,13.3,Not as Described,Visa,109.1,INR,2026-08-29,18,grocery,express,True,True,True,both_match,90,0,4,True,True,"['product_description', 'customer_comms', 'return_policy']",merchant_won
DSP-003180,10.4,Fraud - Card Absent,Visa,93.28,INR,2026-08-29,14,automotive,standard,False,False,False,avs_only,172,0,0,False,False,"['avs_cvv', 'ip_match', 'delivery_proof', 'device_fingerprint']",merchant_won
DSP-001105,13.1,Merchandise Not Received,Visa,5430.83,INR,2026-08-29,24,automotive,express,True,True,True,both_match,556,0,7,False,True,"['shipping_confirmation', 'delivery_proof', 'tracking_url']",merchant_won
DSP-000544,4853,Cardholder Dispute - Defective,Mastercard,989.83,INR,2026-08-29,3,fashion,pickup,True,True,True,both_match,140,0,7,True,True,"['product_description', 'quality_cert', 'customer_comms']",merchant_won
DSP-000448,4853,Cardholder Dispute - Defective,Mastercard,1518.36,INR,2026-08-29,3,books,standard,False,False,True,both_match,387,0,4,True,True,"['product_description', 'quality_cert', 'customer_comms']",merchant_won
DSP-002354,10.5,Fraud - Counterfeit,Visa,2186.91,INR,2026-08-29,29,beauty,pickup,True,True,False,neither,219,0,3,False,False,"['emv_chip_data', 'pin_verification']",merchant_lost
DSP-001752,13.1,Merchandise Not Received,Visa,7180.37,INR,2026-08-29,7,grocery,pickup,True,True,True,cvv_only,214,0,9,True,True,"['shipping_confirmation', 'delivery_proof', 'tracking_url']",merchant_won
DSP-000820,10.4,Fraud - Card Absent,Visa,404.08,INR,2026-08-29,14,books,standard,False,False,False,neither,67,0,1,False,False,"['avs_cvv', 'ip_match', 'delivery_proof', 'device_fingerprint']",merchant_won
DSP-001653,4837,No Cardholder Authorization,Mastercard,706.8,INR,2026-08-29,12,grocery,pickup,True,True,True,cvv_only,150,1,1,False,False,"['3ds_authentication', 'avs_cvv', 'ip_match']",merchant_lost
DSP-003460,10.4,Fraud - Card Absent,Visa,397.91,INR,2026-08-29,114,sports,same_day,False,False,False,avs_only,14,0,2,False,False,"['avs_cvv', 'ip_match', 'delivery_proof', 'device_fingerprint']",merchant_lost
DSP-002318,4853,Cardholder Dispute - Defective,Mastercard,365.12,INR,2026-08-29,24,grocery,express,True,True,True,both_match,115,1,9,False,True,"['product_description', 'quality_cert', 'customer_comms']",merchant_won
DSP-003685,4837,No Cardholder Authorization,Mastercard,3428.75,INR,2026-08-29,99,books,standard,True,False,False,cvv_only,99,1,2,False,False,"['3ds_authentication', 'avs_cvv', 'ip_match']",merchant_lost
DSP-004705,10.4,Fraud - Card Absent,Visa,1029.04,INR,2026-08-29,3,sports,standard,False,False,True,neither,67,0,4,True,False,"['avs_cvv', 'ip_match', 'delivery_proof', 'device_fingerprint']",merchant_lost
DSP-000358,13.1,Merchandise Not Received,Visa,2523.62,INR,2026-08-29,16,grocery,standard,True,True,False,both_match,60,0,8,True,True,"['shipping_confirmation', 'delivery_proof', 'tracking_url']",merchant_won
DSP-002896,4853,Cardholder Dispute - Defective,Mastercard,501.28,INR,2026-08-29,31,automotive,standard,True,True,True,both_match,44,0,8,False,True,"['product_description', 'quality_cert', 'customer_comms']",merchant_won
DSP-000284,4863,Cardholder Does Not Recognize,Mastercard,1460.45,INR,2026-08-29,39,fashion,pickup,False,False,False,neither,95,0,4,False,False,"['billing_descriptor', 'customer_comms', 'ip_match']",merchant_lost
DSP-000530,13.1,Merchandise Not Received,Visa,971.6,INR,2026-08-29,1,automotive,same_day,True,True,True,both_match,125,0,11,False,True,"['shipping_confirmation', 'delivery_proof', 'tracking_url']",merchant_won
DSP-001977,13.1,Merchandise Not Received,Visa,970.19,INR,2026-08-29,14,electronics,express,True,False,True,both_match,17,0,4,False,True,"['shipping_confirmation', 'delivery_proof', 'tracking_url']",merchant_won
DSP-002079,13.1,Merchandise Not Received,Visa,1783.81,INR,2026-08-29,6,electronics,same_day,True,True,True,both_match,39,0,6,True,True,"['shipping_confirmation', 'delivery_proof', 'tracking_url']",merchant_won
DSP-000355,13.6,Credit Not Processed,Visa,11124.35,INR,2026-08-29,9,electronics,standard,True,False,True,both_match,9,0,9,True,True,"['refund_receipt', 'refund_arn', 'policy_terms']",merchant_won
DSP-003937,4853,Cardholder Dispute - Defective,Mastercard,720.93,INR,2026-08-29,13,grocery,same_day,True,True,True,both_match,121,0,4,True,True,"['product_description', 'quality_cert', 'customer_comms']",merchant_won
DSP-003144,10.4,Fraud - Card Absent,Visa,1118.03,INR,2026-08-29,31,books,standard,False,False,False,neither,8,1,2,False,False,"['avs_cvv', 'ip_match', 'delivery_proof', 'device_fingerprint']",merchant_won
DSP-002311,4837,No Cardholder Authorization,Mastercard,462.79,INR,2026-08-29,46,fashion,same_day,False,False,False,neither,68,1,0,False,False,"['3ds_authentication', 'avs_cvv', 'ip_match']",merchant_lost
DSP-004433,13.1,Merchandise Not Received,Visa,1671.51,INR,2026-08-29,12,sports,pickup,True,False,True,avs_only,459,0,6,False,True,"['shipping_confirmation', 'delivery_proof', 'tracking_url']",merchant_won
DSP-002542,13.1,Merchandise Not Received,Visa,3082.59,INR,2026-08-29,8,sports,pickup,True,True,True,both_match,41,0,9,True,False,"['shipping_confirmation', 'delivery_proof', 'tracking_url']",merchant_won
DSP-003035,4860,Credit Not Processed (MC),Mastercard,368.34,INR,2026-08-29,14,electronics,same_day,True,False,True,both_match,81,0,6,False,True,"['refund_receipt', 'refund_arn', 'policy_terms']",merchant_won
DSP-001152,13.3,Not as Described,Visa,1061.76,INR,2026-08-29,45,electronics,same_day,True,True,True,both_match,758,0,3,False,True,"['product_description', 'customer_comms', 'return_policy']",merchant_won
DSP-003592,13.1,Merchandise Not Received,Visa,2722.45,INR,2026-08-29,0,home,same_day,True,True,True,avs_only,72,1,2,True,True,"['shipping_confirmation', 'delivery_proof', 'tracking_url']",merchant_won
DSP-000407,4855,Goods or Services Not Provided,Mastercard,651.31,INR,2026-08-29,20,beauty,standard,True,True,True,neither,347,0,5,False,True,"['shipping_confirmation', 'delivery_proof', 'signed_receipt']",merchant_won
DSP-004501,4855,Goods or Services Not Provided,Mastercard,835.42,INR,2026-08-29,1,fashion,pickup,True,False,True,both_match,75,0,6,False,True,"['shipping_confirmation', 'delivery_proof', 'signed_receipt']",merchant_lost
DSP-000590,4860,Credit Not Processed (MC),Mastercard,1617.89,INR,2026-08-29,41,automotive,pickup,True,True,True,cvv_only,238,0,7,True,True,"['refund_receipt', 'refund_arn', 'policy_terms']",merchant_won
DSP-000585,4853,Cardholder Dispute - Defective,Mastercard,2218.0,INR,2026-08-29,25,grocery,standard,True,True,True,cvv_only,6,0,6,False,False,"['product_description', 'quality_cert', 'customer_comms']",merchant_lost
DSP-000864,4855,Goods or Services Not Provided,Mastercard,1386.16,INR,2026-08-29,8,health,same_day,True,True,True,both_match,235,0,5,True,True,"['shipping_confirmation', 'delivery_proof', 'signed_receipt']",merchant_won
DSP-000311,4837,No Cardholder Authorization,Mastercard,627.56,INR,2026-08-29,47,automotive,same_day,False,False,True,neither,6,1,3,False,False,"['3ds_authentication', 'avs_cvv', 'ip_match']",merchant_lost
DSP-004195,13.1,Merchandise Not Received,Visa,5629.7,INR,2026-08-29,8,grocery,express,True,True,False,both_match,124,0,4,False,True,"['shipping_confirmation', 'delivery_proof', 'tracking_url']",merchant_won
DSP-004078,13.3,Not as Described,Visa,239.88,INR,2026-08-29,6,books,same_day,True,True,True,both_match,166,0,3,False,True,"['product_description', 'customer_comms', 'return_policy']",merchant_lost
DSP-000415,4853,Cardholder Dispute - Defective,Mastercard,210.15,INR,2026-08-29,0,health,same_day,True,True,True,both_match,7,0,4,False,True,"['product_description', 'quality_cert', 'customer_comms']",merchant_won
DSP-001984,13.6,Credit Not Processed,Visa,635.65,INR,2026-08-29,27,grocery,pickup,True,True,True,both_match,232,0,6,False,False,"['refund_receipt', 'refund_arn', 'policy_terms']",merchant_won
DSP-000441,13.1,Merchandise Not Received,Visa,1540.39,INR,2026-08-29,2,automotive,express,True,True,True,both_match,326,0,6,True,True,"['shipping_confirmation', 'delivery_proof', 'tracking_url']",merchant_lost
DSP-001442,4853,Cardholder Dispute - Defective,Mastercard,5088.23,INR,2026-08-29,20,automotive,express,True,True,True,both_match,46,1,7,False,True,"['product_description', 'quality_cert', 'customer_comms']",merchant_won
DSP-002572,13.1,Merchandise Not Received,Visa,1694.51,INR,2026-08-29,4,home,same_day,True,True,True,both_match,82,0,4,False,False,"['shipping_confirmation', 'delivery_proof', 'tracking_url']",merchant_won
DSP-004843,13.6,Credit Not Processed,Visa,3211.31,INR,2026-08-29,8,home,express,False,False,True,avs_only,18,0,4,True,True,"['refund_receipt', 'refund_arn', 'policy_terms']",merchant_won
DSP-001286,4860,Credit Not Processed (MC),Mastercard,414.07,INR,2026-08-29,2,grocery,standard,False,False,True,neither,284,0,5,True,True,"['refund_receipt', 'refund_arn', 'policy_terms']",merchant_won
DSP-004916,10.4,Fraud - Card Absent,Visa,832.04,INR,2026-08-29,25,books,same_day,False,False,False,both_match,113,0,1,False,False,"['avs_cvv', 'ip_match', 'delivery_proof', 'device_fingerprint']",merchant_won
DSP-000426,4863,Cardholder Does Not Recognize,Mastercard,5559.52,INR,2026-08-29,2,home,express,False,False,False,both_match,464,0,1,False,True,"['billing_descriptor', 'customer_comms', 'ip_match']",merchant_won
DSP-004029,10.4,Fraud - Card Absent,Visa,4084.01,INR,2026-08-29,27,electronics,express,False,False,True,neither,119,1,4,False,True,"['avs_cvv', 'ip_match', 'delivery_proof', 'device_fingerprint']",merchant_lost
DSP-001760,13.1,Merchandise Not Received,Visa,420.33,INR,2026-08-29,4,sports,same_day,True,True,True,avs_only,196,0,6,True,False,"['shipping_confirmation', 'delivery_proof', 'tracking_url']",merchant_lost
DSP-002093,13.1,Merchandise Not Received,Visa,1516.9,INR,2026-08-29,3,books,same_day,True,True,True,both_match,70,0,3,False,True,"['shipping_confirmation', 'delivery_proof', 'tracking_url']",merchant_won
DSP-002044,4860,Credit Not Processed (MC),Mastercard,286.58,INR,2026-08-29,0,beauty,standard,True,True,True,both_match,104,0,3,False,True,"['refund_receipt', 'refund_arn', 'policy_terms']",merchant_won
DSP-000678,10.4,Fraud - Card Absent,Visa,4430.38,INR,2026-08-29,27,fashion,pickup,True,True,False,both_match,236,0,1,False,True,"['avs_cvv', 'ip_match', 'delivery_proof', 'device_fingerprint']",merchant_won
DSP-001865,4855,Goods or Services Not Provided,Mastercard,941.35,INR,2026-08-29,2,books,express,True,True,True,both_match,241,0,7,True,True,"['shipping_confirmation', 'delivery_proof', 'signed_receipt']",merchant_won
DSP-001997,13.1,Merchandise Not Received,Visa,2363.39,INR,2026-08-29,47,fashion,standard,True,True,True,avs_only,77,1,4,False,True,"['shipping_confirmation', 'delivery_proof', 'tracking_url']",merchant_lost
DSP-002184,13.1,Merchandise Not Received,Visa,144.09,INR,2026-08-29,7,fashion,express,True,True,True,avs_only,101,0,1,True,False,"['shipping_confirmation', 'delivery_proof', 'tracking_url']",merchant_won
DSP-000159,4860,Credit Not Processed (MC),Mastercard,939.67,INR,2026-08-29,7,books,standard,True,False,True,both_match,45,0,7,False,True,"['refund_receipt', 'refund_arn', 'policy_terms']",merchant_won
DSP-004857,4855,Goods or Services Not Provided,Mastercard,11874.64,INR,2026-08-29,5,health,pickup,True,True,True,both_match,412,1,10,True,True,"['shipping_confirmation', 'delivery_proof', 'signed_receipt']",merchant_won
DSP-000793,4855,Goods or Services Not Provided,Mastercard,847.27,INR,2026-08-29,23,electronics,standard,True,False,True,both_match,30,0,10,False,True,"['shipping_confirmation', 'delivery_proof', 'signed_receipt']",merchant_won
DSP-001387,13.3,Not as Described,Visa,895.43,INR,2026-08-29,4,sports,same_day,True,True,True,both_match,90,0,7,True,True,"['product_description', 'customer_comms', 'return_policy']",merchant_won
DSP-003867,13.3,Not as Described,Visa,993.81,INR,2026-08-29,4,books,standard,True,False,True,both_match,39,0,2,True,False,"['product_description', 'customer_comms', 'return_policy']",merchant_won
DSP-004671,4855,Goods or Services Not Provided,Mastercard,4033.42,INR,2026-08-29,4,home,pickup,True,True,True,cvv_only,236,0,6,True,True,"['shipping_confirmation', 'delivery_proof', 'signed_receipt']",merchant_won
DSP-000488,13.3,Not as Described,Visa,451.52,INR,2026-08-29,2,fashion,standard,False,False,True,both_match,3,0,5,True,True,"['product_description', 'customer_comms', 'return_policy']",merchant_won
DSP-003552,4855,Goods or Services Not Provided,Mastercard,1011.49,INR,2026-08-29,23,toys,express,True,True,True,both_match,125,0,3,True,True,"['shipping_confirmation', 'delivery_proof', 'signed_receipt']",merchant_won
DSP-000187,13.3,Not as Described,Visa,5256.42,INR,2026-08-29,3,electronics,same_day,False,False,False,cvv_only,136,0,8,False,True,"['product_description', 'customer_comms', 'return_policy']",merchant_won
DSP-000692,4863,Cardholder Does Not Recognize,Mastercard,2688.75,INR,2026-08-29,7,toys,express,False,False,False,neither,60,0,0,False,False,"['billing_descriptor', 'customer_comms', 'ip_match']",merchant_lost
DSP-004395,4860,Credit Not Processed (MC),Mastercard,916.88,INR,2026-08-29,1,beauty,same_day,True,True,True,both_match,35,1,3,False,False,"['refund_receipt', 'refund_arn', 'policy_terms']",merchant_won
DSP-003771,13.3,Not as Described,Visa,157.85,INR,2026-08-29,5,electronics,standard,True,False,True,both_match,24,2,5,True,True,"['product_description', 'customer_comms', 'return_policy']",merchant_lost
DSP-001741,13.1,Merchandise Not Received,Visa,603.21,INR,2026-08-29,0,fashion,pickup,True,True,True,both_match,632,0,9,False,True,"['shipping_confirmation', 'delivery_proof', 'tracking_url']",merchant_won
DSP-001368,13.6,Credit Not Processed,Visa,182.13,INR,2026-08-29,15,fashion,same_day,True,True,True,avs_only,56,0,8,False,True,"['refund_receipt', 'refund_arn', 'policy_terms']",merchant_won
DSP-003834,4863,Cardholder Does Not Recognize,Mastercard,421.56,INR,2026-08-29,29,books,standard,False,False,True,cvv_only,4,0,1,False,True,"['billing_descriptor', 'customer_comms', 'ip_match']",merchant_lost
DSP-002547,10.4,Fraud - Card Absent,Visa,455.39,INR,2026-08-29,83,fashion,standard,False,False,True,neither,76,0,1,False,True,"['avs_cvv', 'ip_match', 'delivery_proof', 'device_fingerprint']",merchant_lost
DSP-001452,10.4,Fraud - Card Absent,Visa,213.66,INR,2026-08-29,20,books,pickup,False,False,False,neither,62,0,3,False,False,"['avs_cvv', 'ip_match', 'delivery_proof', 'device_fingerprint']",merchant_lost
DSP-004322,13.1,Merchandise Not Received,Visa,1203.14,INR,2026-08-29,12,fashion,pickup,True,True,True,cvv_only,417,0,7,True,True,"['shipping_confirmation', 'delivery_proof', 'tracking_url']",merchant_won
DSP-002472,4863,Cardholder Does Not Recognize,Mastercard,3509.99,INR,2026-08-29,14,fashion,same_day,False,False,False,both_match,78,0,2,False,False,"['billing_descriptor', 'customer_comms', 'ip_match']",merchant_lost
DSP-003188,13.6,Credit Not Processed,Visa,589.09,INR,2026-08-29,24,toys,standard,True,True,True,both_match,41,1,4,True,True,"['refund_receipt', 'refund_arn', 'policy_terms']",merchant_won
DSP-004893,10.4,Fraud - Card Absent,Visa,3294.38,INR,2026-08-29,4,health,pickup,False,False,False,both_match,14,1,3,False,False,"['avs_cvv', 'ip_match', 'delivery_proof', 'device_fingerprint']",merchant_lost
DSP-000719,4853,Cardholder Dispute - Defective,Mastercard,519.94,INR,2026-08-29,19,electronics,pickup,True,False,True,both_match,411,0,10,True,False,"['product_description', 'quality_cert', 'customer_comms']",merchant_lost
DSP-003676,4853,Cardholder Dispute - Defective,Mastercard,628.1,INR,2026-08-29,19,beauty,standard,True,False,True,both_match,343,0,6,False,True,"['product_description', 'quality_cert', 'customer_comms']",merchant_won
DSP-001060,10.4,Fraud - Card Absent,Visa,2195.99,INR,2026-08-29,3,home,express,True,False,False,avs_only,109,2,1,False,True,"['avs_cvv', 'ip_match', 'delivery_proof', 'device_fingerprint']",merchant_lost
DSP-001358,4863,Cardholder Does Not Recognize,Mastercard,7239.72,INR,2026-08-29,6,automotive,express,False,False,False,neither,38,1,2,False,True,"['billing_descriptor', 'customer_comms', 'ip_match']",merchant_won
DSP-001983,4837,No Cardholder Authorization,Mastercard,2071.05,INR,2026-08-29,1,home,pickup,False,False,False,neither,98,0,2,False,False,"['3ds_authentication', 'avs_cvv', 'ip_match']",merchant_lost
DSP-004729,4837,No Cardholder Authorization,Mastercard,1770.03,INR,2026-08-29,5,electronics,express,True,False,True,neither,48,3,3,False,False,"['3ds_authentication', 'avs_cvv', 'ip_match']",merchant_lost
DSP-000533,10.4,Fraud - Card Absent,Visa,474.53,INR,2026-08-29,11,books,pickup,False,False,False,neither,41,1,3,False,True,"['avs_cvv', 'ip_match', 'delivery_proof', 'device_fingerprint']",merchant_lost
DSP-002263,10.4,Fraud - Card Absent,Visa,1372.93,INR,2026-08-29,52,grocery,same_day,True,True,True,neither,2,1,2,False,True,"['avs_cvv', 'ip_match', 'delivery_proof', 'device_fingerprint']",merchant_lost
DSP-002171,13.3,Not as Described,Visa,5351.08,INR,2026-08-29,11,beauty,standard,True,True,True,both_match,23,0,8,True,False,"['product_description', 'customer_comms', 'return_policy']",merchant_won
DSP-002616,10.5,Fraud - Counterfeit,Visa,514.69,INR,2026-08-29,9,electronics,express,True,False,False,avs_only,46,0,1,False,False,"['emv_chip_data', 'pin_verification']",merchant_won
DSP-004869,4853,Cardholder Dispute - Defective,Mastercard,13838.03,INR,2026-08-29,8,beauty,standard,True,True,True,neither,32,0,4,False,True,"['product_description', 'quality_cert', 'customer_comms']",merchant_won
DSP-004263,4860,Credit Not Processed (MC),Mastercard,988.04,INR,2026-08-29,15,beauty,standard,True,False,False,cvv_only,770,0,4,False,False,"['refund_receipt', 'refund_arn', 'policy_terms']",merchant_lost
DSP-003514,10.4,Fraud - Card Absent,Visa,402.54,INR,2026-08-29,44,health,same_day,True,True,True,avs_only,128,2,1,False,False,"['avs_cvv', 'ip_match', 'delivery_proof', 'device_fingerprint']",merchant_won
DSP-004380,13.3,Not as Described,Visa,685.39,INR,2026-08-29,14,beauty,same_day,True,False,True,avs_only,139,0,2,True,True,"['product_description', 'customer_comms', 'return_policy']",merchant_won
DSP-002982,4863,Cardholder Does Not Recognize,Mastercard,24741.15,INR,2026-08-29,0,grocery,pickup,False,False,True,neither,148,1,1,True,False,"['billing_descriptor', 'customer_comms', 'ip_match']",merchant_lost
DSP-002579,13.6,Credit Not Processed,Visa,13808.72,INR,2026-08-29,7,fashion,express,True,False,True,both_match,68,0,5,False,True,"['refund_receipt', 'refund_arn', 'policy_terms']",merchant_won
DSP-000572,13.3,Not as Described,Visa,826.14,INR,2026-08-29,27,beauty,pickup,False,False,True,both_match,380,0,6,True,True,"['product_description', 'customer_comms', 'return_policy']",merchant_lost
DSP-003151,13.1,Merchandise Not Received,Visa,287.65,INR,2026-08-29,20,automotive,express,True,False,True,both_match,9,0,8,True,True,"['shipping_confirmation', 'delivery_proof', 'tracking_url']",merchant_lost
DSP-004222,13.1,Merchandise Not Received,Visa,342.21,INR,2026-08-29,21,electronics,standard,True,True,True,both_match,462,0,8,False,True,"['shipping_confirmation', 'delivery_proof', 'tracking_url']",merchant_won
DSP-002668,13.3,Not as Described,Visa,494.83,INR,2026-08-29,2,sports,standard,True,True,True,avs_only,161,0,7,True,True,"['product_description', 'customer_comms', 'return_policy']",merchant_won
DSP-002893,4855,Goods or Services Not Provided,Mastercard,42.25,INR,2026-08-29,3,electronics,standard,True,True,True,both_match,33,1,5,True,False,"['shipping_confirmation', 'delivery_proof', 'signed_receipt']",merchant_won
DSP-002683,10.5,Fraud - Counterfeit,Visa,1331.9,INR,2026-08-29,1,health,same_day,True,True,True,neither,5,1,3,False,False,"['emv_chip_data', 'pin_verification']",merchant_won
DSP-001219,13.6,Credit Not Processed,Visa,2286.98,INR,2026-08-29,6,electronics,standard,True,True,True,cvv_only,558,0,5,True,True,"['refund_receipt', 'refund_arn', 'policy_terms']",merchant_won
DSP-004691,10.4,Fraud - Card Absent,Visa,727.27,INR,2026-08-29,42,beauty,pickup,False,False,True,both_match,352,2,2,False,False,"['avs_cvv', 'ip_match', 'delivery_proof', 'device_fingerprint']",merchant_lost
DSP-000041,4853,Cardholder Dispute - Defective,Mastercard,949.84,INR,2026-08-29,7,fashion,same_day,False,False,True,avs_only,93,0,5,False,False,"['product_description', 'quality_cert', 'customer_comms']",merchant_lost
DSP-001009,4853,Cardholder Dispute - Defective,Mastercard,867.07,INR,2026-08-29,61,health,standard,True,True,True,avs_only,491,0,5,False,True,"['product_description', 'quality_cert', 'customer_comms']",merchant_won
DSP-004384,4863,Cardholder Does Not Recognize,Mastercard,503.06,INR,2026-08-29,5,automotive,standard,False,False,False,neither,110,0,1,False,False,"['billing_descriptor', 'customer_comms', 'ip_match']",merchant_lost
DSP-002558,4853,Cardholder Dispute - Defective,Mastercard,1718.8,INR,2026-08-29,13,beauty,standard,False,False,False,cvv_only,96,0,7,False,False,"['product_description', 'quality_cert', 'customer_comms']",merchant_won
DSP-004928,4853,Cardholder Dispute - Defective,Mastercard,2711.84,INR,2026-08-29,45,sports,express,False,False,True,both_match,36,0,6,True,True,"['product_description', 'quality_cert', 'customer_comms']",merchant_won
DSP-002768,4837,No Cardholder Authorization,Mastercard,152.69,INR,2026-08-29,8,electronics,standard,True,True,False,both_match,8,1,3,False,False,"['3ds_authentication', 'avs_cvv', 'ip_match']",merchant_won
DSP-000924,4853,Cardholder Dispute - Defective,Mastercard,288.6,INR,2026-08-29,6,home,same_day,False,False,True,avs_only,507,0,4,False,True,"['product_description', 'quality_cert', 'customer_comms']",merchant_lost
DSP-000249,4855,Goods or Services Not Provided,Mastercard,1563.97,INR,2026-08-29,13,automotive,same_day,True,True,True,both_match,33,0,10,True,True,"['shipping_confirmation', 'delivery_proof', 'signed_receipt']",merchant_won
DSP-004240,10.4,Fraud - Card Absent,Visa,2098.63,INR,2026-08-29,9,toys,pickup,False,False,True,both_match,107,0,2,False,True,"['avs_cvv', 'ip_match', 'delivery_proof', 'device_fingerprint']",merchant_won
DSP-003031,13.6,Credit Not Processed,Visa,4539.82,INR,2026-08-29,12,sports,standard,True,True,True,cvv_only,403,0,7,True,True,"['refund_receipt', 'refund_arn', 'policy_terms']",merchant_lost
DSP-000151,13.1,Merchandise Not Received,Visa,1388.17,INR,2026-08-29,16,books,same_day,True,True,True,both_match,46,1,7,True,True,"['shipping_confirmation', 'delivery_proof', 'tracking_url']",merchant_won
DSP-000780,10.4,Fraud - Card Absent,Visa,10371.25,INR,2026-08-29,15,health,pickup,False,False,True,neither,18,0,3,False,False,"['avs_cvv', 'ip_match', 'delivery_proof', 'device_fingerprint']",merchant_lost
DSP-001826,13.1,Merchandise Not Received,Visa,837.05,INR,2026-08-29,58,electronics,same_day,True,True,True,neither,439,0,6,True,False,"['shipping_confirmation', 'delivery_proof', 'tracking_url']",merchant_won
DSP-004193,10.4,Fraud - Card Absent,Visa,186.73,INR,2026-08-29,7,electronics,same_day,True,False,True,neither,83,1,2,True,False,"['avs_cvv', 'ip_match', 'delivery_proof', 'device_fingerprint']",merchant_lost
DSP-003976,4863,Cardholder Does Not Recognize,Mastercard,5906.4,INR,2026-08-29,12,fashion,express,False,False,False,both_match,27,2,2,False,False,"['billing_descriptor', 'customer_comms', 'ip_match']",merchant_won
DSP-000078,4853,Cardholder Dispute - Defective,Mastercard,273.81,INR,2026-08-29,8,home,pickup,True,True,True,both_match,145,0,8,False,True,"['product_description', 'quality_cert', 'customer_comms']",merchant_won
DSP-003619,4853,Cardholder Dispute - Defective,Mastercard,275.83,INR,2026-08-29,46,electronics,same_day,True,True,True,both_match,287,0,7,True,True,"['product_description', 'quality_cert', 'customer_comms']",merchant_won
DSP-003307,13.1,Merchandise Not Received,Visa,260.67,INR,2026-08-29,5,health,pickup,True,True,False,cvv_only,231,1,5,False,True,"['shipping_confirmation', 'delivery_proof', 'tracking_url']",merchant_won
DSP-004203,4855,Goods or Services Not Provided,Mastercard,921.25,INR,2026-08-29,21,electronics,same_day,True,True,True,both_match,489,1,6,True,True,"['shipping_confirmation', 'delivery_proof', 'signed_receipt']",merchant_won
DSP-004236,10.4,Fraud - Card Absent,Visa,20769.23,INR,2026-08-29,32,toys,same_day,False,False,False,neither,20,1,1,True,False,"['avs_cvv', 'ip_match', 'delivery_proof', 'device_fingerprint']",merchant_lost
DSP-000800,4837,No Cardholder Authorization,Mastercard,447.82,INR,2026-08-29,19,books,pickup,False,False,False,neither,56,0,2,True,True,"['3ds_authentication', 'avs_cvv', 'ip_match']",merchant_lost
DSP-000473,4860,Credit Not Processed (MC),Mastercard,300.68,INR,2026-08-29,21,electronics,standard,True,True,False,both_match,655,0,8,True,True,"['refund_receipt', 'refund_arn', 'policy_terms']",merchant_won
DSP-002871,4855,Goods or Services Not Provided,Mastercard,1298.38,INR,2026-08-29,27,electronics,express,True,False,True,both_match,6,0,9,False,True,"['shipping_confirmation', 'delivery_proof', 'signed_receipt']",merchant_won
DSP-000607,4855,Goods or Services Not Provided,Mastercard,9691.11,INR,2026-08-29,23,sports,express,True,True,True,both_match,1194,0,7,False,True,"['shipping_confirmation', 'delivery_proof', 'signed_receipt']",merchant_won
DSP-001687,4853,Cardholder Dispute - Defective,Mastercard,10120.1,INR,2026-08-29,2,toys,express,False,False,True,avs_only,369,0,6,True,True,"['product_description', 'quality_cert', 'customer_comms']",merchant_lost
DSP-002626,13.3,Not as Described,Visa,3028.68,INR,2026-08-29,31,toys,standard,True,True,True,both_match,848,0,11,True,True,"['product_description', 'customer_comms', 'return_policy']",merchant_won
DSP-002583,13.1,Merchandise Not Received,Visa,876.34,INR,2026-08-29,8,home,pickup,True,True,True,both_match,2,0,5,True,True,"['shipping_confirmation', 'delivery_proof', 'tracking_url']",merchant_won
DSP-001093,13.1,Merchandise Not Received,Visa,1374.34,INR,2026-08-29,18,sports,standard,True,True,True,both_match,54,0,2,False,True,"['shipping_confirmation', 'delivery_proof', 'tracking_url']",merchant_won
DSP-001088,4855,Goods or Services Not Provided,Mastercard,675.75,INR,2026-08-29,22,toys,same_day,True,True,True,both_match,44,0,4,False,True,"['shipping_confirmation', 'delivery_proof', 'signed_receipt']",merchant_won
DSP-004190,10.4,Fraud - Card Absent,Visa,271.86,INR,2026-08-29,14,beauty,pickup,False,False,True,both_match,29,0,1,False,False,"['avs_cvv', 'ip_match', 'delivery_proof', 'device_fingerprint']",merchant_lost
DSP-001043,10.4,Fraud - Card Absent,Visa,20380.68,INR,2026-08-29,8,health,pickup,True,True,False,neither,225,0,3,False,False,"['avs_cvv', 'ip_match', 'delivery_proof', 'device_fingerprint']",merchant_won
DSP-004783,4863,Cardholder Does Not Recognize,Mastercard,4724.42,INR,2026-08-29,55,electronics,express,False,False,False,neither,94,3,1,False,True,"['billing_descriptor', 'customer_comms', 'ip_match']",merchant_lost
DSP-000518,13.1,Merchandise Not Received,Visa,1012.67,INR,2026-08-29,11,sports,express,True,True,True,both_match,117,0,7,True,True,"['shipping_confirmation', 'delivery_proof', 'tracking_url']",merchant_won
DSP-000392,13.3,Not as Described,Visa,969.11,INR,2026-08-29,11,toys,standard,True,True,True,both_match,944,1,4,False,False,"['product_description', 'customer_comms', 'return_policy']",merchant_won
DSP-004309,4860,Credit Not Processed (MC),Mastercard,1063.56,INR,2026-08-29,5,books,same_day,True,True,True,both_match,97,0,8,False,True,"['refund_receipt', 'refund_arn', 'policy_terms']",merchant_won
DSP-003146,4860,Credit Not Processed (MC),Mastercard,163.28,INR,2026-08-29,30,home,express,True,True,True,both_match,535,0,8,False,False,"['refund_receipt', 'refund_arn', 'policy_terms']",merchant_won
DSP-000649,4837,No Cardholder Authorization,Mastercard,120.28,INR,2026-08-29,18,toys,same_day,True,True,True,neither,83,0,0,True,False,"['3ds_authentication', 'avs_cvv', 'ip_match']",merchant_lost
DSP-000629,4837,No Cardholder Authorization,Mastercard,3094.05,INR,2026-08-29,23,books,standard,True,True,True,cvv_only,138,0,2,False,False,"['3ds_authentication', 'avs_cvv', 'ip_match']",merchant_lost
DSP-000338,10.4,Fraud - Card Absent,Visa,509.65,INR,2026-08-29,13,electronics,standard,True,True,False,cvv_only,56,2,2,False,True,"['avs_cvv', 'ip_match', 'delivery_proof', 'device_fingerprint']",merchant_won
DSP-004756,4855,Goods or Services Not Provided,Mastercard,1464.07,INR,2026-08-29,1,electronics,standard,True,True,True,both_match,89,0,3,True,False,"['shipping_confirmation', 'delivery_proof', 'signed_receipt']",merchant_won
DSP-004312,4837,No Cardholder Authorization,Mastercard,4768.33,INR,2026-08-29,9,sports,standard,False,False,True,cvv_only,219,1,1,True,False,"['3ds_authentication', 'avs_cvv', 'ip_match']",merchant_lost
DSP-004754,10.4,Fraud - Card Absent,Visa,896.67,INR,2026-08-29,18,sports,express,False,False,False,neither,29,0,1,False,False,"['avs_cvv', 'ip_match', 'delivery_proof', 'device_fingerprint']",merchant_lost
DSP-004463,10.5,Fraud - Counterfeit,Visa,1757.56,INR,2026-08-29,21,electronics,same_day,False,False,False,both_match,76,1,4,False,False,"['emv_chip_data', 'pin_verification']",merchant_lost
DSP-001590,4855,Goods or Services Not Provided,Mastercard,2786.91,INR,2026-08-29,30,electronics,standard,True,False,True,both_match,428,0,5,False,False,"['shipping_confirmation', 'delivery_proof', 'signed_receipt']",merchant_lost
DSP-000668,4837,No Cardholder Authorization,Mastercard,7087.58,INR,2026-08-29,3,automotive,express,False,False,False,cvv_only,53,0,1,False,False,"['3ds_authentication', 'avs_cvv', 'ip_match']",merchant_lost
DSP-002659,4837,No Cardholder Authorization,Mastercard,586.26,INR,2026-08-29,16,books,same_day,True,True,False,neither,51,0,1,False,True,"['3ds_authentication', 'avs_cvv', 'ip_match']",merchant_lost
DSP-004373,4837,No Cardholder Authorization,Mastercard,1823.21,INR,2026-08-29,64,home,same_day,False,False,True,neither,131,1,2,True,False,"['3ds_authentication', 'avs_cvv', 'ip_match']",merchant_lost
DSP-002006,4853,Cardholder Dispute - Defective,Mastercard,104.27,INR,2026-08-29,15,sports,pickup,True,True,True,cvv_only,85,0,3,False,False,"['product_description', 'quality_cert', 'customer_comms']",merchant_won
DSP-001650,4837,No Cardholder Authorization,Mastercard,3244.99,INR,2026-08-29,33,beauty,same_day,False,False,False,avs_only,81,1,1,False,True,"['3ds_authentication', 'avs_cvv', 'ip_match']",merchant_lost
DSP-001073,13.3,Not as Described,Visa,843.86,INR,2026-08-29,33,automotive,standard,True,True,True,both_match,297,0,3,True,True,"['product_description', 'customer_comms', 'return_policy']",merchant_won
DSP-003071,4863,Cardholder Does Not Recognize,Mastercard,7600.89,INR,2026-08-29,11,automotive,express,False,False,True,neither,0,2,3,False,True,"['billing_descriptor', 'customer_comms', 'ip_match']",merchant_lost
DSP-003750,13.6,Credit Not Processed,Visa,1178.56,INR,2026-08-29,41,fashion,standard,True,False,True,both_match,16,0,6,False,True,"['refund_receipt', 'refund_arn', 'policy_terms']",merchant_lost
DSP-003778,10.4,Fraud - Card Absent,Visa,1230.8,INR,2026-08-29,63,sports,pickup,False,False,True,neither,118,1,2,True,False,"['avs_cvv', 'ip_match', 'delivery_proof', 'device_fingerprint']",merchant_lost
DSP-003095,10.4,Fraud - Card Absent,Visa,9437.32,INR,2026-08-29,63,fashion,same_day,False,False,False,neither,33,1,6,False,False,"['avs_cvv', 'ip_match', 'delivery_proof', 'device_fingerprint']",merchant_lost
DSP-000011,4837,No Cardholder Authorization,Mastercard,1484.15,INR,2026-08-29,25,beauty,same_day,True,True,False,cvv_only,123,1,3,True,False,"['3ds_authentication', 'avs_cvv', 'ip_match']",merchant_won
DSP-000378,4837,No Cardholder Authorization,Mastercard,7459.08,INR,2026-08-29,8,grocery,express,False,False,True,both_match,79,0,2,False,False,"['3ds_authentication', 'avs_cvv', 'ip_match']",merchant_won
DSP-002861,4860,Credit Not Processed (MC),Mastercard,6261.16,INR,2026-08-29,20,beauty,pickup,True,True,True,both_match,4,0,11,True,True,"['refund_receipt', 'refund_arn', 'policy_terms']",merchant_won
DSP-004661,10.5,Fraud - Counterfeit,Visa,910.73,INR,2026-08-29,9,fashion,express,False,False,False,neither,27,0,0,False,True,"['emv_chip_data', 'pin_verification']",merchant_lost
DSP-003091,13.1,Merchandise Not Received,Visa,4111.59,INR,2026-08-29,14,books,express,True,False,True,cvv_only,183,0,8,False,True,"['shipping_confirmation', 'delivery_proof', 'tracking_url']",merchant_lost
DSP-000476,10.4,Fraud - Card Absent,Visa,4877.23,INR,2026-08-29,40,beauty,pickup,True,True,False,both_match,93,0,2,False,False,"['avs_cvv', 'ip_match', 'delivery_proof', 'device_fingerprint']",merchant_won
DSP-004324,13.1,Merchandise Not Received,Visa,226.18,INR,2026-08-29,10,electronics,express,True,True,True,avs_only,27,0,4,False,True,"['shipping_confirmation', 'delivery_proof', 'tracking_url']",merchant_won
DSP-000786,10.4,Fraud - Card Absent,Visa,4631.02,INR,2026-08-29,38,toys,express,True,False,False,neither,110,1,2,False,False,"['avs_cvv', 'ip_match', 'delivery_proof', 'device_fingerprint']",merchant_lost
DSP-004806,4837,No Cardholder Authorization,Mastercard,2444.53,INR,2026-08-29,28,books,same_day,False,False,False,avs_only,231,0,4,False,False,"['3ds_authentication', 'avs_cvv', 'ip_match']",merchant_won
DSP-004891,13.1,Merchandise Not Received,Visa,143.05,INR,2026-08-29,46,books,same_day,True,True,True,both_match,2,0,6,False,True,"['shipping_confirmation', 'delivery_proof', 'tracking_url']",merchant_won
DSP-003332,4855,Goods or Services Not Provided,Mastercard,508.15,INR,2026-08-29,13,grocery,same_day,True,True,True,both_match,493,0,8,True,True,"['shipping_confirmation', 'delivery_proof', 'signed_receipt']",merchant_won
DSP-004108,13.3,Not as Described,Visa,574.93,INR,2026-08-29,24,fashion,express,True,True,True,both_match,33,0,11,True,True,"['product_description', 'customer_comms', 'return_policy']",merchant_won
DSP-003854,4855,Goods or Services Not Provided,Mastercard,622.26,INR,2026-08-29,15,fashion,express,True,True,True,both_match,5,0,9,False,True,"['shipping_confirmation', 'delivery_proof', 'signed_receipt']",merchant_won
DSP-000853,4855,Goods or Services Not Provided,Mastercard,643.97,INR,2026-08-29,26,grocery,standard,True,False,True,both_match,186,0,5,False,True,"['shipping_confirmation', 'delivery_proof', 'signed_receipt']",merchant_won
DSP-000831,4860,Credit Not Processed (MC),Mastercard,1268.65,INR,2026-08-29,0,automotive,standard,True,True,True,avs_only,52,0,6,True,True,"['refund_receipt', 'refund_arn', 'policy_terms']",merchant_won
DSP-003981,4860,Credit Not Processed (MC),Mastercard,212.35,INR,2026-08-29,12,beauty,standard,True,True,True,both_match,472,0,2,False,True,"['refund_receipt', 'refund_arn', 'policy_terms']",merchant_won
DSP-001270,10.5,Fraud - Counterfeit,Visa,20824.78,INR,2026-08-29,12,electronics,express,True,True,True,neither,44,2,4,True,False,"['emv_chip_data', 'pin_verification']",merchant_lost
DSP-004969,4853,Cardholder Dispute - Defective,Mastercard,141.73,INR,2026-08-29,7,beauty,express,True,True,True,avs_only,284,0,13,True,True,"['product_description', 'quality_cert', 'customer_comms']",merchant_won
DSP-000170,4855,Goods or Services Not Provided,Mastercard,2910.59,INR,2026-08-29,22,beauty,pickup,True,True,True,both_match,385,0,5,False,True,"['shipping_confirmation', 'delivery_proof', 'signed_receipt']",merchant_won
DSP-001157,4837,No Cardholder Authorization,Mastercard,1798.84,INR,2026-08-29,14,sports,pickup,True,True,False,neither,118,1,1,False,False,"['3ds_authentication', 'avs_cvv', 'ip_match']",merchant_lost
DSP-001514,13.1,Merchandise Not Received,Visa,198.99,INR,2026-08-29,7,automotive,same_day,True,True,True,avs_only,4,0,6,True,False,"['shipping_confirmation', 'delivery_proof', 'tracking_url']",merchant_won
DSP-004879,13.1,Merchandise Not Received,Visa,699.55,INR,2026-08-29,20,home,express,True,False,True,both_match,42,0,6,True,True,"['shipping_confirmation', 'delivery_proof', 'tracking_url']",merchant_lost
DSP-001633,13.1,Merchandise Not Received,Visa,1204.24,INR,2026-08-29,3,fashion,standard,True,True,True,both_match,978,0,6,False,True,"['shipping_confirmation', 'delivery_proof', 'tracking_url']",merchant_won
DSP-002940,4863,Cardholder Does Not Recognize,Mastercard,4221.32,INR,2026-08-29,3,automotive,pickup,False,False,False,neither,18,0,2,False,True,"['billing_descriptor', 'customer_comms', 'ip_match']",merchant_lost
DSP-003220,13.1,Merchandise Not Received,Visa,175.69,INR,2026-08-29,5,fashion,standard,True,True,True,both_match,52,0,3,True,False,"['shipping_confirmation', 'delivery_proof', 'tracking_url']",merchant_won
DSP-003239,4860,Credit Not Processed (MC),Mastercard,169.37,INR,2026-08-29,2,automotive,pickup,True,True,True,both_match,351,0,6,True,True,"['refund_receipt', 'refund_arn', 'policy_terms']",merchant_won
DSP-003979,10.5,Fraud - Counterfeit,Visa,364.28,INR,2026-08-29,30,toys,pickup,True,False,True,neither,38,0,2,True,True,"['emv_chip_data', 'pin_verification']",merchant_lost
DSP-003859,10.4,Fraud - Card Absent,Visa,339.92,INR,2026-08-29,12,home,same_day,False,False,False,both_match,48,0,1,True,True,"['avs_cvv', 'ip_match', 'delivery_proof', 'device_fingerprint']",merchant_lost
DSP-004771,4863,Cardholder Does Not Recognize,Mastercard,4573.56,INR,2026-08-29,19,electronics,same_day,False,False,True,neither,2,0,4,True,False,"['billing_descriptor', 'customer_comms', 'ip_match']",merchant_won
DSP-003082,4837,No Cardholder Authorization,Mastercard,7398.13,INR,2026-08-29,5,toys,pickup,True,True,False,neither,14,0,2,True,False,"['3ds_authentication', 'avs_cvv', 'ip_match']",merchant_lost
DSP-000216,13.1,Merchandise Not Received,Visa,3341.56,INR,2026-08-29,22,books,express,True,True,True,avs_only,191,0,7,True,True,"['shipping_confirmation', 'delivery_proof', 'tracking_url']",merchant_won
DSP-004230,13.6,Credit Not Processed,Visa,529.44,INR,2026-08-29,5,electronics,pickup,True,True,True,both_match,17,0,3,False,True,"['refund_receipt', 'refund_arn', 'policy_terms']",merchant_won
DSP-002598,10.4,Fraud - Card Absent,Visa,5541.16,INR,2026-08-29,29,grocery,standard,False,False,True,neither,39,0,2,False,True,"['avs_cvv', 'ip_match', 'delivery_proof', 'device_fingerprint']",merchant_lost
DSP-003309,10.5,Fraud - Counterfeit,Visa,678.58,INR,2026-08-29,30,beauty,standard,True,True,True,avs_only,5,0,4,False,False,"['emv_chip_data', 'pin_verification']",merchant_won
DSP-004272,10.5,Fraud - Counterfeit,Visa,3189.58,INR,2026-08-29,0,grocery,pickup,False,False,False,neither,149,1,5,False,False,"['emv_chip_data', 'pin_verification']",merchant_lost
DSP-004976,13.1,Merchandise Not Received,Visa,7665.95,INR,2026-08-29,30,toys,pickup,True,True,True,both_match,134,0,7,False,False,"['shipping_confirmation', 'delivery_proof', 'tracking_url']",merchant_lost
DSP-003524,13.1,Merchandise Not Received,Visa,684.14,INR,2026-08-29,2,electronics,pickup,True,True,True,both_match,27,0,7,True,True,"['shipping_confirmation', 'delivery_proof', 'tracking_url']",merchant_won
DSP-003139,13.1,Merchandise Not Received,Visa,1903.44,INR,2026-08-29,47,home,pickup,True,True,True,avs_only,102,0,8,False,False,"['shipping_confirmation', 'delivery_proof', 'tracking_url']",merchant_lost
DSP-004374,13.6,Credit Not Processed,Visa,13657.67,INR,2026-08-29,7,electronics,same_day,True,True,True,both_match,66,0,7,True,True,"['refund_receipt', 'refund_arn', 'policy_terms']",merchant_won
DSP-004340,13.1,Merchandise Not Received,Visa,7243.01,INR,2026-08-29,59,fashion,same_day,True,True,True,avs_only,22,0,6,False,True,"['shipping_confirmation', 'delivery_proof', 'tracking_url']",merchant_won
DSP-002032,10.5,Fraud - Counterfeit,Visa,465.01,INR,2026-08-29,57,toys,pickup,True,True,True,avs_only,17,2,2,False,True,"['emv_chip_data', 'pin_verification']",merchant_won
DSP-000907,13.3,Not as Described,Visa,740.67,INR,2026-08-29,3,automotive,pickup,False,False,True,both_match,452,1,10,True,True,"['product_description', 'customer_comms', 'return_policy']",merchant_lost
DSP-001546,13.3,Not as Described,Visa,48.66,INR,2026-08-29,5,home,express,True,True,True,cvv_only,69,1,4,True,True,"['product_description', 'customer_comms', 'return_policy']",merchant_lost
DSP-002039,4863,Cardholder Does Not Recognize,Mastercard,1168.18,INR,2026-08-29,9,health,same_day,True,False,False,neither,12,0,4,False,False,"['billing_descriptor', 'customer_comms', 'ip_match']",merchant_lost
DSP-003450,4837,No Cardholder Authorization,Mastercard,6824.57,INR,2026-08-29,39,books,standard,False,False,False,both_match,67,0,2,False,False,"['3ds_authentication', 'avs_cvv', 'ip_match']",merchant_won
DSP-003225,4855,Goods or Services Not Provided,Mastercard,12078.64,INR,2026-08-29,36,electronics,pickup,True,True,True,avs_only,145,0,12,False,True,"['shipping_confirmation', 'delivery_proof', 'signed_receipt']",merchant_won
DSP-003302,4863,Cardholder Does Not Recognize,Mastercard,1514.07,INR,2026-08-29,9,health,same_day,False,False,False,cvv_only,74,1,0,False,True,"['billing_descriptor', 'customer_comms', 'ip_match']",merchant_lost
DSP-002359,10.4,Fraud - Card Absent,Visa,4153.08,INR,2026-08-29,18,toys,express,True,True,False,both_match,38,0,2,False,False,"['avs_cvv', 'ip_match', 'delivery_proof', 'device_fingerprint']",merchant_won
DSP-004925,4837,No Cardholder Authorization,Mastercard,3567.79,INR,2026-08-29,7,fashion,standard,False,False,False,neither,9,0,3,False,False,"['3ds_authentication', 'avs_cvv', 'ip_match']",merchant_won
DSP-003320,4863,Cardholder Does Not Recognize,Mastercard,582.89,INR,2026-08-29,3,books,standard,False,False,False,avs_only,110,2,3,False,False,"['billing_descriptor', 'customer_comms', 'ip_match']",merchant_lost
DSP-001302,4837,No Cardholder Authorization,Mastercard,8690.68,INR,2026-08-29,5,home,pickup,False,False,False,avs_only,69,0,2,False,False,"['3ds_authentication', 'avs_cvv', 'ip_match']",merchant_lost
DSP-003329,13.6,Credit Not Processed,Visa,1448.7,INR,2026-08-29,3,beauty,express,True,True,True,both_match,307,0,7,False,True,"['refund_receipt', 'refund_arn', 'policy_terms']",merchant_won
DSP-001959,13.3,Not as Described,Visa,861.58,INR,2026-08-29,32,automotive,express,True,False,True,both_match,1426,0,3,True,True,"['product_description', 'customer_comms', 'return_policy']",merchant_lost
DSP-002552,13.3,Not as Described,Visa,101.35,INR,2026-08-29,7,beauty,same_day,True,True,True,both_match,79,1,9,False,True,"['product_description', 'customer_comms', 'return_policy']",merchant_lost
DSP-003944,13.3,Not as Described,Visa,1194.22,INR,2026-08-29,3,fashion,express,False,False,True,avs_only,123,0,9,True,True,"['product_description', 'customer_comms', 'return_policy']",merchant_lost
DSP-000028,4855,Goods or Services Not Provided,Mastercard,1213.71,INR,2026-08-29,11,home,pickup,True,True,True,both_match,10,0,6,True,True,"['shipping_confirmation', 'delivery_proof', 'signed_receipt']",merchant_won
DSP-001657,10.4,Fraud - Card Absent,Visa,3112.97,INR,2026-08-29,6,electronics,standard,False,False,False,neither,209,0,1,False,False,"['avs_cvv', 'ip_match', 'delivery_proof', 'device_fingerprint']",merchant_won
DSP-002634,10.4,Fraud - Card Absent,Visa,2690.51,INR,2026-08-29,4,home,pickup,True,True,False,both_match,78,0,5,False,False,"['avs_cvv', 'ip_match', 'delivery_proof', 'device_fingerprint']",merchant_lost
DSP-004372,4853,Cardholder Dispute - Defective,Mastercard,165.54,INR,2026-08-29,8,fashion,same_day,True,True,False,both_match,218,0,4,True,True,"['product_description', 'quality_cert', 'customer_comms']",merchant_lost
DSP-004774,4837,No Cardholder Authorization,Mastercard,1018.32,INR,2026-08-29,17,home,pickup,True,False,False,both_match,183,3,1,False,True,"['3ds_authentication', 'avs_cvv', 'ip_match']",merchant_lost
DSP-003419,10.4,Fraud - Card Absent,Visa,450.76,INR,2026-08-29,7,electronics,standard,True,True,False,neither,298,1,4,False,False,"['avs_cvv', 'ip_match', 'delivery_proof', 'device_fingerprint']",merchant_lost
DSP-001131,10.4,Fraud - Card Absent,Visa,1464.76,INR,2026-08-29,103,fashion,express,False,False,False,avs_only,104,0,3,False,False,"['avs_cvv', 'ip_match', 'delivery_proof', 'device_fingerprint']",merchant_lost
DSP-003081,10.4,Fraud - Card Absent,Visa,13697.96,INR,2026-08-29,17,grocery,pickup,False,False,False,cvv_only,4,0,3,False,True,"['avs_cvv', 'ip_match', 'delivery_proof', 'device_fingerprint']",merchant_lost
DSP-001310,13.6,Credit Not Processed,Visa,4074.55,INR,2026-08-29,20,automotive,express,False,False,True,both_match,496,0,7,True,True,"['refund_receipt', 'refund_arn', 'policy_terms']",merchant_won
DSP-004352,13.1,Merchandise Not Received,Visa,4624.4,INR,2026-08-29,15,electronics,pickup,True,True,True,both_match,172,0,3,False,False,"['shipping_confirmation', 'delivery_proof', 'tracking_url']",merchant_won
DSP-000561,4853,Cardholder Dispute - Defective,Mastercard,498.22,INR,2026-08-29,35,home,standard,True,True,True,neither,214,0,10,False,False,"['product_description', 'quality_cert', 'customer_comms']",merchant_lost
DSP-004206,13.1,Merchandise Not Received,Visa,294.91,INR,2026-08-29,10,beauty,same_day,True,True,True,both_match,225,0,5,True,False,"['shipping_confirmation', 'delivery_proof', 'tracking_url']",merchant_won
DSP-002644,13.1,Merchandise Not Received,Visa,684.35,INR,2026-08-29,22,automotive,same_day,True,True,True,both_match,557,0,3,False,True,"['shipping_confirmation', 'delivery_proof', 'tracking_url']",merchant_won
DSP-001101,13.6,Credit Not Processed,Visa,848.83,INR,2026-08-29,4,grocery,express,True,True,True,both_match,133,0,10,True,True,"['refund_receipt', 'refund_arn', 'policy_terms']",merchant_won
DSP-000328,4863,Cardholder Does Not Recognize,Mastercard,496.82,INR,2026-08-29,29,automotive,standard,True,True,False,neither,57,2,4,False,False,"['billing_descriptor', 'customer_comms', 'ip_match']",merchant_won
DSP-002020,4853,Cardholder Dispute - Defective,Mastercard,676.13,INR,2026-08-29,3,books,pickup,True,True,True,both_match,410,0,3,False,True,"['product_description', 'quality_cert', 'customer_comms']",merchant_won
DSP-003395,13.6,Credit Not Processed,Visa,1300.44,INR,2026-08-29,20,books,standard,True,True,True,both_match,82,0,10,False,True,"['refund_receipt', 'refund_arn', 'policy_terms']",merchant_won
DSP-000775,10.4,Fraud - Card Absent,Visa,300.57,INR,2026-08-29,120,home,pickup,False,False,False,both_match,131,0,5,False,True,"['avs_cvv', 'ip_match', 'delivery_proof', 'device_fingerprint']",merchant_lost
DSP-004298,4860,Credit Not Processed (MC),Mastercard,298.04,INR,2026-08-29,10,health,same_day,True,True,True,both_match,93,0,7,True,True,"['refund_receipt', 'refund_arn', 'policy_terms']",merchant_won
DSP-002423,13.1,Merchandise Not Received,Visa,612.4,INR,2026-08-29,4,home,express,True,True,True,both_match,47,0,11,True,True,"['shipping_confirmation', 'delivery_proof', 'tracking_url']",merchant_won
DSP-000072,4837,No Cardholder Authorization,Mastercard,2162.48,INR,2026-08-29,6,automotive,express,False,False,False,both_match,325,1,2,False,False,"['3ds_authentication', 'avs_cvv', 'ip_match']",merchant_won
DSP-004401,4855,Goods or Services Not Provided,Mastercard,148.95,INR,2026-08-29,7,beauty,same_day,True,False,True,both_match,16,0,6,False,True,"['shipping_confirmation', 'delivery_proof', 'signed_receipt']",merchant_won
DSP-002705,4855,Goods or Services Not Provided,Mastercard,601.24,INR,2026-08-29,2,health,express,True,True,True,both_match,253,0,11,False,True,"['shipping_confirmation', 'delivery_proof', 'signed_receipt']",merchant_won
DSP-001807,13.6,Credit Not Processed,Visa,1050.41,INR,2026-08-29,20,home,same_day,True,True,True,both_match,222,0,7,True,True,"['refund_receipt', 'refund_arn', 'policy_terms']",merchant_won
DSP-001500,4860,Credit Not Processed (MC),Mastercard,556.97,INR,2026-08-29,27,grocery,express,True,True,True,cvv_only,85,0,6,False,False,"['refund_receipt', 'refund_arn', 'policy_terms']",merchant_won
DSP-004362,4863,Cardholder Does Not Recognize,Mastercard,6066.72,INR,2026-08-29,16,automotive,pickup,False,False,True,neither,8,1,1,True,False,"['billing_descriptor', 'customer_comms', 'ip_match']",merchant_lost
DSP-001820,4863,Cardholder Does Not Recognize,Mastercard,950.37,INR,2026-08-29,16,electronics,standard,True,True,False,neither,45,0,2,False,True,"['billing_descriptor', 'customer_comms', 'ip_match']",merchant_lost
DSP-003706,4853,Cardholder Dispute - Defective,Mastercard,1874.06,INR,2026-08-29,3,beauty,standard,True,True,True,both_match,606,1,7,False,True,"['product_description', 'quality_cert', 'customer_comms']",merchant_won
DSP-004434,13.3,Not as Described,Visa,703.22,INR,2026-08-29,33,grocery,pickup,True,True,True,avs_only,286,0,8,True,False,"['product_description', 'customer_comms', 'return_policy']",merchant_lost
DSP-004999,13.1,Merchandise Not Received,Visa,325.97,INR,2026-08-29,12,books,express,True,True,True,cvv_only,522,0,10,True,True,"['shipping_confirmation', 'delivery_proof', 'tracking_url']",merchant_won
DSP-003300,13.3,Not as Described,Visa,418.26,INR,2026-08-29,1,automotive,standard,False,False,True,both_match,32,0,4,False,True,"['product_description', 'customer_comms', 'return_policy']",merchant_lost
DSP-004441,10.4,Fraud - Card Absent,Visa,839.66,INR,2026-08-29,51,sports,same_day,False,False,False,avs_only,175,1,2,False,True,"['avs_cvv', 'ip_match', 'delivery_proof', 'device_fingerprint']",merchant_lost
DSP-000297,4853,Cardholder Dispute - Defective,Mastercard,1732.27,INR,2026-08-29,40,health,express,True,True,False,both_match,85,0,7,False,True,"['product_description', 'quality_cert', 'customer_comms']",merchant_won
DSP-001224,10.5,Fraud - Counterfeit,Visa,4198.41,INR,2026-08-29,2,books,pickup,True,True,False,neither,63,0,2,True,True,"['emv_chip_data', 'pin_verification']",merchant_lost
DSP-003513,4853,Cardholder Dispute - Defective,Mastercard,129.26,INR,2026-08-29,10,automotive,standard,True,True,True,both_match,66,0,7,False,False,"['product_description', 'quality_cert', 'customer_comms']",merchant_won
DSP-002536,10.4,Fraud - Card Absent,Visa,5479.89,INR,2026-08-29,6,grocery,same_day,True,False,False,neither,162,4,1,False,False,"['avs_cvv', 'ip_match', 'delivery_proof', 'device_fingerprint']",merchant_won
DSP-001425,13.1,Merchandise Not Received,Visa,42.13,INR,2026-08-29,18,home,pickup,True,True,True,both_match,559,0,5,True,True,"['shipping_confirmation', 'delivery_proof', 'tracking_url']",merchant_won
DSP-002104,4860,Credit Not Processed (MC),Mastercard,383.19,INR,2026-08-29,20,books,pickup,True,False,True,both_match,264,0,10,True,True,"['refund_receipt', 'refund_arn', 'policy_terms']",merchant_won
DSP-003770,13.1,Merchandise Not Received,Visa,5980.14,INR,2026-08-29,24,home,express,True,False,True,both_match,157,0,10,True,True,"['shipping_confirmation', 'delivery_proof', 'tracking_url']",merchant_lost
DSP-001556,13.3,Not as Described,Visa,768.03,INR,2026-08-29,14,home,same_day,True,True,True,both_match,221,0,9,True,True,"['product_description', 'customer_comms', 'return_policy']",merchant_lost
DSP-001115,4853,Cardholder Dispute - Defective,Mastercard,1638.69,INR,2026-08-29,17,health,standard,True,False,True,both_match,175,0,10,True,False,"['product_description', 'quality_cert', 'customer_comms']",merchant_won
DSP-004693,4860,Credit Not Processed (MC),Mastercard,1803.44,INR,2026-08-29,1,fashion,same_day,True,True,True,both_match,766,0,7,True,True,"['refund_receipt', 'refund_arn', 'policy_terms']",merchant_won
DSP-002522,13.1,Merchandise Not Received,Visa,1263.29,INR,2026-08-29,9,automotive,standard,True,True,True,neither,888,1,3,False,True,"['shipping_confirmation', 'delivery_proof', 'tracking_url']",merchant_won
DSP-003435,4837,No Cardholder Authorization,Mastercard,2129.03,INR,2026-08-29,32,grocery,pickup,False,False,False,neither,14,0,2,False,False,"['3ds_authentication', 'avs_cvv', 'ip_match']",merchant_lost
DSP-000185,4863,Cardholder Does Not Recognize,Mastercard,938.69,INR,2026-08-29,0,home,express,True,True,True,avs_only,29,1,2,True,False,"['billing_descriptor', 'customer_comms', 'ip_match']",merchant_lost
DSP-002704,13.1,Merchandise Not Received,Visa,66.59,INR,2026-08-29,2,electronics,pickup,False,False,True,both_match,210,0,5,False,True,"['shipping_confirmation', 'delivery_proof', 'tracking_url']",merchant_won
DSP-002362,10.4,Fraud - Card Absent,Visa,1055.41,INR,2026-08-29,30,home,same_day,False,False,False,neither,85,0,1,False,False,"['avs_cvv', 'ip_match', 'delivery_proof', 'device_fingerprint']",merchant_lost
DSP-001696,13.6,Credit Not Processed,Visa,1404.07,INR,2026-08-29,2,electronics,express,True,True,True,both_match,289,0,4,False,True,"['refund_receipt', 'refund_arn', 'policy_terms']",merchant_won
DSP-002121,4855,Goods or Services Not Provided,Mastercard,793.89,INR,2026-08-29,23,home,express,True,True,True,both_match,44,0,9,True,False,"['shipping_confirmation', 'delivery_proof', 'signed_receipt']",merchant_won
DSP-003518,13.1,Merchandise Not Received,Visa,2750.43,INR,2026-08-29,0,toys,standard,True,True,True,both_match,45,1,5,False,True,"['shipping_confirmation', 'delivery_proof', 'tracking_url']",merchant_won
DSP-004397,4860,Credit Not Processed (MC),Mastercard,721.91,INR,2026-08-29,27,beauty,same_day,True,True,True,both_match,123,0,9,True,False,"['refund_receipt', 'refund_arn', 'policy_terms']",merchant_won
DSP-000450,4837,No Cardholder Authorization,Mastercard,3354.46,INR,2026-08-29,37,automotive,standard,True,False,False,avs_only,146,1,1,False,False,"['3ds_authentication', 'avs_cvv', 'ip_match']",merchant_lost
DSP-002534,4860,Credit Not Processed (MC),Mastercard,1462.99,INR,2026-08-29,24,fashion,same_day,True,False,True,avs_only,237,0,5,True,False,"['refund_receipt', 'refund_arn', 'policy_terms']",merchant_won
DSP-001081,13.1,Merchandise Not Received,Visa,1246.57,INR,2026-08-29,2,electronics,same_day,False,False,True,both_match,111,0,11,True,False,"['shipping_confirmation', 'delivery_proof', 'tracking_url']",merchant_won
DSP-000582,10.5,Fraud - Counterfeit,Visa,452.98,INR,2026-08-29,45,health,standard,True,True,False,neither,144,0,1,False,False,"['emv_chip_data', 'pin_verification']",merchant_lost
DSP-003386,10.4,Fraud - Card Absent,Visa,3280.67,INR,2026-08-29,27,books,same_day,False,False,False,neither,34,0,2,True,False,"['avs_cvv', 'ip_match', 'delivery_proof', 'device_fingerprint']",merchant_lost
DSP-001754,13.1,Merchandise Not Received,Visa,6391.37,INR,2026-08-29,14,health,standard,False,False,True,both_match,334,0,13,True,True,"['shipping_confirmation', 'delivery_proof', 'tracking_url']",merchant_won
DSP-001746,13.1,Merchandise Not Received,Visa,282.48,INR,2026-08-29,77,sports,pickup,True,True,True,avs_only,305,0,5,False,True,"['shipping_confirmation', 'delivery_proof', 'tracking_url']",merchant_won
DSP-002528,4863,Cardholder Does Not Recognize,Mastercard,1196.59,INR,2026-08-29,24,beauty,express,True,False,True,both_match,38,1,0,False,True,"['billing_descriptor', 'customer_comms', 'ip_match']",merchant_won
DSP-003319,4855,Goods or Services Not Provided,Mastercard,3890.69,INR,2026-08-29,27,sports,pickup,True,True,True,both_match,256,1,5,False,True,"['shipping_confirmation', 'delivery_proof', 'signed_receipt']",merchant_lost
DSP-001251,10.4,Fraud - Card Absent,Visa,1535.72,INR,2026-08-29,20,books,pickup,True,True,True,neither,5,1,5,False,False,"['avs_cvv', 'ip_match', 'delivery_proof', 'device_fingerprint']",merchant_won
DSP-003749,10.4,Fraud - Card Absent,Visa,5814.84,INR,2026-08-29,4,fashion,standard,False,False,False,neither,66,1,2,False,False,"['avs_cvv', 'ip_match', 'delivery_proof', 'device_fingerprint']",merchant_won
DSP-001510,4855,Goods or Services Not Provided,Mastercard,524.15,INR,2026-08-29,3,home,same_day,True,True,False,avs_only,192,0,5,True,True,"['shipping_confirmation', 'delivery_proof', 'signed_receipt']",merchant_lost
DSP-000644,4863,Cardholder Does Not Recognize,Mastercard,1076.87,INR,2026-08-29,13,automotive,pickup,False,False,True,neither,14,0,1,False,False,"['billing_descriptor', 'customer_comms', 'ip_match']",merchant_lost
DSP-002378,13.1,Merchandise Not Received,Visa,1034.29,INR,2026-08-29,14,automotive,standard,True,True,True,cvv_only,214,0,4,False,False,"['shipping_confirmation', 'delivery_proof', 'tracking_url']",merchant_lost
DSP-002317,13.1,Merchandise Not Received,Visa,1882.83,INR,2026-08-29,17,grocery,express,True,True,True,both_match,98,0,3,False,False,"['shipping_confirmation', 'delivery_proof', 'tracking_url']",merchant_won
DSP-003132,10.4,Fraud - Card Absent,Visa,3695.91,INR,2026-08-29,49,beauty,express,False,False,True,neither,21,2,2,True,False,"['avs_cvv', 'ip_match', 'delivery_proof', 'device_fingerprint']",merchant_lost
DSP-004005,13.1,Merchandise Not Received,Visa,852.66,INR,2026-08-29,25,health,standard,True,True,True,cvv_only,461,0,8,True,True,"['shipping_confirmation', 'delivery_proof', 'tracking_url']",merchant_won
DSP-004658,4855,Goods or Services Not Provided,Mastercard,447.34,INR,2026-08-29,13,toys,standard,True,True,True,avs_only,254,0,6,True,True,"['shipping_confirmation', 'delivery_proof', 'signed_receipt']",merchant_won
DSP-004157,4863,Cardholder Does Not Recognize,Mastercard,4129.06,INR,2026-08-29,49,fashion,standard,True,True,False,both_match,49,1,4,False,False,"['billing_descriptor', 'customer_comms', 'ip_match']",merchant_won
DSP-000813,4855,Goods or Services Not Provided,Mastercard,168.54,INR,2026-08-29,6,health,pickup,True,True,True,cvv_only,132,1,7,False,True,"['shipping_confirmation', 'delivery_proof', 'signed_receipt']",merchant_won
DSP-002970,4853,Cardholder Dispute - Defective,Mastercard,721.74,INR,2026-08-29,25,toys,pickup,True,True,True,both_match,302,0,5,False,True,"['product_description', 'quality_cert', 'customer_comms']",merchant_lost
DSP-000532,10.4,Fraud - Card Absent,Visa,3789.22,INR,2026-08-29,60,home,standard,False,False,False,neither,238,2,1,True,True,"['avs_cvv', 'ip_match', 'delivery_proof', 'device_fingerprint']",merchant_lost
DSP-003935,4853,Cardholder Dispute - Defective,Mastercard,3288.16,INR,2026-08-29,4,fashion,standard,True,True,True,avs_only,138,0,10,False,True,"['product_description', 'quality_cert', 'customer_comms']",merchant_lost
DSP-001710,4860,Credit Not Processed (MC),Mastercard,3194.12,INR,2026-08-29,16,automotive,express,True,True,True,cvv_only,264,0,5,False,True,"['refund_receipt', 'refund_arn', 'policy_terms']",merchant_won
DSP-002440,4837,No Cardholder Authorization,Mastercard,2186.89,INR,2026-08-29,109,grocery,express,True,True,False,both_match,293,0,1,False,False,"['3ds_authentication', 'avs_cvv', 'ip_match']",merchant_lost
DSP-000152,4863,Cardholder Does Not Recognize,Mastercard,980.04,INR,2026-08-29,5,home,standard,False,False,True,neither,35,0,2,True,False,"['billing_descriptor', 'customer_comms', 'ip_match']",merchant_lost
DSP-003903,10.4,Fraud - Card Absent,Visa,3883.97,INR,2026-08-29,25,toys,standard,True,True,True,both_match,41,0,1,True,True,"['avs_cvv', 'ip_match', 'delivery_proof', 'device_fingerprint']",merchant_won
DSP-001085,13.6,Credit Not Processed,Visa,1599.37,INR,2026-08-29,19,electronics,same_day,False,False,True,both_match,306,0,4,False,False,"['refund_receipt', 'refund_arn', 'policy_terms']",merchant_won
DSP-000711,4853,Cardholder Dispute - Defective,Mastercard,1739.37,INR,2026-08-29,5,fashion,same_day,True,True,True,both_match,637,0,2,False,True,"['product_description', 'quality_cert', 'customer_comms']",merchant_lost
DSP-002152,10.4,Fraud - Card Absent,Visa,296.16,INR,2026-08-29,37,beauty,same_day,False,False,False,avs_only,79,0,0,False,False,"['avs_cvv', 'ip_match', 'delivery_proof', 'device_fingerprint']",merchant_won
DSP-004015,4837,No Cardholder Authorization,Mastercard,2683.11,INR,2026-08-29,24,books,pickup,False,False,False,neither,248,0,1,False,False,"['3ds_authentication', 'avs_cvv', 'ip_match']",merchant_lost
DSP-000498,4860,Credit Not Processed (MC),Mastercard,3304.96,INR,2026-08-29,0,electronics,pickup,True,False,True,cvv_only,6,0,6,True,False,"['refund_receipt', 'refund_arn', 'policy_terms']",merchant_won
DSP-004880,13.3,Not as Described,Visa,3275.14,INR,2026-08-29,62,books,pickup,True,False,True,both_match,55,0,4,False,True,"['product_description', 'customer_comms', 'return_policy']",merchant_won
DSP-000867,4853,Cardholder Dispute - Defective,Mastercard,1252.97,INR,2026-08-29,2,fashion,pickup,False,False,True,both_match,290,0,5,True,True,"['product_description', 'quality_cert', 'customer_comms']",merchant_won
DSP-002160,13.1,Merchandise Not Received,Visa,5612.86,INR,2026-08-29,4,fashion,express,True,True,True,cvv_only,71,0,7,True,False,"['shipping_confirmation', 'delivery_proof', 'tracking_url']",merchant_won
DSP-001487,4855,Goods or Services Not Provided,Mastercard,1989.93,INR,2026-08-29,1,beauty,standard,True,True,True,both_match,132,0,4,True,True,"['shipping_confirmation', 'delivery_proof', 'signed_receipt']",merchant_won
DSP-004606,13.3,Not as Described,Visa,1492.07,INR,2026-08-29,8,grocery,same_day,False,False,True,both_match,830,0,7,True,True,"['product_description', 'customer_comms', 'return_policy']",merchant_won
DSP-001484,4860,Credit Not Processed (MC),Mastercard,196.57,INR,2026-08-29,24,sports,express,True,True,True,both_match,70,0,4,True,True,"['refund_receipt', 'refund_arn', 'policy_terms']",merchant_won
DSP-002413,4855,Goods or Services Not Provided,Mastercard,407.62,INR,2026-08-29,2,books,standard,True,False,True,both_match,531,0,10,False,False,"['shipping_confirmation', 'delivery_proof', 'signed_receipt']",merchant_won
DSP-002956,13.1,Merchandise Not Received,Visa,1751.02,INR,2026-08-29,30,toys,standard,False,False,True,both_match,253,0,6,False,True,"['shipping_confirmation', 'delivery_proof', 'tracking_url']",merchant_won
DSP-001039,4860,Credit Not Processed (MC),Mastercard,236.89,INR,2026-08-29,7,automotive,same_day,True,True,True,both_match,254,0,3,True,True,"['refund_receipt', 'refund_arn', 'policy_terms']",merchant_won
DSP-003896,4863,Cardholder Does Not Recognize,Mastercard,9470.63,INR,2026-08-29,17,electronics,pickup,False,False,False,both_match,113,1,3,False,False,"['billing_descriptor', 'customer_comms', 'ip_match']",merchant_won
DSP-004628,10.4,Fraud - Card Absent,Visa,5415.51,INR,2026-08-29,4,automotive,same_day,False,False,False,cvv_only,96,1,2,False,False,"['avs_cvv', 'ip_match', 'delivery_proof', 'device_fingerprint']",merchant_lost
DSP-001375,13.1,Merchandise Not Received,Visa,4997.78,INR,2026-08-29,5,beauty,standard,False,False,True,both_match,158,0,5,True,True,"['shipping_confirmation', 'delivery_proof', 'tracking_url']",merchant_lost
DSP-004354,4860,Credit Not Processed (MC),Mastercard,1113.04,INR,2026-08-29,17,grocery,pickup,True,True,True,avs_only,77,1,3,True,False,"['refund_receipt', 'refund_arn', 'policy_terms']",merchant_won
DSP-004514,4853,Cardholder Dispute - Defective,Mastercard,198.65,INR,2026-08-29,29,books,standard,True,True,True,both_match,142,0,6,True,True,"['product_description', 'quality_cert', 'customer_comms']",merchant_won
DSP-003324,10.5,Fraud - Counterfeit,Visa,2359.87,INR,2026-08-29,6,sports,standard,False,False,True,avs_only,132,0,2,True,True,"['emv_chip_data', 'pin_verification']",merchant_lost
DSP-000801,4853,Cardholder Dispute - Defective,Mastercard,4856.96,INR,2026-08-29,30,books,express,True,True,True,both_match,380,0,10,True,True,"['product_description', 'quality_cert', 'customer_comms']",merchant_won
DSP-002034,10.4,Fraud - Card Absent,Visa,8343.75,INR,2026-08-29,3,electronics,express,False,False,False,avs_only,78,0,3,False,False,"['avs_cvv', 'ip_match', 'delivery_proof', 'device_fingerprint']",merchant_lost
DSP-003062,4837,No Cardholder Authorization,Mastercard,6034.18,INR,2026-08-29,14,health,same_day,True,True,True,neither,15,3,4,True,False,"['3ds_authentication', 'avs_cvv', 'ip_match']",merchant_lost
DSP-001829,4855,Goods or Services Not Provided,Mastercard,584.55,INR,2026-08-29,4,sports,standard,True,True,True,cvv_only,121,0,5,False,False,"['shipping_confirmation', 'delivery_proof', 'signed_receipt']",merchant_won
DSP-001019,10.4,Fraud - Card Absent,Visa,1239.14,INR,2026-08-29,41,electronics,express,False,False,False,avs_only,263,1,2,False,True,"['avs_cvv', 'ip_match', 'delivery_proof', 'device_fingerprint']",merchant_lost
DSP-000438,13.3,Not as Described,Visa,427.61,INR,2026-08-29,16,electronics,express,True,True,True,both_match,441,0,5,True,True,"['product_description', 'customer_comms', 'return_policy']",merchant_won
DSP-000291,13.3,Not as Described,Visa,258.04,INR,2026-08-29,3,books,standard,True,True,True,avs_only,189,1,4,False,True,"['product_description', 'customer_comms', 'return_policy']",merchant_won
DSP-001700,4855,Goods or Services Not Provided,Mastercard,231.47,INR,2026-08-29,4,health,pickup,True,False,True,both_match,268,0,2,False,True,"['shipping_confirmation', 'delivery_proof', 'signed_receipt']",merchant_won
DSP-002302,10.4,Fraud - Card Absent,Visa,4186.34,INR,2026-08-29,2,beauty,same_day,False,False,False,avs_only,30,0,1,False,True,"['avs_cvv', 'ip_match', 'delivery_proof', 'device_fingerprint']",merchant_lost
DSP-001805,4863,Cardholder Does Not Recognize,Mastercard,905.51,INR,2026-08-29,6,fashion,express,True,False,False,neither,16,1,4,False,False,"['billing_descriptor', 'customer_comms', 'ip_match']",merchant_lost
DSP-001429,13.1,Merchandise Not Received,Visa,819.18,INR,2026-08-29,81,beauty,standard,True,True,True,cvv_only,148,0,2,False,True,"['shipping_confirmation', 'delivery_proof', 'tracking_url']",merchant_won
DSP-002475,4860,Credit Not Processed (MC),Mastercard,5929.59,INR,2026-08-29,7,beauty,standard,True,True,False,both_match,114,0,5,False,True,"['refund_receipt', 'refund_arn', 'policy_terms']",merchant_won
DSP-001428,4853,Cardholder Dispute - Defective,Mastercard,753.58,INR,2026-08-29,7,health,pickup,True,True,True,avs_only,578,0,4,False,True,"['product_description', 'quality_cert', 'customer_comms']",merchant_won
DSP-000502,13.3,Not as Described,Visa,88.01,INR,2026-08-29,9,books,pickup,True,False,True,cvv_only,205,0,9,False,True,"['product_description', 'customer_comms', 'return_policy']",merchant_won
DSP-004657,4837,No Cardholder Authorization,Mastercard,1092.51,INR,2026-08-29,17,grocery,same_day,False,False,False,avs_only,97,1,4,False,False,"['3ds_authentication', 'avs_cvv', 'ip_match']",merchant_lost
DSP-004678,13.3,Not as Described,Visa,8689.29,INR,2026-08-29,1,fashion,same_day,True,True,True,both_match,402,0,4,False,False,"['product_description', 'customer_comms', 'return_policy']",merchant_won
DSP-004262,4863,Cardholder Does Not Recognize,Mastercard,3201.1,INR,2026-08-29,37,automotive,standard,True,True,True,avs_only,85,1,2,True,False,"['billing_descriptor', 'customer_comms', 'ip_match']",merchant_lost
DSP-000114,13.1,Merchandise Not Received,Visa,1756.35,INR,2026-08-29,27,books,standard,True,True,True,avs_only,163,0,2,False,True,"['shipping_confirmation', 'delivery_proof', 'tracking_url']",merchant_won
DSP-000030,13.1,Merchandise Not Received,Visa,572.73,INR,2026-08-29,5,toys,standard,False,False,True,both_match,200,0,7,False,True,"['shipping_confirmation', 'delivery_proof', 'tracking_url']",merchant_lost
DSP-000680,4855,Goods or Services Not Provided,Mastercard,2041.94,INR,2026-08-29,13,grocery,pickup,True,True,True,both_match,7,0,8,False,True,"['shipping_confirmation', 'delivery_proof', 'signed_receipt']",merchant_won
DSP-003399,4860,Credit Not Processed (MC),Mastercard,573.62,INR,2026-08-29,13,home,express,True,True,True,cvv_only,3,0,7,False,True,"['refund_receipt', 'refund_arn', 'policy_terms']",merchant_won
DSP-001489,4837,No Cardholder Authorization,Mastercard,1762.86,INR,2026-08-29,40,beauty,pickup,False,False,True,both_match,66,1,2,False,False,"['3ds_authentication', 'avs_cvv', 'ip_match']",merchant_lost
DSP-002532,4863,Cardholder Does Not Recognize,Mastercard,2333.05,INR,2026-08-29,9,electronics,standard,True,False,False,avs_only,114,1,2,True,True,"['billing_descriptor', 'customer_comms', 'ip_match']",merchant_lost
DSP-002127,13.1,Merchandise Not Received,Visa,88.5,INR,2026-08-29,19,health,standard,True,True,True,both_match,108,0,8,True,True,"['shipping_confirmation', 'delivery_proof', 'tracking_url']",merchant_won
DSP-000427,4863,Cardholder Does Not Recognize,Mastercard,4593.16,INR,2026-08-29,13,books,same_day,False,False,False,neither,94,1,3,False,False,"['billing_descriptor', 'customer_comms', 'ip_match']",merchant_won
DSP-001784,4860,Credit Not Processed (MC),Mastercard,331.12,INR,2026-08-29,7,beauty,same_day,True,True,True,both_match,55,0,6,True,True,"['refund_receipt', 'refund_arn', 'policy_terms']",merchant_won
DSP-001194,4863,Cardholder Does Not Recognize,Mastercard,1008.54,INR,2026-08-29,18,home,standard,True,False,False,avs_only,8,2,1,False,False,"['billing_descriptor', 'customer_comms', 'ip_match']",merchant_won
DSP-000004,4855,Goods or Services Not Provided,Mastercard,146.97,INR,2026-08-29,0,health,same_day,True,True,True,both_match,324,0,4,False,True,"['shipping_confirmation', 'delivery_proof', 'signed_receipt']",merchant_won
DSP-000227,4853,Cardholder Dispute - Defective,Mastercard,605.36,INR,2026-08-29,13,automotive,same_day,False,False,True,both_match,3,0,5,True,True,"['product_description', 'quality_cert', 'customer_comms']",merchant_won
DSP-000113,4853,Cardholder Dispute - Defective,Mastercard,161.8,INR,2026-08-29,11,books,same_day,True,True,True,both_match,56,0,6,False,False,"['product_description', 'quality_cert', 'customer_comms']",merchant_won
DSP-001182,4863,Cardholder Does Not Recognize,Mastercard,37184.57,INR,2026-08-29,0,home,same_day,False,False,False,avs_only,274,0,3,False,False,"['billing_descriptor', 'customer_comms', 'ip_match']",merchant_won
DSP-003380,4863,Cardholder Does Not Recognize,Mastercard,1512.63,INR,2026-08-29,27,automotive,express,False,False,False,neither,36,1,1,False,True,"['billing_descriptor', 'customer_comms', 'ip_match']",merchant_won
DSP-000413,13.6,Credit Not Processed,Visa,298.62,INR,2026-08-29,55,books,express,True,True,False,both_match,218,0,3,False,True,"['refund_receipt', 'refund_arn', 'policy_terms']",merchant_won
DSP-004750,4855,Goods or Services Not Provided,Mastercard,1679.91,INR,2026-08-29,4,home,standard,True,True,True,avs_only,139,0,9,True,True,"['shipping_confirmation', 'delivery_proof', 'signed_receipt']",merchant_won
DSP-002988,13.3,Not as Described,Visa,431.18,INR,2026-08-29,21,automotive,pickup,True,True,False,cvv_only,82,0,7,True,False,"['product_description', 'customer_comms', 'return_policy']",merchant_won
DSP-000994,10.4,Fraud - Card Absent,Visa,335.23,INR,2026-08-29,1,grocery,express,False,False,False,neither,109,3,0,True,False,"['avs_cvv', 'ip_match', 'delivery_proof', 'device_fingerprint']",merchant_lost
DSP-000898,4863,Cardholder Does Not Recognize,Mastercard,6436.65,INR,2026-08-29,35,electronics,standard,False,False,False,both_match,18,1,0,False,True,"['billing_descriptor', 'customer_comms', 'ip_match']",merchant_lost
DSP-001694,4863,Cardholder Does Not Recognize,Mastercard,11390.24,INR,2026-08-29,4,fashion,express,True,True,False,cvv_only,131,0,1,True,False,"['billing_descriptor', 'customer_comms', 'ip_match']",merchant_won
DSP-004554,13.3,Not as Described,Visa,1286.61,INR,2026-08-29,24,sports,standard,True,True,True,both_match,39,0,8,True,True,"['product_description', 'customer_comms', 'return_policy']",merchant_lost
DSP-001880,4855,Goods or Services Not Provided,Mastercard,2042.64,INR,2026-08-29,5,electronics,express,True,True,False,avs_only,353,0,7,False,True,"['shipping_confirmation', 'delivery_proof', 'signed_receipt']",merchant_won
DSP-003492,13.1,Merchandise Not Received,Visa,631.29,INR,2026-08-29,17,home,standard,True,True,True,both_match,32,0,3,True,False,"['shipping_confirmation', 'delivery_proof', 'tracking_url']",merchant_won
DSP-004199,4855,Goods or Services Not Provided,Mastercard,432.02,INR,2026-08-29,25,sports,express,True,True,True,both_match,271,0,7,True,False,"['shipping_confirmation', 'delivery_proof', 'signed_receipt']",merchant_won
DSP-002013,13.6,Credit Not Processed,Visa,618.03,INR,2026-08-29,20,electronics,standard,False,False,True,both_match,56,0,7,False,True,"['refund_receipt', 'refund_arn', 'policy_terms']",merchant_lost
DSP-002014,4853,Cardholder Dispute - Defective,Mastercard,1651.65,INR,2026-08-29,48,health,pickup,False,False,True,both_match,55,0,9,True,True,"['product_description', 'quality_cert', 'customer_comms']",merchant_won
DSP-004273,4853,Cardholder Dispute - Defective,Mastercard,614.86,INR,2026-08-29,2,automotive,express,True,True,True,both_match,338,0,4,False,True,"['product_description', 'quality_cert', 'customer_comms']",merchant_won
DSP-001978,13.3,Not as Described,Visa,267.27,INR,2026-08-29,6,home,express,True,True,True,both_match,393,0,6,False,False,"['product_description', 'customer_comms', 'return_policy']",merchant_won
DSP-001400,13.1,Merchandise Not Received,Visa,989.78,INR,2026-08-29,4,automotive,same_day,True,True,True,both_match,162,0,8,False,True,"['shipping_confirmation', 'delivery_proof', 'tracking_url']",merchant_won
DSP-001298,13.3,Not as Described,Visa,1700.79,INR,2026-08-29,19,home,same_day,True,False,True,both_match,159,0,8,False,True,"['product_description', 'customer_comms', 'return_policy']",merchant_won
DSP-001909,10.5,Fraud - Counterfeit,Visa,260.7,INR,2026-08-29,5,toys,pickup,True,True,False,both_match,53,0,1,True,False,"['emv_chip_data', 'pin_verification']",merchant_won
DSP-003688,4837,No Cardholder Authorization,Mastercard,2313.83,INR,2026-08-29,18,electronics,standard,False,False,True,neither,26,1,3,False,False,"['3ds_authentication', 'avs_cvv', 'ip_match']",merchant_won
DSP-004233,4860,Credit Not Processed (MC),Mastercard,1113.24,INR,2026-08-29,14,home,pickup,True,True,True,both_match,427,0,3,False,True,"['refund_receipt', 'refund_arn', 'policy_terms']",merchant_won
DSP-004446,4837,No Cardholder Authorization,Mastercard,432.93,INR,2026-08-29,2,home,express,False,False,False,cvv_only,66,0,1,False,True,"['3ds_authentication', 'avs_cvv', 'ip_match']",merchant_lost
DSP-004911,13.6,Credit Not Processed,Visa,1617.45,INR,2026-08-29,17,grocery,same_day,True,True,True,both_match,35,0,6,True,False,"['refund_receipt', 'refund_arn', 'policy_terms']",merchant_won
DSP-003013,10.5,Fraud - Counterfeit,Visa,6539.57,INR,2026-08-29,47,electronics,same_day,True,False,False,neither,99,1,2,True,False,"['emv_chip_data', 'pin_verification']",merchant_lost
DSP-001025,4863,Cardholder Does Not Recognize,Mastercard,4704.73,INR,2026-08-29,53,toys,express,True,False,True,both_match,55,3,4,False,False,"['billing_descriptor', 'customer_comms', 'ip_match']",merchant_lost
DSP-004780,4837,No Cardholder Authorization,Mastercard,1222.27,INR,2026-08-29,7,home,express,False,False,False,both_match,127,1,1,False,False,"['3ds_authentication', 'avs_cvv', 'ip_match']",merchant_lost
DSP-001629,13.1,Merchandise Not Received,Visa,1784.12,INR,2026-08-29,0,beauty,standard,True,False,True,both_match,488,0,4,True,True,"['shipping_confirmation', 'delivery_proof', 'tracking_url']",merchant_won
DSP-001228,13.6,Credit Not Processed,Visa,637.43,INR,2026-08-29,11,electronics,standard,True,True,True,both_match,542,0,8,True,True,"['refund_receipt', 'refund_arn', 'policy_terms']",merchant_won
DSP-002512,4853,Cardholder Dispute - Defective,Mastercard,251.45,INR,2026-08-29,7,electronics,same_day,True,True,True,both_match,41,0,8,True,True,"['product_description', 'quality_cert', 'customer_comms']",merchant_won
DSP-001349,4855,Goods or Services Not Provided,Mastercard,352.67,INR,2026-08-29,17,automotive,express,True,True,True,both_match,6,1,2,False,True,"['shipping_confirmation', 'delivery_proof', 'signed_receipt']",merchant_won
DSP-003464,13.3,Not as Described,Visa,1195.71,INR,2026-08-29,3,sports,same_day,True,True,True,cvv_only,21,0,9,True,True,"['product_description', 'customer_comms', 'return_policy']",merchant_won
DSP-002225,4853,Cardholder Dispute - Defective,Mastercard,3115.61,INR,2026-08-29,12,toys,same_day,False,False,True,both_match,108,0,7,True,True,"['product_description', 'quality_cert', 'customer_comms']",merchant_won
DSP-001774,10.4,Fraud - Card Absent,Visa,1682.41,INR,2026-08-29,0,fashion,standard,False,False,False,neither,15,2,2,False,True,"['avs_cvv', 'ip_match', 'delivery_proof', 'device_fingerprint']",merchant_won
DSP-001000,4855,Goods or Services Not Provided,Mastercard,1509.68,INR,2026-08-29,8,books,pickup,True,True,True,both_match,261,0,6,False,True,"['shipping_confirmation', 'delivery_proof', 'signed_receipt']",merchant_won
DSP-001346,13.1,Merchandise Not Received,Visa,219.89,INR,2026-08-29,13,automotive,same_day,True,True,True,cvv_only,94,0,5,False,True,"['shipping_confirmation', 'delivery_proof', 'tracking_url']",merchant_won
DSP-004253,4863,Cardholder Does Not Recognize,Mastercard,475.79,INR,2026-08-29,2,home,pickup,False,False,True,avs_only,435,1,0,False,False,"['billing_descriptor', 'customer_comms', 'ip_match']",merchant_lost
DSP-000423,13.3,Not as Described,Visa,323.53,INR,2026-08-29,12,books,standard,True,False,True,both_match,81,0,3,False,False,"['product_description', 'customer_comms', 'return_policy']",merchant_won
DSP-001530,4837,No Cardholder Authorization,Mastercard,1245.99,INR,2026-08-29,40,toys,express,False,False,False,cvv_only,59,1,1,True,True,"['3ds_authentication', 'avs_cvv', 'ip_match']",merchant_won
DSP-002007,4863,Cardholder Does Not Recognize,Mastercard,2468.4,INR,2026-08-29,1,beauty,pickup,False,False,False,avs_only,51,1,0,False,True,"['billing_descriptor', 'customer_comms', 'ip_match']",merchant_lost
DSP-001621,4837,No Cardholder Authorization,Mastercard,1426.29,INR,2026-08-29,15,beauty,express,False,False,False,neither,168,1,8,False,False,"['3ds_authentication', 'avs_cvv', 'ip_match']",merchant_lost
DSP-001329,10.4,Fraud - Card Absent,Visa,3884.65,INR,2026-08-29,103,health,express,False,False,False,neither,35,2,2,True,True,"['avs_cvv', 'ip_match', 'delivery_proof', 'device_fingerprint']",merchant_lost
DSP-002001,10.5,Fraud - Counterfeit,Visa,1246.31,INR,2026-08-29,3,fashion,standard,True,False,True,neither,94,1,1,False,False,"['emv_chip_data', 'pin_verification']",merchant_lost
DSP-000947,4837,No Cardholder Authorization,Mastercard,4066.49,INR,2026-08-29,74,grocery,same_day,False,False,True,avs_only,10,1,1,False,False,"['3ds_authentication', 'avs_cvv', 'ip_match']",merchant_lost
DSP-002661,10.4,Fraud - Card Absent,Visa,1974.12,INR,2026-08-29,10,fashion,express,False,False,False,neither,50,0,2,False,False,"['avs_cvv', 'ip_match', 'delivery_proof', 'device_fingerprint']",merchant_lost
DSP-000996,4863,Cardholder Does Not Recognize,Mastercard,4761.78,INR,2026-08-29,7,sports,pickup,True,False,False,neither,11,1,2,True,False,"['billing_descriptor', 'customer_comms', 'ip_match']",merchant_lost
DSP-004506,10.5,Fraud - Counterfeit,Visa,1720.32,INR,2026-08-29,1,sports,same_day,False,False,False,both_match,290,2,2,False,False,"['emv_chip_data', 'pin_verification']",merchant_lost
DSP-002306,10.4,Fraud - Card Absent,Visa,687.67,INR,2026-08-29,14,sports,express,False,False,False,avs_only,123,0,0,True,False,"['avs_cvv', 'ip_match', 'delivery_proof', 'device_fingerprint']",merchant_won
DSP-003957,13.1,Merchandise Not Received,Visa,2305.96,INR,2026-08-29,12,books,pickup,True,True,True,avs_only,387,0,8,True,True,"['shipping_confirmation', 'delivery_proof', 'tracking_url']",merchant_won
DSP-002203,4860,Credit Not Processed (MC),Mastercard,1427.2,INR,2026-08-29,2,fashion,standard,True,True,True,both_match,104,0,8,False,True,"['refund_receipt', 'refund_arn', 'policy_terms']",merchant_won
DSP-001565,4853,Cardholder Dispute - Defective,Mastercard,1291.75,INR,2026-08-29,0,health,same_day,False,False,True,both_match,93,0,6,False,True,"['product_description', 'quality_cert', 'customer_comms']",merchant_lost
DSP-001378,13.3,Not as Described,Visa,1869.38,INR,2026-08-29,14,electronics,pickup,True,True,True,both_match,183,0,9,True,True,"['product_description', 'customer_comms', 'return_policy']",merchant_won
DSP-003977,13.6,Credit Not Processed,Visa,6948.6,INR,2026-08-29,34,sports,standard,True,True,False,avs_only,142,0,7,False,True,"['refund_receipt', 'refund_arn', 'policy_terms']",merchant_won
DSP-001125,13.1,Merchandise Not Received,Visa,286.63,INR,2026-08-29,6,grocery,same_day,True,True,True,avs_only,45,0,7,False,True,"['shipping_confirmation', 'delivery_proof', 'tracking_url']",merchant_won
DSP-002415,4860,Credit Not Processed (MC),Mastercard,6033.45,INR,2026-08-29,3,automotive,pickup,True,False,True,both_match,309,0,4,True,True,"['refund_receipt', 'refund_arn', 'policy_terms']",merchant_won
DSP-000124,13.6,Credit Not Processed,Visa,789.37,INR,2026-08-29,7,grocery,express,True,True,True,both_match,13,0,6,True,True,"['refund_receipt', 'refund_arn', 'policy_terms']",merchant_won
DSP-004435,4863,Cardholder Does Not Recognize,Mastercard,1490.79,INR,2026-08-29,78,health,express,False,False,False,neither,59,1,1,False,False,"['billing_descriptor', 'customer_comms', 'ip_match']",merchant_lost
DSP-001463,13.1,Merchandise Not Received,Visa,381.69,INR,2026-08-29,6,sports,pickup,True,True,True,both_match,21,0,6,True,True,"['shipping_confirmation', 'delivery_proof', 'tracking_url']",merchant_won
DSP-002722,4855,Goods or Services Not Provided,Mastercard,4254.21,INR,2026-08-29,58,toys,standard,False,False,True,both_match,53,0,5,True,True,"['shipping_confirmation', 'delivery_proof', 'signed_receipt']",merchant_lost
DSP-002955,4837,No Cardholder Authorization,Mastercard,199.9,INR,2026-08-29,10,grocery,express,False,False,True,both_match,20,1,0,False,False,"['3ds_authentication', 'avs_cvv', 'ip_match']",merchant_won
DSP-000596,10.5,Fraud - Counterfeit,Visa,832.63,INR,2026-08-29,15,grocery,pickup,False,False,False,neither,118,1,1,False,False,"['emv_chip_data', 'pin_verification']",merchant_lost
DSP-004638,13.1,Merchandise Not Received,Visa,18667.0,INR,2026-08-29,23,toys,express,True,True,True,both_match,16,0,7,True,True,"['shipping_confirmation', 'delivery_proof', 'tracking_url']",merchant_won
DSP-004122,4837,No Cardholder Authorization,Mastercard,1429.88,INR,2026-08-29,69,toys,express,True,False,False,neither,368,1,1,True,False,"['3ds_authentication', 'avs_cvv', 'ip_match']",merchant_lost
DSP-001047,4855,Goods or Services Not Provided,Mastercard,3311.41,INR,2026-08-29,3,sports,pickup,True,True,True,both_match,1,1,7,False,False,"['shipping_confirmation', 'delivery_proof', 'signed_receipt']",merchant_won
DSP-000895,4855,Goods or Services Not Provided,Mastercard,122.65,INR,2026-08-29,1,beauty,same_day,False,False,False,both_match,559,0,5,False,True,"['shipping_confirmation', 'delivery_proof', 'signed_receipt']",merchant_lost
DSP-004102,13.1,Merchandise Not Received,Visa,247.83,INR,2026-08-29,0,beauty,express,True,True,True,avs_only,254,0,5,True,True,"['shipping_confirmation', 'delivery_proof', 'tracking_url']",merchant_won
DSP-002482,4837,No Cardholder Authorization,Mastercard,1411.75,INR,2026-08-29,5,grocery,pickup,False,False,False,neither,84,0,2,False,False,"['3ds_authentication', 'avs_cvv', 'ip_match']",merchant_lost
DSP-003394,4863,Cardholder Does Not Recognize,Mastercard,361.85,INR,2026-08-29,103,sports,express,False,False,True,both_match,256,0,1,False,False,"['billing_descriptor', 'customer_comms', 'ip_match']",merchant_won
DSP-001827,4853,Cardholder Dispute - Defective,Mastercard,518.25,INR,2026-08-29,1,toys,express,True,True,True,avs_only,271,1,7,True,False,"['product_description', 'quality_cert', 'customer_comms']",merchant_won
DSP-001130,13.6,Credit Not Processed,Visa,1035.16,INR,2026-08-29,12,toys,pickup,True,True,True,both_match,254,0,4,True,True,"['refund_receipt', 'refund_arn', 'policy_terms']",merchant_won
DSP-004609,4853,Cardholder Dispute - Defective,Mastercard,576.05,INR,2026-08-29,5,toys,pickup,True,True,True,both_match,131,0,6,False,False,"['product_description', 'quality_cert', 'customer_comms']",merchant_won
DSP-002172,4853,Cardholder Dispute - Defective,Mastercard,791.84,INR,2026-08-29,1,books,pickup,True,True,True,both_match,94,0,7,False,True,"['product_description', 'quality_cert', 'customer_comms']",merchant_won
DSP-001925,13.1,Merchandise Not Received,Visa,701.35,INR,2026-08-29,8,fashion,pickup,False,False,False,both_match,19,0,3,False,False,"['shipping_confirmation', 'delivery_proof', 'tracking_url']",merchant_lost
DSP-000943,4853,Cardholder Dispute - Defective,Mastercard,358.88,INR,2026-08-29,10,grocery,standard,True,True,True,both_match,466,0,5,False,True,"['product_description', 'quality_cert', 'customer_comms']",merchant_won
DSP-003538,13.1,Merchandise Not Received,Visa,1526.55,INR,2026-08-29,7,automotive,pickup,True,True,True,neither,428,0,8,True,True,"['shipping_confirmation', 'delivery_proof', 'tracking_url']",merchant_lost
DSP-003157,4853,Cardholder Dispute - Defective,Mastercard,3289.22,INR,2026-08-29,22,books,standard,True,False,False,both_match,15,0,11,True,True,"['product_description', 'quality_cert', 'customer_comms']",merchant_won
DSP-004955,13.1,Merchandise Not Received,Visa,10869.0,INR,2026-08-29,0,fashion,pickup,True,True,True,neither,222,0,4,True,False,"['shipping_confirmation', 'delivery_proof', 'tracking_url']",merchant_lost
DSP-002059,13.3,Not as Described,Visa,1716.8,INR,2026-08-29,3,automotive,same_day,True,False,True,cvv_only,1029,0,3,True,True,"['product_description', 'customer_comms', 'return_policy']",merchant_won
DSP-000224,4855,Goods or Services Not Provided,Mastercard,2170.32,INR,2026-08-29,41,sports,express,True,True,True,both_match,9,0,6,False,True,"['shipping_confirmation', 'delivery_proof', 'signed_receipt']",merchant_won
DSP-000264,13.6,Credit Not Processed,Visa,1202.78,INR,2026-08-29,4,sports,pickup,True,True,True,both_match,83,0,7,False,True,"['refund_receipt', 'refund_arn', 'policy_terms']",merchant_won
DSP-004115,13.3,Not as Described,Visa,1531.08,INR,2026-08-29,18,health,standard,True,True,False,both_match,327,0,4,False,True,"['product_description', 'customer_comms', 'return_policy']",merchant_won
DSP-003811,13.6,Credit Not Processed,Visa,5242.01,INR,2026-08-29,13,sports,pickup,True,True,True,both_match,98,0,6,False,True,"['refund_receipt', 'refund_arn', 'policy_terms']",merchant_won
DSP-001148,4837,No Cardholder Authorization,Mastercard,5833.81,INR,2026-08-29,7,fashion,pickup,True,False,False,neither,25,0,3,False,True,"['3ds_authentication', 'avs_cvv', 'ip_match']",merchant_won
DSP-000931,4853,Cardholder Dispute - Defective,Mastercard,302.18,INR,2026-08-29,11,fashion,standard,True,True,True,both_match,415,0,4,True,True,"['product_description', 'quality_cert', 'customer_comms']",merchant_won
DSP-002465,10.4,Fraud - Card Absent,Visa,6634.69,INR,2026-08-29,6,electronics,express,False,False,False,neither,75,1,1,False,False,"['avs_cvv', 'ip_match', 'delivery_proof', 'device_fingerprint']",merchant_lost
DSP-003597,4863,Cardholder Does Not Recognize,Mastercard,9006.23,INR,2026-08-29,26,home,same_day,False,False,True,avs_only,27,0,3,False,False,"['billing_descriptor', 'customer_comms', 'ip_match']",merchant_lost
DSP-000049,13.1,Merchandise Not Received,Visa,301.4,INR,2026-08-29,1,health,pickup,True,True,True,both_match,170,1,7,True,True,"['shipping_confirmation', 'delivery_proof', 'tracking_url']",merchant_won
DSP-004680,4837,No Cardholder Authorization,Mastercard,2091.69,INR,2026-08-29,83,fashion,pickup,False,False,False,neither,73,1,0,True,False,"['3ds_authentication', 'avs_cvv', 'ip_match']",merchant_lost
DSP-000183,4860,Credit Not Processed (MC),Mastercard,1789.41,INR,2026-08-29,3,grocery,same_day,True,True,True,both_match,131,0,3,True,True,"['refund_receipt', 'refund_arn', 'policy_terms']",merchant_lost
DSP-000506,13.1,Merchandise Not Received,Visa,4548.02,INR,2026-08-29,15,automotive,same_day,True,False,True,both_match,387,0,8,False,True,"['shipping_confirmation', 'delivery_proof', 'tracking_url']",merchant_won
DSP-000455,4853,Cardholder Dispute - Defective,Mastercard,244.32,INR,2026-08-29,9,sports,express,True,True,False,both_match,337,0,7,False,True,"['product_description', 'quality_cert', 'customer_comms']",merchant_won
DSP-002019,4837,No Cardholder Authorization,Mastercard,1229.73,INR,2026-08-29,30,health,standard,True,True,False,avs_only,86,1,1,True,True,"['3ds_authentication', 'avs_cvv', 'ip_match']",merchant_won
DSP-003209,4860,Credit Not Processed (MC),Mastercard,1342.86,INR,2026-08-29,10,books,standard,True,False,True,cvv_only,539,0,5,False,False,"['refund_receipt', 'refund_arn', 'policy_terms']",merchant_won
DSP-001390,10.4,Fraud - Card Absent,Visa,468.36,INR,2026-08-29,7,grocery,same_day,True,False,True,neither,156,0,0,False,False,"['avs_cvv', 'ip_match', 'delivery_proof', 'device_fingerprint']",merchant_lost
DSP-003572,13.1,Merchandise Not Received,Visa,200.56,INR,2026-08-29,28,automotive,pickup,True,True,True,both_match,583,0,4,True,False,"['shipping_confirmation', 'delivery_proof', 'tracking_url']",merchant_won
DSP-001776,10.4,Fraud - Card Absent,Visa,2136.29,INR,2026-08-29,50,electronics,same_day,False,False,False,neither,53,1,3,False,False,"['avs_cvv', 'ip_match', 'delivery_proof', 'device_fingerprint']",merchant_won
DSP-000866,13.1,Merchandise Not Received,Visa,2821.2,INR,2026-08-29,25,health,same_day,True,True,True,both_match,485,0,8,True,False,"['shipping_confirmation', 'delivery_proof', 'tracking_url']",merchant_won
DSP-003905,4855,Goods or Services Not Provided,Mastercard,3068.45,INR,2026-08-29,35,health,standard,False,False,True,cvv_only,317,0,5,False,False,"['shipping_confirmation', 'delivery_proof', 'signed_receipt']",merchant_lost
DSP-001327,10.4,Fraud - Card Absent,Visa,7403.35,INR,2026-08-29,3,fashion,standard,False,False,False,avs_only,174,1,1,False,False,"['avs_cvv', 'ip_match', 'delivery_proof', 'device_fingerprint']",merchant_lost
DSP-000046,4855,Goods or Services Not Provided,Mastercard,4632.46,INR,2026-08-29,36,books,pickup,True,True,True,both_match,54,0,7,False,False,"['shipping_confirmation', 'delivery_proof', 'signed_receipt']",merchant_won
DSP-001637,13.1,Merchandise Not Received,Visa,2792.79,INR,2026-08-29,3,health,standard,True,True,True,avs_only,57,0,12,True,True,"['shipping_confirmation', 'delivery_proof', 'tracking_url']",merchant_won
DSP-001817,4855,Goods or Services Not Provided,Mastercard,166.41,INR,2026-08-29,19,health,express,True,True,True,avs_only,307,0,6,False,True,"['shipping_confirmation', 'delivery_proof', 'signed_receipt']",merchant_won
DSP-002756,4863,Cardholder Does Not Recognize,Mastercard,2558.95,INR,2026-08-29,3,electronics,same_day,False,False,False,neither,162,1,1,True,False,"['billing_descriptor', 'customer_comms', 'ip_match']",merchant_lost
DSP-000484,10.4,Fraud - Card Absent,Visa,406.55,INR,2026-08-29,5,books,same_day,True,False,False,both_match,137,0,2,False,False,"['avs_cvv', 'ip_match', 'delivery_proof', 'device_fingerprint']",merchant_won
DSP-003037,13.1,Merchandise Not Received,Visa,496.18,INR,2026-08-29,15,sports,pickup,True,False,True,both_match,91,0,8,True,True,"['shipping_confirmation', 'delivery_proof', 'tracking_url']",merchant_won
DSP-004334,10.4,Fraud - Card Absent,Visa,3742.15,INR,2026-08-29,9,toys,standard,False,False,True,both_match,20,0,0,True,False,"['avs_cvv', 'ip_match', 'delivery_proof', 'device_fingerprint']",merchant_won
DSP-002852,13.3,Not as Described,Visa,2648.28,INR,2026-08-29,31,health,pickup,True,True,False,both_match,228,0,5,True,True,"['product_description', 'customer_comms', 'return_policy']",merchant_lost
DSP-000930,4837,No Cardholder Authorization,Mastercard,4841.26,INR,2026-08-29,2,home,standard,False,False,True,neither,63,1,3,True,False,"['3ds_authentication', 'avs_cvv', 'ip_match']",merchant_lost
DSP-003869,10.4,Fraud - Card Absent,Visa,6525.21,INR,2026-08-29,4,grocery,pickup,True,True,True,avs_only,20,1,1,False,False,"['avs_cvv', 'ip_match', 'delivery_proof', 'device_fingerprint']",merchant_lost
DSP-000769,4863,Cardholder Does Not Recognize,Mastercard,84.22,INR,2026-08-29,15,toys,express,False,False,True,avs_only,23,0,1,False,False,"['billing_descriptor', 'customer_comms', 'ip_match']",merchant_lost
DSP-003002,4855,Goods or Services Not Provided,Mastercard,1720.59,INR,2026-08-29,13,health,same_day,True,True,True,cvv_only,132,0,7,False,True,"['shipping_confirmation', 'delivery_proof', 'signed_receipt']",merchant_won
DSP-004258,10.4,Fraud - Card Absent,Visa,5778.71,INR,2026-08-29,14,automotive,standard,False,False,True,avs_only,173,0,3,True,False,"['avs_cvv', 'ip_match', 'delivery_proof', 'device_fingerprint']",merchant_lost
DSP-000883,13.1,Merchandise Not Received,Visa,1194.59,INR,2026-08-29,14,books,express,True,True,True,both_match,34,0,2,True,False,"['shipping_confirmation', 'delivery_proof', 'tracking_url']",merchant_won
DSP-002752,4860,Credit Not Processed (MC),Mastercard,362.41,INR,2026-08-29,5,health,standard,True,True,True,both_match,543,1,10,True,True,"['refund_receipt', 'refund_arn', 'policy_terms']",merchant_won
DSP-003458,13.3,Not as Described,Visa,749.57,INR,2026-08-29,12,sports,same_day,True,True,True,both_match,71,0,7,True,False,"['product_description', 'customer_comms', 'return_policy']",merchant_won
DSP-001508,13.1,Merchandise Not Received,Visa,190.43,INR,2026-08-29,3,books,express,True,False,True,both_match,325,0,5,True,False,"['shipping_confirmation', 'delivery_proof', 'tracking_url']",merchant_won
DSP-001563,13.6,Credit Not Processed,Visa,363.03,INR,2026-08-29,19,health,standard,True,True,True,both_match,49,0,4,True,False,"['refund_receipt', 'refund_arn', 'policy_terms']",merchant_won
DSP-003321,13.1,Merchandise Not Received,Visa,173.69,INR,2026-08-29,2,beauty,same_day,True,True,True,both_match,21,0,9,True,True,"['shipping_confirmation', 'delivery_proof', 'tracking_url']",merchant_won
DSP-001552,13.3,Not as Described,Visa,273.36,INR,2026-08-29,25,electronics,pickup,True,True,True,avs_only,110,0,6,False,True,"['product_description', 'customer_comms', 'return_policy']",merchant_won
DSP-001656,13.1,Merchandise Not Received,Visa,4002.61,INR,2026-08-29,24,beauty,standard,True,True,True,both_match,153,0,9,False,True,"['shipping_confirmation', 'delivery_proof', 'tracking_url']",merchant_won
DSP-000688,13.1,Merchandise Not Received,Visa,222.82,INR,2026-08-29,10,beauty,pickup,True,True,True,both_match,32,1,9,False,False,"['shipping_confirmation', 'delivery_proof', 'tracking_url']",merchant_won
DSP-000918,4863,Cardholder Does Not Recognize,Mastercard,439.47,INR,2026-08-29,2,grocery,express,True,True,False,avs_only,70,0,4,True,False,"['billing_descriptor', 'customer_comms', 'ip_match']",merchant_won
DSP-004317,13.6,Credit Not Processed,Visa,1206.75,INR,2026-08-29,17,beauty,standard,True,True,False,both_match,21,0,6,True,True,"['refund_receipt', 'refund_arn', 'policy_terms']",merchant_won
DSP-001294,13.1,Merchandise Not Received,Visa,729.51,INR,2026-08-29,25,health,same_day,True,False,True,both_match,120,1,5,True,True,"['shipping_confirmation', 'delivery_proof', 'tracking_url']",merchant_won
DSP-000706,4853,Cardholder Dispute - Defective,Mastercard,1109.78,INR,2026-08-29,4,electronics,pickup,True,True,False,avs_only,34,0,6,False,True,"['product_description', 'quality_cert', 'customer_comms']",merchant_won
DSP-003865,13.6,Credit Not Processed,Visa,423.3,INR,2026-08-29,4,grocery,standard,True,True,True,both_match,122,0,8,True,True,"['refund_receipt', 'refund_arn', 'policy_terms']",merchant_won
DSP-001100,4853,Cardholder Dispute - Defective,Mastercard,2420.97,INR,2026-08-29,6,electronics,pickup,True,True,True,both_match,32,0,5,False,True,"['product_description', 'quality_cert', 'customer_comms']",merchant_won
DSP-003055,4863,Cardholder Does Not Recognize,Mastercard,1099.19,INR,2026-08-29,8,electronics,pickup,False,False,True,neither,263,1,2,True,False,"['billing_descriptor', 'customer_comms', 'ip_match']",merchant_won
DSP-004062,13.1,Merchandise Not Received,Visa,2137.08,INR,2026-08-29,0,health,express,True,True,True,both_match,394,0,5,True,True,"['shipping_confirmation', 'delivery_proof', 'tracking_url']",merchant_won
DSP-003840,4860,Credit Not Processed (MC),Mastercard,1123.96,INR,2026-08-29,11,books,pickup,True,True,True,cvv_only,396,0,4,True,True,"['refund_receipt', 'refund_arn', 'policy_terms']",merchant_won
DSP-002214,4853,Cardholder Dispute - Defective,Mastercard,1642.26,INR,2026-08-29,7,automotive,standard,True,True,True,both_match,174,0,6,False,True,"['product_description', 'quality_cert', 'customer_comms']",merchant_won
DSP-000779,4837,No Cardholder Authorization,Mastercard,623.0,INR,2026-08-29,4,automotive,standard,False,False,True,neither,110,1,2,False,False,"['3ds_authentication', 'avs_cvv', 'ip_match']",merchant_lost
DSP-000228,13.1,Merchandise Not Received,Visa,14247.92,INR,2026-08-29,16,books,same_day,True,True,True,both_match,54,0,7,False,True,"['shipping_confirmation', 'delivery_proof', 'tracking_url']",merchant_won
DSP-002295,4837,No Cardholder Authorization,Mastercard,1590.21,INR,2026-08-29,13,toys,standard,True,True,False,neither,71,1,2,False,False,"['3ds_authentication', 'avs_cvv', 'ip_match']",merchant_lost
DSP-000876,4860,Credit Not Processed (MC),Mastercard,1324.55,INR,2026-08-29,2,grocery,same_day,True,True,True,both_match,159,1,7,False,True,"['refund_receipt', 'refund_arn', 'policy_terms']",merchant_won
DSP-004405,13.6,Credit Not Processed,Visa,1699.07,INR,2026-08-29,29,toys,pickup,True,True,True,avs_only,20,0,4,True,True,"['refund_receipt', 'refund_arn', 'policy_terms']",merchant_won
DSP-004210,4860,Credit Not Processed (MC),Mastercard,344.12,INR,2026-08-29,21,sports,standard,True,True,True,both_match,538,0,4,False,True,"['refund_receipt', 'refund_arn', 'policy_terms']",merchant_won
DSP-003936,4853,Cardholder Dispute - Defective,Mastercard,1427.73,INR,2026-08-29,15,beauty,same_day,True,True,True,avs_only,50,0,4,False,True,"['product_description', 'quality_cert', 'customer_comms']",merchant_won
DSP-000500,13.1,Merchandise Not Received,Visa,270.22,INR,2026-08-29,6,health,express,True,True,True,both_match,310,0,9,False,True,"['shipping_confirmation', 'delivery_proof', 'tracking_url']",merchant_won
DSP-001921,4863,Cardholder Does Not Recognize,Mastercard,20643.52,INR,2026-08-29,1,automotive,same_day,False,False,False,both_match,36,0,4,True,False,"['billing_descriptor', 'customer_comms', 'ip_match']",merchant_lost
DSP-002065,13.3,Not as Described,Visa,633.19,INR,2026-08-29,15,beauty,pickup,True,True,True,avs_only,211,0,9,False,False,"['product_description', 'customer_comms', 'return_policy']",merchant_won
DSP-002999,13.1,Merchandise Not Received,Visa,1904.82,INR,2026-08-29,75,fashion,pickup,True,True,True,both_match,11,0,6,False,False,"['shipping_confirmation', 'delivery_proof', 'tracking_url']",merchant_won
DSP-001753,4855,Goods or Services Not Provided,Mastercard,448.02,INR,2026-08-29,17,electronics,express,True,True,True,both_match,289,0,10,True,True,"['shipping_confirmation', 'delivery_proof', 'signed_receipt']",merchant_won
DSP-002969,10.5,Fraud - Counterfeit,Visa,2467.87,INR,2026-08-29,3,automotive,standard,False,False,False,cvv_only,33,0,2,True,False,"['emv_chip_data', 'pin_verification']",merchant_won
DSP-002027,13.3,Not as Described,Visa,276.97,INR,2026-08-29,26,grocery,same_day,True,True,True,neither,77,0,10,True,True,"['product_description', 'customer_comms', 'return_policy']",merchant_lost
DSP-002252,4837,No Cardholder Authorization,Mastercard,593.65,INR,2026-08-29,34,sports,standard,False,False,True,avs_only,6,0,1,False,True,"['3ds_authentication', 'avs_cvv', 'ip_match']",merchant_lost
DSP-001840,10.5,Fraud - Counterfeit,Visa,1263.22,INR,2026-08-29,14,fashion,pickup,True,False,False,both_match,48,0,0,False,False,"['emv_chip_data', 'pin_verification']",merchant_lost
DSP-000987,13.6,Credit Not Processed,Visa,236.46,INR,2026-08-29,14,health,express,True,True,True,neither,254,0,6,True,True,"['refund_receipt', 'refund_arn', 'policy_terms']",merchant_won
DSP-004264,10.4,Fraud - Card Absent,Visa,1577.85,INR,2026-08-29,0,sports,pickup,False,False,False,neither,48,0,1,False,False,"['avs_cvv', 'ip_match', 'delivery_proof', 'device_fingerprint']",merchant_won
DSP-002428,13.1,Merchandise Not Received,Visa,335.96,INR,2026-08-29,29,automotive,express,True,True,True,cvv_only,12,0,7,True,False,"['shipping_confirmation', 'delivery_proof', 'tracking_url']",merchant_lost
DSP-003184,13.1,Merchandise Not Received,Visa,247.74,INR,2026-08-29,0,health,standard,True,True,False,both_match,72,1,6,False,True,"['shipping_confirmation', 'delivery_proof', 'tracking_url']",merchant_lost
DSP-001342,13.1,Merchandise Not Received,Visa,5037.42,INR,2026-08-29,14,health,standard,True,True,True,both_match,29,0,4,True,True,"['shipping_confirmation', 'delivery_proof', 'tracking_url']",merchant_won
DSP-001728,13.3,Not as Described,Visa,233.19,INR,2026-08-29,8,home,standard,True,True,True,both_match,55,0,4,True,True,"['product_description', 'customer_comms', 'return_policy']",merchant_won
DSP-003117,4860,Credit Not Processed (MC),Mastercard,216.67,INR,2026-08-29,2,sports,express,True,False,True,both_match,100,0,9,True,True,"['refund_receipt', 'refund_arn', 'policy_terms']",merchant_won
DSP-000351,4853,Cardholder Dispute - Defective,Mastercard,2577.22,INR,2026-08-29,4,grocery,standard,True,True,True,both_match,265,0,4,True,False,"['product_description', 'quality_cert', 'customer_comms']",merchant_lost
DSP-002939,13.1,Merchandise Not Received,Visa,1511.6,INR,2026-08-29,1,home,express,True,True,True,both_match,222,0,2,True,True,"['shipping_confirmation', 'delivery_proof', 'tracking_url']",merchant_won
DSP-003569,4837,No Cardholder Authorization,Mastercard,1927.94,INR,2026-08-29,0,electronics,same_day,False,False,False,avs_only,98,1,0,False,False,"['3ds_authentication', 'avs_cvv', 'ip_match']",merchant_lost
DSP-003826,4860,Credit Not Processed (MC),Mastercard,459.31,INR,2026-08-29,11,home,express,True,True,False,both_match,189,1,3,True,True,"['refund_receipt', 'refund_arn', 'policy_terms']",merchant_won
DSP-000643,4863,Cardholder Does Not Recognize,Mastercard,3459.69,INR,2026-08-29,2,health,express,True,True,False,cvv_only,2,1,1,False,False,"['billing_descriptor', 'customer_comms', 'ip_match']",merchant_won
DSP-003511,4855,Goods or Services Not Provided,Mastercard,2929.02,INR,2026-08-29,8,health,same_day,True,True,True,both_match,10,0,4,False,True,"['shipping_confirmation', 'delivery_proof', 'signed_receipt']",merchant_won
DSP-003704,4837,No Cardholder Authorization,Mastercard,1777.4,INR,2026-08-29,3,health,express,False,False,False,cvv_only,6,1,4,True,False,"['3ds_authentication', 'avs_cvv', 'ip_match']",merchant_lost
DSP-003279,4855,Goods or Services Not Provided,Mastercard,2301.89,INR,2026-08-29,25,automotive,same_day,True,True,True,both_match,98,0,7,False,True,"['shipping_confirmation', 'delivery_proof', 'signed_receipt']",merchant_won
DSP-003402,10.5,Fraud - Counterfeit,Visa,14953.35,INR,2026-08-29,27,books,express,True,False,False,neither,177,0,1,False,True,"['emv_chip_data', 'pin_verification']",merchant_lost
DSP-002990,4837,No Cardholder Authorization,Mastercard,3153.09,INR,2026-08-29,6,electronics,same_day,True,True,True,neither,46,0,0,False,False,"['3ds_authentication', 'avs_cvv', 'ip_match']",merchant_won
DSP-003983,13.1,Merchandise Not Received,Visa,11355.94,INR,2026-08-29,3,grocery,standard,True,True,True,both_match,190,0,3,True,True,"['shipping_confirmation', 'delivery_proof', 'tracking_url']",merchant_lost
DSP-004798,13.1,Merchandise Not Received,Visa,147.71,INR,2026-08-29,19,electronics,standard,True,False,True,cvv_only,232,0,8,True,True,"['shipping_confirmation', 'delivery_proof', 'tracking_url']",merchant_won
DSP-002397,10.4,Fraud - Card Absent,Visa,2471.88,INR,2026-08-29,13,toys,same_day,True,True,True,neither,81,0,2,False,False,"['avs_cvv', 'ip_match', 'delivery_proof', 'device_fingerprint']",merchant_won
DSP-001790,4855,Goods or Services Not Provided,Mastercard,269.84,INR,2026-08-29,45,books,standard,True,False,True,avs_only,40,0,5,False,True,"['shipping_confirmation', 'delivery_proof', 'signed_receipt']",merchant_won
DSP-002588,10.4,Fraud - Card Absent,Visa,1455.53,INR,2026-08-29,1,home,standard,True,True,False,cvv_only,15,1,1,False,False,"['avs_cvv', 'ip_match', 'delivery_proof', 'device_fingerprint']",merchant_lost
DSP-000809,13.6,Credit Not Processed,Visa,275.82,INR,2026-08-29,17,beauty,standard,True,True,True,both_match,64,0,9,True,True,"['refund_receipt', 'refund_arn', 'policy_terms']",merchant_won
DSP-002677,4855,Goods or Services Not Provided,Mastercard,4028.79,INR,2026-08-29,44,beauty,express,True,True,False,both_match,662,0,4,False,True,"['shipping_confirmation', 'delivery_proof', 'signed_receipt']",merchant_won
DSP-001781,10.4,Fraud - Card Absent,Visa,14898.35,INR,2026-08-29,60,automotive,standard,False,False,True,both_match,26,0,1,False,False,"['avs_cvv', 'ip_match', 'delivery_proof', 'device_fingerprint']",merchant_won
DSP-000290,4860,Credit Not Processed (MC),Mastercard,1418.57,INR,2026-08-29,0,toys,standard,True,True,True,both_match,240,0,5,True,False,"['refund_receipt', 'refund_arn', 'policy_terms']",merchant_won
DSP-001893,4863,Cardholder Does Not Recognize,Mastercard,1634.59,INR,2026-08-29,13,fashion,express,False,False,False,neither,22,0,2,True,False,"['billing_descriptor', 'customer_comms', 'ip_match']",merchant_won
DSP-000162,10.4,Fraud - Card Absent,Visa,771.63,INR,2026-08-29,2,toys,pickup,False,False,False,neither,385,0,4,False,False,"['avs_cvv', 'ip_match', 'delivery_proof', 'device_fingerprint']",merchant_won
DSP-000886,4853,Cardholder Dispute - Defective,Mastercard,2966.52,INR,2026-08-29,4,health,standard,True,True,True,both_match,37,0,6,True,True,"['product_description', 'quality_cert', 'customer_comms']",merchant_lost
DSP-000313,10.5,Fraud - Counterfeit,Visa,3045.45,INR,2026-08-29,32,electronics,standard,False,False,True,cvv_only,66,1,2,False,False,"['emv_chip_data', 'pin_verification']",merchant_lost
DSP-002697,13.1,Merchandise Not Received,Visa,79.83,INR,2026-08-29,25,toys,express,True,False,True,both_match,411,0,10,True,True,"['shipping_confirmation', 'delivery_proof', 'tracking_url']",merchant_won
DSP-004442,13.3,Not as Described,Visa,462.31,INR,2026-08-29,37,sports,express,True,True,True,both_match,428,0,7,True,True,"['product_description', 'customer_comms', 'return_policy']",merchant_won
DSP-004092,4837,No Cardholder Authorization,Mastercard,1997.05,INR,2026-08-29,16,grocery,pickup,True,True,False,neither,28,1,1,True,True,"['3ds_authentication', 'avs_cvv', 'ip_match']",merchant_won
DSP-004837,10.4,Fraud - Card Absent,Visa,3472.91,INR,2026-08-29,16,fashion,express,False,False,False,both_match,398,1,1,False,False,"['avs_cvv', 'ip_match', 'delivery_proof', 'device_fingerprint']",merchant_lost
DSP-004744,13.1,Merchandise Not Received,Visa,251.46,INR,2026-08-29,18,toys,standard,True,True,True,avs_only,112,0,2,False,True,"['shipping_confirmation', 'delivery_proof', 'tracking_url']",merchant_won
DSP-000543,10.4,Fraud - Card Absent,Visa,855.54,INR,2026-08-29,44,health,standard,True,True,True,neither,107,0,1,False,False,"['avs_cvv', 'ip_match', 'delivery_proof', 'device_fingerprint']",merchant_lost
DSP-002141,4863,Cardholder Does Not Recognize,Mastercard,3130.17,INR,2026-08-29,3,grocery,pickup,False,False,True,avs_only,62,0,2,False,False,"['billing_descriptor', 'customer_comms', 'ip_match']",merchant_won
DSP-003644,13.6,Credit Not Processed,Visa,712.94,INR,2026-08-29,5,electronics,express,True,True,True,both_match,90,0,5,False,True,"['refund_receipt', 'refund_arn', 'policy_terms']",merchant_won
DSP-001001,4863,Cardholder Does Not Recognize,Mastercard,2633.02,INR,2026-08-29,2,beauty,pickup,False,False,True,cvv_only,37,0,2,False,True,"['billing_descriptor', 'customer_comms', 'ip_match']",merchant_lost
DSP-003620,4853,Cardholder Dispute - Defective,Mastercard,3504.34,INR,2026-08-29,5,fashion,standard,True,True,True,both_match,102,0,4,True,False,"['product_description', 'quality_cert', 'customer_comms']",merchant_won
DSP-001027,4863,Cardholder Does Not Recognize,Mastercard,1047.39,INR,2026-08-29,27,fashion,express,False,False,True,neither,94,0,2,False,True,"['billing_descriptor', 'customer_comms', 'ip_match']",merchant_won
DSP-001742,13.1,Merchandise Not Received,Visa,3374.91,INR,2026-08-29,11,beauty,standard,True,True,True,both_match,112,0,6,False,True,"['shipping_confirmation', 'delivery_proof', 'tracking_url']",merchant_won
DSP-002072,10.4,Fraud - Card Absent,Visa,243.99,INR,2026-08-29,11,electronics,pickup,True,True,True,neither,49,2,5,False,True,"['avs_cvv', 'ip_match', 'delivery_proof', 'device_fingerprint']",merchant_lost
DSP-003897,4837,No Cardholder Authorization,Mastercard,13344.19,INR,2026-08-29,80,sports,standard,False,False,False,neither,12,2,4,False,True,"['3ds_authentication', 'avs_cvv', 'ip_match']",merchant_lost
DSP-002294,13.1,Merchandise Not Received,Visa,5751.15,INR,2026-08-29,35,fashion,standard,True,True,True,both_match,18,0,8,False,True,"['shipping_confirmation', 'delivery_proof', 'tracking_url']",merchant_won
DSP-000736,13.1,Merchandise Not Received,Visa,1102.6,INR,2026-08-29,15,home,standard,True,True,True,both_match,453,0,3,False,True,"['shipping_confirmation', 'delivery_proof', 'tracking_url']",merchant_won
DSP-003090,13.3,Not as Described,Visa,1167.73,INR,2026-08-29,5,beauty,same_day,True,True,True,both_match,977,1,13,False,False,"['product_description', 'customer_comms', 'return_policy']",merchant_lost
DSP-000612,4853,Cardholder Dispute - Defective,Mastercard,491.45,INR,2026-08-29,17,home,standard,True,True,True,avs_only,211,0,8,True,False,"['product_description', 'quality_cert', 'customer_comms']",merchant_won
DSP-002227,4837,No Cardholder Authorization,Mastercard,1047.92,INR,2026-08-29,42,fashion,pickup,False,False,False,cvv_only,63,1,2,False,False,"['3ds_authentication', 'avs_cvv', 'ip_match']",merchant_lost
DSP-002981,13.3,Not as Described,Visa,727.38,INR,2026-08-29,1,sports,same_day,True,True,False,both_match,25,0,6,True,True,"['product_description', 'customer_comms', 'return_policy']",merchant_won
DSP-002056,10.4,Fraud - Card Absent,Visa,4534.49,INR,2026-08-29,2,books,express,False,False,False,neither,218,1,2,False,False,"['avs_cvv', 'ip_match', 'delivery_proof', 'device_fingerprint']",merchant_lost
DSP-000893,13.6,Credit Not Processed,Visa,367.34,INR,2026-08-29,3,sports,standard,True,True,True,both_match,123,0,5,True,False,"['refund_receipt', 'refund_arn', 'policy_terms']",merchant_won
DSP-001258,4853,Cardholder Dispute - Defective,Mastercard,997.11,INR,2026-08-29,16,beauty,same_day,True,False,True,cvv_only,0,0,4,False,True,"['product_description', 'quality_cert', 'customer_comms']",merchant_lost
DSP-001885,4863,Cardholder Does Not Recognize,Mastercard,9135.75,INR,2026-08-29,10,sports,standard,False,False,False,both_match,72,1,3,True,False,"['billing_descriptor', 'customer_comms', 'ip_match']",merchant_won
DSP-004109,4863,Cardholder Does Not Recognize,Mastercard,3443.19,INR,2026-08-29,11,fashion,same_day,True,False,True,neither,59,0,4,False,False,"['billing_descriptor', 'customer_comms', 'ip_match']",merchant_won
DSP-003048,4837,No Cardholder Authorization,Mastercard,469.91,INR,2026-08-29,12,home,same_day,False,False,True,neither,55,2,2,False,False,"['3ds_authentication', 'avs_cvv', 'ip_match']",merchant_lost
DSP-001021,10.4,Fraud - Card Absent,Visa,2196.11,INR,2026-08-29,2,fashion,pickup,False,False,True,cvv_only,32,1,1,True,False,"['avs_cvv', 'ip_match', 'delivery_proof', 'device_fingerprint']",merchant_lost
DSP-003420,10.4,Fraud - Card Absent,Visa,1991.76,INR,2026-08-29,1,sports,same_day,False,False,False,cvv_only,161,0,0,True,False,"['avs_cvv', 'ip_match', 'delivery_proof', 'device_fingerprint']",merchant_lost
DSP-003614,4860,Credit Not Processed (MC),Mastercard,673.69,INR,2026-08-29,4,home,pickup,False,False,True,both_match,1109,0,3,False,True,"['refund_receipt', 'refund_arn', 'policy_terms']",merchant_won
DSP-002422,4837,No Cardholder Authorization,Mastercard,1403.12,INR,2026-08-29,4,fashion,express,False,False,True,both_match,54,1,0,False,False,"['3ds_authentication', 'avs_cvv', 'ip_match']",merchant_lost
DSP-004731,4853,Cardholder Dispute - Defective,Mastercard,545.81,INR,2026-08-29,18,sports,same_day,True,False,True,both_match,142,0,5,True,True,"['product_description', 'quality_cert', 'customer_comms']",merchant_lost
DSP-001040,13.3,Not as Described,Visa,177.7,INR,2026-08-29,6,books,pickup,False,False,True,both_match,384,0,5,False,True,"['product_description', 'customer_comms', 'return_policy']",merchant_won
DSP-001647,13.1,Merchandise Not Received,Visa,72.87,INR,2026-08-29,15,home,same_day,True,True,True,both_match,283,0,6,True,True,"['shipping_confirmation', 'delivery_proof', 'tracking_url']",merchant_lost
DSP-002795,4860,Credit Not Processed (MC),Mastercard,588.82,INR,2026-08-29,26,books,same_day,True,True,True,both_match,99,0,6,False,False,"['refund_receipt', 'refund_arn', 'policy_terms']",merchant_won
DSP-004791,4863,Cardholder Does Not Recognize,Mastercard,936.11,INR,2026-08-29,12,electronics,standard,False,False,False,neither,185,0,0,False,False,"['billing_descriptor', 'customer_comms', 'ip_match']",merchant_lost
DSP-004041,13.6,Credit Not Processed,Visa,983.4,INR,2026-08-29,3,beauty,pickup,True,True,True,avs_only,145,0,2,True,True,"['refund_receipt', 'refund_arn', 'policy_terms']",merchant_won
DSP-002777,10.4,Fraud - Card Absent,Visa,764.95,INR,2026-08-29,11,automotive,express,False,False,False,both_match,39,1,3,False,False,"['avs_cvv', 'ip_match', 'delivery_proof', 'device_fingerprint']",merchant_won
DSP-003232,4853,Cardholder Dispute - Defective,Mastercard,304.42,INR,2026-08-29,8,electronics,pickup,True,True,True,both_match,554,0,6,True,True,"['product_description', 'quality_cert', 'customer_comms']",merchant_lost
DSP-001171,13.1,Merchandise Not Received,Visa,1206.96,INR,2026-08-29,86,beauty,express,True,False,True,neither,4,0,5,False,True,"['shipping_confirmation', 'delivery_proof', 'tracking_url']",merchant_won
DSP-000036,10.4,Fraud - Card Absent,Visa,2216.48,INR,2026-08-29,4,books,standard,False,False,True,neither,151,0,2,True,True,"['avs_cvv', 'ip_match', 'delivery_proof', 'device_fingerprint']",merchant_won
DSP-000549,10.4,Fraud - Card Absent,Visa,1480.04,INR,2026-08-29,21,sports,express,False,False,True,both_match,218,1,5,False,False,"['avs_cvv', 'ip_match', 'delivery_proof', 'device_fingerprint']",merchant_won
DSP-001277,13.1,Merchandise Not Received,Visa,3566.31,INR,2026-08-29,0,electronics,express,False,False,True,both_match,195,0,7,True,True,"['shipping_confirmation', 'delivery_proof', 'tracking_url']",merchant_won
DSP-002474,4837,No Cardholder Authorization,Mastercard,10958.97,INR,2026-08-29,17,fashion,pickup,True,False,True,both_match,588,0,0,True,False,"['3ds_authentication', 'avs_cvv', 'ip_match']",merchant_lost
DSP-004224,13.1,Merchandise Not Received,Visa,2080.42,INR,2026-08-29,50,books,pickup,True,True,False,both_match,286,0,11,True,False,"['shipping_confirmation', 'delivery_proof', 'tracking_url']",merchant_won
DSP-002920,4855,Goods or Services Not Provided,Mastercard,99.28,INR,2026-08-29,6,automotive,express,False,False,True,both_match,12,0,2,True,False,"['shipping_confirmation', 'delivery_proof', 'signed_receipt']",merchant_lost
DSP-001168,4837,No Cardholder Authorization,Mastercard,356.86,INR,2026-08-29,29,toys,standard,True,True,True,neither,237,1,3,False,True,"['3ds_authentication', 'avs_cvv', 'ip_match']",merchant_won
DSP-002922,4837,No Cardholder Authorization,Mastercard,3049.72,INR,2026-08-29,56,books,pickup,True,True,False,neither,98,0,0,False,False,"['3ds_authentication', 'avs_cvv', 'ip_match']",merchant_lost
DSP-001132,10.4,Fraud - Card Absent,Visa,10368.87,INR,2026-08-29,12,health,same_day,False,False,False,neither,94,1,2,False,False,"['avs_cvv', 'ip_match', 'delivery_proof', 'device_fingerprint']",merchant_won
DSP-000587,4837,No Cardholder Authorization,Mastercard,1392.04,INR,2026-08-29,87,electronics,express,True,True,True,neither,19,0,0,False,False,"['3ds_authentication', 'avs_cvv', 'ip_match']",merchant_won
DSP-001933,4863,Cardholder Does Not Recognize,Mastercard,1350.34,INR,2026-08-29,28,fashion,pickup,False,False,False,neither,12,0,0,True,False,"['billing_descriptor', 'customer_comms', 'ip_match']",merchant_lost
DSP-000869,4863,Cardholder Does Not Recognize,Mastercard,6689.49,INR,2026-08-29,6,electronics,pickup,True,True,False,avs_only,94,0,1,True,True,"['billing_descriptor', 'customer_comms', 'ip_match']",merchant_lost
DSP-003119,10.4,Fraud - Card Absent,Visa,2029.79,INR,2026-08-29,35,home,pickup,True,True,False,both_match,8,0,4,False,True,"['avs_cvv', 'ip_match', 'delivery_proof', 'device_fingerprint']",merchant_lost
DSP-003336,4837,No Cardholder Authorization,Mastercard,4606.43,INR,2026-08-29,35,grocery,express,False,False,False,cvv_only,42,0,4,True,False,"['3ds_authentication', 'avs_cvv', 'ip_match']",merchant_lost
DSP-001200,13.1,Merchandise Not Received,Visa,2374.91,INR,2026-08-29,5,home,standard,True,True,True,both_match,206,0,5,True,True,"['shipping_confirmation', 'delivery_proof', 'tracking_url']",merchant_won
DSP-003361,4837,No Cardholder Authorization,Mastercard,105.63,INR,2026-08-29,1,home,express,False,False,False,both_match,22,0,2,False,False,"['3ds_authentication', 'avs_cvv', 'ip_match']",merchant_lost
DSP-004820,4863,Cardholder Does Not Recognize,Mastercard,2159.76,INR,2026-08-29,9,books,standard,False,False,False,cvv_only,86,0,0,False,False,"['billing_descriptor', 'customer_comms', 'ip_match']",merchant_lost
DSP-004838,4855,Goods or Services Not Provided,Mastercard,2085.2,INR,2026-08-29,15,fashion,standard,True,True,True,cvv_only,47,0,5,False,True,"['shipping_confirmation', 'delivery_proof', 'signed_receipt']",merchant_won
DSP-002987,4853,Cardholder Dispute - Defective,Mastercard,384.52,INR,2026-08-29,48,beauty,standard,True,True,True,neither,333,0,5,True,True,"['product_description', 'quality_cert', 'customer_comms']",merchant_won
DSP-004246,4855,Goods or Services Not Provided,Mastercard,202.15,INR,2026-08-29,3,home,standard,True,True,True,both_match,234,0,7,False,True,"['shipping_confirmation', 'delivery_proof', 'signed_receipt']",merchant_lost
DSP-002867,4855,Goods or Services Not Provided,Mastercard,212.78,INR,2026-08-29,4,grocery,express,True,True,False,both_match,100,0,5,False,True,"['shipping_confirmation', 'delivery_proof', 'signed_receipt']",merchant_lost
DSP-004589,4860,Credit Not Processed (MC),Mastercard,99.77,INR,2026-08-29,12,electronics,standard,True,True,True,both_match,280,0,8,True,True,"['refund_receipt', 'refund_arn', 'policy_terms']",merchant_won
DSP-001631,10.5,Fraud - Counterfeit,Visa,22195.79,INR,2026-08-29,17,health,pickup,False,False,False,both_match,25,0,3,True,False,"['emv_chip_data', 'pin_verification']",merchant_lost
DSP-004271,13.3,Not as Described,Visa,1557.61,INR,2026-08-29,21,toys,express,True,True,True,both_match,42,0,3,True,True,"['product_description', 'customer_comms', 'return_policy']",merchant_lost
DSP-004810,4855,Goods or Services Not Provided,Mastercard,282.43,INR,2026-08-29,37,beauty,same_day,True,False,True,avs_only,133,0,4,False,True,"['shipping_confirmation', 'delivery_proof', 'signed_receipt']",merchant_won
DSP-001482,10.4,Fraud - Card Absent,Visa,502.59,INR,2026-08-29,12,automotive,pickup,True,False,True,avs_only,20,1,1,False,True,"['avs_cvv', 'ip_match', 'delivery_proof', 'device_fingerprint']",merchant_lost
DSP-004664,4855,Goods or Services Not Provided,Mastercard,891.75,INR,2026-08-29,15,electronics,same_day,True,True,True,avs_only,123,0,5,False,True,"['shipping_confirmation', 'delivery_proof', 'signed_receipt']",merchant_won
DSP-000343,10.4,Fraud - Card Absent,Visa,380.1,INR,2026-08-29,9,beauty,pickup,False,False,False,cvv_only,59,0,1,False,False,"['avs_cvv', 'ip_match', 'delivery_proof', 'device_fingerprint']",merchant_lost
DSP-004071,4855,Goods or Services Not Provided,Mastercard,9270.73,INR,2026-08-29,7,toys,express,True,True,True,both_match,19,0,5,False,True,"['shipping_confirmation', 'delivery_proof', 'signed_receipt']",merchant_won
DSP-002178,4863,Cardholder Does Not Recognize,Mastercard,412.76,INR,2026-08-29,32,grocery,standard,False,False,True,neither,59,0,3,False,True,"['billing_descriptor', 'customer_comms', 'ip_match']",merchant_won
DSP-000453,13.1,Merchandise Not Received,Visa,3971.16,INR,2026-08-29,23,home,express,True,True,True,avs_only,61,0,4,False,True,"['shipping_confirmation', 'delivery_proof', 'tracking_url']",merchant_won
DSP-001772,4860,Credit Not Processed (MC),Mastercard,2799.72,INR,2026-08-29,4,health,express,True,False,False,both_match,646,0,7,True,False,"['refund_receipt', 'refund_arn', 'policy_terms']",merchant_won
DSP-001319,13.1,Merchandise Not Received,Visa,484.88,INR,2026-08-29,28,automotive,express,True,True,True,both_match,77,0,4,False,True,"['shipping_confirmation', 'delivery_proof', 'tracking_url']",merchant_won
DSP-003143,4837,No Cardholder Authorization,Mastercard,510.65,INR,2026-08-29,23,fashion,pickup,False,False,False,both_match,165,1,1,False,False,"['3ds_authentication', 'avs_cvv', 'ip_match']",merchant_lost
DSP-002109,4853,Cardholder Dispute - Defective,Mastercard,32964.38,INR,2026-08-29,18,sports,pickup,True,True,False,both_match,29,0,5,True,False,"['product_description', 'quality_cert', 'customer_comms']",merchant_won
DSP-001822,4853,Cardholder Dispute - Defective,Mastercard,387.36,INR,2026-08-29,14,books,same_day,True,True,True,both_match,65,0,5,False,True,"['product_description', 'quality_cert', 'customer_comms']",merchant_won
DSP-002700,10.4,Fraud - Card Absent,Visa,972.23,INR,2026-08-29,18,sports,standard,True,True,False,neither,48,1,4,True,False,"['avs_cvv', 'ip_match', 'delivery_proof', 'device_fingerprint']",merchant_lost
DSP-002133,13.3,Not as Described,Visa,109.66,INR,2026-08-29,33,beauty,standard,True,True,True,both_match,167,0,5,True,True,"['product_description', 'customer_comms', 'return_policy']",merchant_won
DSP-003963,13.3,Not as Described,Visa,15857.8,INR,2026-08-29,15,sports,same_day,True,True,True,both_match,277,0,6,False,True,"['product_description', 'customer_comms', 'return_policy']",merchant_lost
DSP-001928,13.3,Not as Described,Visa,350.97,INR,2026-08-29,1,books,standard,True,True,True,cvv_only,367,0,7,True,False,"['product_description', 'customer_comms', 'return_policy']",merchant_won
DSP-002923,13.3,Not as Described,Visa,661.38,INR,2026-08-29,17,toys,express,True,True,True,both_match,8,0,5,False,True,"['product_description', 'customer_comms', 'return_policy']",merchant_won
DSP-001811,4863,Cardholder Does Not Recognize,Mastercard,10939.04,INR,2026-08-29,28,health,pickup,False,False,True,neither,36,1,2,False,False,"['billing_descriptor', 'customer_comms', 'ip_match']",merchant_lost
DSP-000364,13.3,Not as Described,Visa,181.99,INR,2026-08-29,4,books,same_day,True,True,True,avs_only,10,0,5,False,True,"['product_description', 'customer_comms', 'return_policy']",merchant_lost
DSP-003922,4860,Credit Not Processed (MC),Mastercard,1304.7,INR,2026-08-29,31,books,same_day,True,True,True,both_match,710,0,6,False,True,"['refund_receipt', 'refund_arn', 'policy_terms']",merchant_won
DSP-001718,4837,No Cardholder Authorization,Mastercard,3221.96,INR,2026-08-29,12,electronics,pickup,False,False,False,avs_only,43,0,2,False,False,"['3ds_authentication', 'avs_cvv', 'ip_match']",merchant_won
DSP-002735,13.3,Not as Described,Visa,678.56,INR,2026-08-29,2,sports,express,True,True,True,both_match,207,0,7,False,False,"['product_description', 'customer_comms', 'return_policy']",merchant_lost
DSP-004138,13.6,Credit Not Processed,Visa,820.43,INR,2026-08-29,13,fashion,same_day,True,True,True,both_match,176,0,8,False,True,"['refund_receipt', 'refund_arn', 'policy_terms']",merchant_won
DSP-000380,4853,Cardholder Dispute - Defective,Mastercard,2087.41,INR,2026-08-29,18,health,pickup,True,True,True,both_match,292,0,6,False,True,"['product_description', 'quality_cert', 'customer_comms']",merchant_won
DSP-001816,4860,Credit Not Processed (MC),Mastercard,387.24,INR,2026-08-29,11,fashion,same_day,True,True,True,both_match,176,0,10,False,True,"['refund_receipt', 'refund_arn', 'policy_terms']",merchant_lost
DSP-000481,4855,Goods or Services Not Provided,Mastercard,2881.31,INR,2026-08-29,7,fashion,pickup,True,False,True,both_match,55,0,5,True,False,"['shipping_confirmation', 'delivery_proof', 'signed_receipt']",merchant_won
DSP-002393,13.1,Merchandise Not Received,Visa,229.33,INR,2026-08-29,2,beauty,same_day,True,True,True,both_match,160,0,7,False,False,"['shipping_confirmation', 'delivery_proof', 'tracking_url']",merchant_won
DSP-000940,4853,Cardholder Dispute - Defective,Mastercard,1663.05,INR,2026-08-29,0,toys,standard,True,True,True,avs_only,60,0,12,False,False,"['product_description', 'quality_cert', 'customer_comms']",merchant_lost
DSP-002853,4853,Cardholder Dispute - Defective,Mastercard,1155.26,INR,2026-08-29,31,electronics,express,True,True,True,both_match,183,0,13,True,False,"['product_description', 'quality_cert', 'customer_comms']",merchant_won
DSP-000878,4860,Credit Not Processed (MC),Mastercard,923.4,INR,2026-08-29,15,beauty,same_day,True,True,True,cvv_only,20,0,4,True,True,"['refund_receipt', 'refund_arn', 'policy_terms']",merchant_won
DSP-001517,13.6,Credit Not Processed,Visa,8253.83,INR,2026-08-29,4,sports,standard,True,True,True,both_match,269,0,2,True,True,"['refund_receipt', 'refund_arn', 'policy_terms']",merchant_won
DSP-004912,4855,Goods or Services Not Provided,Mastercard,883.35,INR,2026-08-29,2,sports,standard,True,True,True,avs_only,213,0,5,False,True,"['shipping_confirmation', 'delivery_proof', 'signed_receipt']",merchant_lost
DSP-002249,4860,Credit Not Processed (MC),Mastercard,746.85,INR,2026-08-29,5,sports,same_day,True,True,False,cvv_only,247,1,7,False,True,"['refund_receipt', 'refund_arn', 'policy_terms']",merchant_won
DSP-003051,10.4,Fraud - Card Absent,Visa,5693.61,INR,2026-08-29,0,books,express,False,False,False,cvv_only,34,0,1,False,False,"['avs_cvv', 'ip_match', 'delivery_proof', 'device_fingerprint']",merchant_lost
DSP-003713,4863,Cardholder Does Not Recognize,Mastercard,1456.05,INR,2026-08-29,6,home,standard,True,True,False,neither,283,1,4,True,True,"['billing_descriptor', 'customer_comms', 'ip_match']",merchant_won
DSP-001993,4863,Cardholder Does Not Recognize,Mastercard,1629.11,INR,2026-08-29,13,beauty,express,False,False,False,cvv_only,95,0,2,False,False,"['billing_descriptor', 'customer_comms', 'ip_match']",merchant_won
DSP-002204,4837,No Cardholder Authorization,Mastercard,3993.42,INR,2026-08-29,70,home,standard,False,False,True,neither,25,0,1,False,False,"['3ds_authentication', 'avs_cvv', 'ip_match']",merchant_lost
DSP-004868,13.1,Merchandise Not Received,Visa,297.36,INR,2026-08-29,4,grocery,standard,True,True,True,cvv_only,332,1,6,False,True,"['shipping_confirmation', 'delivery_proof', 'tracking_url']",merchant_won
DSP-000933,13.6,Credit Not Processed,Visa,728.52,INR,2026-08-29,0,home,same_day,True,True,True,both_match,651,0,5,False,True,"['refund_receipt', 'refund_arn', 'policy_terms']",merchant_won
DSP-003611,10.4,Fraud - Card Absent,Visa,1370.8,INR,2026-08-29,14,electronics,same_day,True,True,True,cvv_only,18,1,2,False,False,"['avs_cvv', 'ip_match', 'delivery_proof', 'device_fingerprint']",merchant_won
DSP-002973,13.1,Merchandise Not Received,Visa,283.78,INR,2026-08-29,17,health,express,True,True,True,neither,430,0,5,True,False,"['shipping_confirmation', 'delivery_proof', 'tracking_url']",merchant_won
DSP-003534,4863,Cardholder Does Not Recognize,Mastercard,7093.46,INR,2026-08-29,24,health,pickup,True,True,False,neither,141,1,1,False,True,"['billing_descriptor', 'customer_comms', 'ip_match']",merchant_lost
DSP-000366,4837,No Cardholder Authorization,Mastercard,6722.93,INR,2026-08-29,56,fashion,same_day,True,False,True,neither,112,0,2,False,False,"['3ds_authentication', 'avs_cvv', 'ip_match']",merchant_won
DSP-004007,4837,No Cardholder Authorization,Mastercard,7010.98,INR,2026-08-29,69,beauty,standard,True,True,False,neither,9,0,0,False,False,"['3ds_authentication', 'avs_cvv', 'ip_match']",merchant_won
DSP-001268,10.4,Fraud - Card Absent,Visa,462.91,INR,2026-08-29,20,sports,standard,True,False,False,both_match,53,0,4,False,False,"['avs_cvv', 'ip_match', 'delivery_proof', 'device_fingerprint']",merchant_lost
DSP-003733,10.5,Fraud - Counterfeit,Visa,2312.18,INR,2026-08-29,9,books,express,False,False,False,neither,115,0,3,True,False,"['emv_chip_data', 'pin_verification']",merchant_won
DSP-001257,4855,Goods or Services Not Provided,Mastercard,1227.22,INR,2026-08-29,37,grocery,same_day,False,False,True,both_match,154,0,10,False,True,"['shipping_confirmation', 'delivery_proof', 'signed_receipt']",merchant_won
DSP-000361,4863,Cardholder Does Not Recognize,Mastercard,187.53,INR,2026-08-29,33,sports,pickup,True,True,False,neither,209,0,1,False,False,"['billing_descriptor', 'customer_comms', 'ip_match']",merchant_won
DSP-001421,4855,Goods or Services Not Provided,Mastercard,688.8,INR,2026-08-29,10,fashion,standard,True,True,False,both_match,98,0,5,True,True,"['shipping_confirmation', 'delivery_proof', 'signed_receipt']",merchant_won
DSP-001652,4855,Goods or Services Not Provided,Mastercard,196.96,INR,2026-08-29,19,books,standard,True,False,True,avs_only,84,0,15,False,True,"['shipping_confirmation', 'delivery_proof', 'signed_receipt']",merchant_lost
DSP-000059,13.3,Not as Described,Visa,937.37,INR,2026-08-29,2,electronics,standard,True,True,True,avs_only,219,0,8,False,True,"['product_description', 'customer_comms', 'return_policy']",merchant_won
DSP-004848,4860,Credit Not Processed (MC),Mastercard,1219.4,INR,2026-08-29,50,beauty,same_day,True,True,True,both_match,49,0,4,True,True,"['refund_receipt', 'refund_arn', 'policy_terms']",merchant_won
DSP-003451,13.6,Credit Not Processed,Visa,311.98,INR,2026-08-29,27,fashion,same_day,True,True,True,both_match,112,0,5,False,False,"['refund_receipt', 'refund_arn', 'policy_terms']",merchant_won
DSP-003276,4855,Goods or Services Not Provided,Mastercard,670.43,INR,2026-08-29,23,automotive,standard,True,False,True,both_match,55,0,4,True,False,"['shipping_confirmation', 'delivery_proof', 'signed_receipt']",merchant_won
DSP-002784,4860,Credit Not Processed (MC),Mastercard,500.99,INR,2026-08-29,25,fashion,same_day,True,True,True,both_match,470,0,4,True,True,"['refund_receipt', 'refund_arn', 'policy_terms']",merchant_won
DSP-001240,4860,Credit Not Processed (MC),Mastercard,5405.67,INR,2026-08-29,6,beauty,express,True,True,True,both_match,417,0,6,False,True,"['refund_receipt', 'refund_arn', 'policy_terms']",merchant_lost
DSP-000602,13.6,Credit Not Processed,Visa,799.95,INR,2026-08-29,32,books,standard,True,True,True,both_match,77,0,4,False,True,"['refund_receipt', 'refund_arn', 'policy_terms']",merchant_won
DSP-004736,13.1,Merchandise Not Received,Visa,4343.0,INR,2026-08-29,2,grocery,standard,True,True,True,both_match,175,2,5,True,False,"['shipping_confirmation', 'delivery_proof', 'tracking_url']",merchant_won
DSP-000758,4860,Credit Not Processed (MC),Mastercard,752.23,INR,2026-08-29,6,grocery,express,True,True,True,both_match,231,0,6,True,True,"['refund_receipt', 'refund_arn', 'policy_terms']",merchant_lost
DSP-003890,4853,Cardholder Dispute - Defective,Mastercard,786.45,INR,2026-08-29,3,health,same_day,True,True,True,both_match,338,0,15,False,True,"['product_description', 'quality_cert', 'customer_comms']",merchant_won
DSP-002804,4860,Credit Not Processed (MC),Mastercard,2269.87,INR,2026-08-29,11,toys,pickup,True,True,True,avs_only,208,0,10,False,True,"['refund_receipt', 'refund_arn', 'policy_terms']",merchant_won
DSP-001600,4860,Credit Not Processed (MC),Mastercard,187.23,INR,2026-08-29,25,electronics,pickup,True,True,False,both_match,18,0,5,True,True,"['refund_receipt', 'refund_arn', 'policy_terms']",merchant_won
DSP-002822,4855,Goods or Services Not Provided,Mastercard,264.97,INR,2026-08-29,60,home,pickup,True,True,True,avs_only,44,0,4,True,True,"['shipping_confirmation', 'delivery_proof', 'signed_receipt']",merchant_won
DSP-004430,4860,Credit Not Processed (MC),Mastercard,1768.87,INR,2026-08-29,27,sports,standard,True,True,True,both_match,12,0,3,True,True,"['refund_receipt', 'refund_arn', 'policy_terms']",merchant_won
DSP-004807,4853,Cardholder Dispute - Defective,Mastercard,454.21,INR,2026-08-29,7,sports,pickup,False,False,True,both_match,370,0,7,True,True,"['product_description', 'quality_cert', 'customer_comms']",merchant_lost
DSP-002510,4860,Credit Not Processed (MC),Mastercard,1234.81,INR,2026-08-29,30,home,same_day,True,True,True,avs_only,518,0,4,False,False,"['refund_receipt', 'refund_arn', 'policy_terms']",merchant_won
DSP-004998,4860,Credit Not Processed (MC),Mastercard,1073.51,INR,2026-08-29,28,books,express,True,True,True,neither,119,0,7,True,False,"['refund_receipt', 'refund_arn', 'policy_terms']",merchant_won
DSP-004231,10.5,Fraud - Counterfeit,Visa,4263.95,INR,2026-08-29,1,fashion,same_day,False,False,False,neither,26,0,2,False,True,"['emv_chip_data', 'pin_verification']",merchant_lost
DSP-000362,13.3,Not as Described,Visa,648.25,INR,2026-08-29,1,health,pickup,True,False,True,neither,185,0,6,True,True,"['product_description', 'customer_comms', 'return_policy']",merchant_lost
DSP-000189,4863,Cardholder Does Not Recognize,Mastercard,1983.04,INR,2026-08-29,21,books,express,False,False,True,cvv_only,77,0,1,False,False,"['billing_descriptor', 'customer_comms', 'ip_match']",merchant_won
DSP-002360,13.1,Merchandise Not Received,Visa,68.63,INR,2026-08-29,4,health,express,True,True,True,both_match,29,0,11,False,True,"['shipping_confirmation', 'delivery_proof', 'tracking_url']",merchant_won
DSP-003059,13.1,Merchandise Not Received,Visa,648.52,INR,2026-08-29,8,beauty,standard,True,False,True,cvv_only,1050,0,7,True,True,"['shipping_confirmation', 'delivery_proof', 'tracking_url']",merchant_won
DSP-001278,4837,No Cardholder Authorization,Mastercard,407.85,INR,2026-08-29,23,fashion,express,False,False,False,neither,79,1,1,False,False,"['3ds_authentication', 'avs_cvv', 'ip_match']",merchant_lost
DSP-002186,10.4,Fraud - Card Absent,Visa,1384.79,INR,2026-08-29,0,grocery,express,True,False,False,both_match,2,0,2,False,True,"['avs_cvv', 'ip_match', 'delivery_proof', 'device_fingerprint']",merchant_lost
DSP-004053,13.1,Merchandise Not Received,Visa,1480.28,INR,2026-08-29,6,fashion,same_day,True,True,True,both_match,593,0,8,False,True,"['shipping_confirmation', 'delivery_proof', 'tracking_url']",merchant_won
DSP-004407,4855,Goods or Services Not Provided,Mastercard,5935.36,INR,2026-08-29,17,health,same_day,True,True,True,cvv_only,362,0,2,True,True,"['shipping_confirmation', 'delivery_proof', 'signed_receipt']",merchant_won
DSP-002926,4863,Cardholder Does Not Recognize,Mastercard,1681.33,INR,2026-08-29,1,beauty,same_day,True,False,False,neither,50,1,2,False,False,"['billing_descriptor', 'customer_comms', 'ip_match']",merchant_won
DSP-000694,4860,Credit Not Processed (MC),Mastercard,355.84,INR,2026-08-29,8,automotive,standard,True,True,True,both_match,52,0,9,True,False,"['refund_receipt', 'refund_arn', 'policy_terms']",merchant_won
DSP-002848,4860,Credit Not Processed (MC),Mastercard,3572.82,INR,2026-08-29,26,beauty,standard,False,False,True,both_match,296,1,4,True,True,"['refund_receipt', 'refund_arn', 'policy_terms']",merchant_lost
DSP-003502,4863,Cardholder Does Not Recognize,Mastercard,417.83,INR,2026-08-29,1,toys,pickup,True,True,True,neither,97,0,5,False,False,"['billing_descriptor', 'customer_comms', 'ip_match']",merchant_won
DSP-004056,13.1,Merchandise Not Received,Visa,2654.61,INR,2026-08-29,1,grocery,express,True,True,True,both_match,559,0,5,True,True,"['shipping_confirmation', 'delivery_proof', 'tracking_url']",merchant_won
DSP-001095,4863,Cardholder Does Not Recognize,Mastercard,19194.61,INR,2026-08-29,21,toys,standard,True,False,True,cvv_only,173,0,2,False,True,"['billing_descriptor', 'customer_comms', 'ip_match']",merchant_lost
DSP-000271,4863,Cardholder Does Not Recognize,Mastercard,869.64,INR,2026-08-29,6,automotive,standard,False,False,True,avs_only,6,0,1,True,False,"['billing_descriptor', 'customer_comms', 'ip_match']",merchant_lost
DSP-003160,10.4,Fraud - Card Absent,Visa,883.94,INR,2026-08-29,46,health,express,True,True,False,neither,111,0,0,False,True,"['avs_cvv', 'ip_match', 'delivery_proof', 'device_fingerprint']",merchant_won
DSP-001603,4860,Credit Not Processed (MC),Mastercard,261.58,INR,2026-08-29,15,grocery,pickup,True,True,True,both_match,323,0,5,False,True,"['refund_receipt', 'refund_arn', 'policy_terms']",merchant_won
DSP-003125,13.3,Not as Described,Visa,2247.64,INR,2026-08-29,9,electronics,pickup,True,True,True,both_match,278,0,2,False,True,"['product_description', 'customer_comms', 'return_policy']",merchant_won
DSP-001815,4853,Cardholder Dispute - Defective,Mastercard,769.25,INR,2026-08-29,7,books,pickup,True,True,True,both_match,95,0,4,True,True,"['product_description', 'quality_cert', 'customer_comms']",merchant_won
DSP-003743,13.1,Merchandise Not Received,Visa,5066.07,INR,2026-08-29,26,electronics,same_day,True,False,True,both_match,74,0,6,True,True,"['shipping_confirmation', 'delivery_proof', 'tracking_url']",merchant_lost
DSP-001460,4863,Cardholder Does Not Recognize,Mastercard,3051.11,INR,2026-08-29,43,beauty,pickup,False,False,False,neither,66,2,3,False,True,"['billing_descriptor', 'customer_comms', 'ip_match']",merchant_won
DSP-003430,13.6,Credit Not Processed,Visa,4073.27,INR,2026-08-29,12,electronics,express,True,False,False,both_match,350,0,7,False,True,"['refund_receipt', 'refund_arn', 'policy_terms']",merchant_won
DSP-003878,4863,Cardholder Does Not Recognize,Mastercard,625.31,INR,2026-08-29,66,sports,express,False,False,False,neither,9,0,3,True,False,"['billing_descriptor', 'customer_comms', 'ip_match']",merchant_won
DSP-001651,10.4,Fraud - Card Absent,Visa,1412.12,INR,2026-08-29,1,grocery,express,True,False,False,neither,1,1,3,False,False,"['avs_cvv', 'ip_match', 'delivery_proof', 'device_fingerprint']",merchant_lost
DSP-001404,4855,Goods or Services Not Provided,Mastercard,694.73,INR,2026-08-29,3,grocery,standard,True,False,True,both_match,505,0,9,False,True,"['shipping_confirmation', 'delivery_proof', 'signed_receipt']",merchant_won
DSP-004850,4863,Cardholder Does Not Recognize,Mastercard,1255.43,INR,2026-08-29,11,fashion,pickup,False,False,False,neither,18,1,5,False,False,"['billing_descriptor', 'customer_comms', 'ip_match']",merchant_won
DSP-000082,13.6,Credit Not Processed,Visa,1915.15,INR,2026-08-29,17,beauty,pickup,True,True,True,both_match,20,0,7,True,True,"['refund_receipt', 'refund_arn', 'policy_terms']",merchant_won
DSP-003822,4860,Credit Not Processed (MC),Mastercard,1002.78,INR,2026-08-29,25,toys,same_day,True,True,True,both_match,55,0,5,False,True,"['refund_receipt', 'refund_arn', 'policy_terms']",merchant_won
DSP-002101,13.1,Merchandise Not Received,Visa,813.13,INR,2026-08-29,0,toys,express,True,True,True,both_match,186,0,8,False,True,"['shipping_confirmation', 'delivery_proof', 'tracking_url']",merchant_won
DSP-004970,13.1,Merchandise Not Received,Visa,307.14,INR,2026-08-29,8,sports,pickup,True,True,True,both_match,118,0,10,True,True,"['shipping_confirmation', 'delivery_proof', 'tracking_url']",merchant_won
DSP-000034,10.5,Fraud - Counterfeit,Visa,904.95,INR,2026-08-29,4,electronics,pickup,True,True,False,neither,10,1,2,False,False,"['emv_chip_data', 'pin_verification']",merchant_lost
DSP-004300,10.5,Fraud - Counterfeit,Visa,3590.7,INR,2026-08-29,0,books,pickup,True,True,False,both_match,17,1,2,False,False,"['emv_chip_data', 'pin_verification']",merchant_won
DSP-003818,4853,Cardholder Dispute - Defective,Mastercard,3761.92,INR,2026-08-29,9,automotive,standard,True,True,True,both_match,73,0,7,False,True,"['product_description', 'quality_cert', 'customer_comms']",merchant_won
DSP-000399,13.1,Merchandise Not Received,Visa,5568.18,INR,2026-08-29,1,health,same_day,True,True,True,both_match,239,0,5,False,True,"['shipping_confirmation', 'delivery_proof', 'tracking_url']",merchant_won
DSP-001924,13.3,Not as Described,Visa,1305.55,INR,2026-08-29,0,toys,express,True,True,False,both_match,49,0,0,True,True,"['product_description', 'customer_comms', 'return_policy']",merchant_won
DSP-003219,4860,Credit Not Processed (MC),Mastercard,1488.53,INR,2026-08-29,16,books,standard,True,True,True,both_match,118,0,5,False,False,"['refund_receipt', 'refund_arn', 'policy_terms']",merchant_won
DSP-002652,4863,Cardholder Does Not Recognize,Mastercard,1117.59,INR,2026-08-29,25,automotive,same_day,False,False,True,neither,26,1,2,False,False,"['billing_descriptor', 'customer_comms', 'ip_match']",merchant_won
DSP-004026,4853,Cardholder Dispute - Defective,Mastercard,242.14,INR,2026-08-29,31,automotive,pickup,True,False,True,both_match,177,1,5,False,False,"['product_description', 'quality_cert', 'customer_comms']",merchant_lost
DSP-001719,13.3,Not as Described,Visa,5894.51,INR,2026-08-29,2,automotive,pickup,True,True,True,avs_only,39,0,3,False,False,"['product_description', 'customer_comms', 'return_policy']",merchant_won
DSP-004511,13.6,Credit Not Processed,Visa,15086.37,INR,2026-08-29,3,beauty,pickup,True,True,True,both_match,366,0,5,False,True,"['refund_receipt', 'refund_arn', 'policy_terms']",merchant_won
DSP-004388,10.5,Fraud - Counterfeit,Visa,94.51,INR,2026-08-29,16,books,pickup,False,False,True,neither,28,1,1,True,False,"['emv_chip_data', 'pin_verification']",merchant_lost
DSP-002078,4837,No Cardholder Authorization,Mastercard,590.29,INR,2026-08-29,5,books,same_day,False,False,False,neither,65,1,0,True,True,"['3ds_authentication', 'avs_cvv', 'ip_match']",merchant_lost
DSP-003337,13.1,Merchandise Not Received,Visa,450.82,INR,2026-08-29,33,fashion,pickup,True,True,True,both_match,91,0,5,True,True,"['shipping_confirmation', 'delivery_proof', 'tracking_url']",merchant_won
DSP-000708,10.4,Fraud - Card Absent,Visa,475.35,INR,2026-08-29,9,beauty,express,False,False,False,both_match,13,0,0,False,True,"['avs_cvv', 'ip_match', 'delivery_proof', 'device_fingerprint']",merchant_lost
DSP-002842,10.5,Fraud - Counterfeit,Visa,1467.13,INR,2026-08-29,19,fashion,express,True,True,True,both_match,141,0,5,False,False,"['emv_chip_data', 'pin_verification']",merchant_won
DSP-000717,4863,Cardholder Does Not Recognize,Mastercard,1457.53,INR,2026-08-29,36,automotive,standard,True,True,True,cvv_only,76,1,4,False,False,"['billing_descriptor', 'customer_comms', 'ip_match']",merchant_won
DSP-004099,10.4,Fraud - Card Absent,Visa,4296.98,INR,2026-08-29,58,home,pickup,False,False,True,neither,248,1,2,True,False,"['avs_cvv', 'ip_match', 'delivery_proof', 'device_fingerprint']",merchant_lost
DSP-001658,4860,Credit Not Processed (MC),Mastercard,2156.39,INR,2026-08-29,3,grocery,express,True,True,True,both_match,459,0,5,False,True,"['refund_receipt', 'refund_arn', 'policy_terms']",merchant_won
DSP-001669,13.6,Credit Not Processed,Visa,1760.08,INR,2026-08-29,17,toys,express,True,False,True,cvv_only,1118,1,2,True,True,"['refund_receipt', 'refund_arn', 'policy_terms']",merchant_won
DSP-003066,10.4,Fraud - Card Absent,Visa,12476.19,INR,2026-08-29,9,home,express,True,False,False,neither,319,1,3,False,False,"['avs_cvv', 'ip_match', 'delivery_proof', 'device_fingerprint']",merchant_lost
DSP-004076,4860,Credit Not Processed (MC),Mastercard,537.39,INR,2026-08-29,2,fashion,pickup,False,False,True,neither,220,0,5,False,False,"['refund_receipt', 'refund_arn', 'policy_terms']",merchant_won
DSP-003190,10.4,Fraud - Card Absent,Visa,601.7,INR,2026-08-29,65,beauty,pickup,True,True,True,neither,21,0,2,False,False,"['avs_cvv', 'ip_match', 'delivery_proof', 'device_fingerprint']",merchant_won
DSP-000325,4853,Cardholder Dispute - Defective,Mastercard,2109.99,INR,2026-08-29,30,electronics,same_day,True,False,True,both_match,245,0,6,False,True,"['product_description', 'quality_cert', 'customer_comms']",merchant_lost
DSP-002520,4837,No Cardholder Authorization,Mastercard,501.49,INR,2026-08-29,10,health,same_day,False,False,False,cvv_only,114,1,3,False,False,"['3ds_authentication', 'avs_cvv', 'ip_match']",merchant_lost
DSP-000134,13.6,Credit Not Processed,Visa,2921.05,INR,2026-08-29,9,automotive,standard,True,True,True,both_match,448,0,7,True,True,"['refund_receipt', 'refund_arn', 'policy_terms']",merchant_won
DSP-001212,10.5,Fraud - Counterfeit,Visa,359.65,INR,2026-08-29,21,health,same_day,False,False,True,avs_only,5,1,1,True,False,"['emv_chip_data', 'pin_verification']",merchant_lost
DSP-004209,4837,No Cardholder Authorization,Mastercard,4014.68,INR,2026-08-29,38,fashion,pickup,False,False,True,neither,68,0,2,False,False,"['3ds_authentication', 'avs_cvv', 'ip_match']",merchant_lost
DSP-004200,13.6,Credit Not Processed,Visa,218.98,INR,2026-08-29,1,health,same_day,False,False,True,both_match,723,0,7,True,True,"['refund_receipt', 'refund_arn', 'policy_terms']",merchant_won
DSP-000976,4837,No Cardholder Authorization,Mastercard,6756.56,INR,2026-08-29,14,health,pickup,True,True,False,avs_only,43,0,1,False,False,"['3ds_authentication', 'avs_cvv', 'ip_match']",merchant_lost
DSP-004610,13.1,Merchandise Not Received,Visa,205.3,INR,2026-08-29,0,electronics,standard,True,True,True,both_match,53,0,1,True,False,"['shipping_confirmation', 'delivery_proof', 'tracking_url']",merchant_won
DSP-002326,10.4,Fraud - Card Absent,Visa,512.24,INR,2026-08-29,14,books,pickup,False,False,False,both_match,103,2,1,False,False,"['avs_cvv', 'ip_match', 'delivery_proof', 'device_fingerprint']",merchant_won
DSP-002887,13.6,Credit Not Processed,Visa,991.73,INR,2026-08-29,32,fashion,same_day,True,True,True,both_match,98,0,6,False,True,"['refund_receipt', 'refund_arn', 'policy_terms']",merchant_won
DSP-004987,4853,Cardholder Dispute - Defective,Mastercard,2552.19,INR,2026-08-29,4,grocery,standard,True,True,True,both_match,271,0,2,False,True,"['product_description', 'quality_cert', 'customer_comms']",merchant_lost
DSP-004918,4863,Cardholder Does Not Recognize,Mastercard,5599.89,INR,2026-08-29,51,electronics,standard,False,False,False,both_match,16,0,0,True,False,"['billing_descriptor', 'customer_comms', 'ip_match']",merchant_lost
DSP-001504,4853,Cardholder Dispute - Defective,Mastercard,5382.8,INR,2026-08-29,4,fashion,standard,True,True,True,both_match,89,0,9,False,True,"['product_description', 'quality_cert', 'customer_comms']",merchant_won
DSP-004094,13.6,Credit Not Processed,Visa,408.34,INR,2026-08-29,15,health,express,True,True,True,both_match,18,0,7,False,True,"['refund_receipt', 'refund_arn', 'policy_terms']",merchant_won
DSP-004259,4853,Cardholder Dispute - Defective,Mastercard,1326.82,INR,2026-08-29,7,books,standard,True,True,True,cvv_only,303,0,6,False,False,"['product_description', 'quality_cert', 'customer_comms']",merchant_lost
DSP-004150,10.5,Fraud - Counterfeit,Visa,13673.74,INR,2026-08-29,23,toys,pickup,True,True,False,avs_only,41,0,1,False,False,"['emv_chip_data', 'pin_verification']",merchant_lost
DSP-002897,4853,Cardholder Dispute - Defective,Mastercard,644.29,INR,2026-08-29,59,automotive,same_day,True,True,True,avs_only,215,0,4,False,False,"['product_description', 'quality_cert', 'customer_comms']",merchant_won
DSP-004142,4837,No Cardholder Authorization,Mastercard,2213.27,INR,2026-08-29,3,grocery,pickup,True,True,True,avs_only,116,1,2,False,False,"['3ds_authentication', 'avs_cvv', 'ip_match']",merchant_lost
DSP-001914,4860,Credit Not Processed (MC),Mastercard,5384.64,INR,2026-08-29,5,books,same_day,True,True,True,both_match,190,0,2,True,True,"['refund_receipt', 'refund_arn', 'policy_terms']",merchant_won
DSP-000670,10.4,Fraud - Card Absent,Visa,961.9,INR,2026-08-29,27,fashion,same_day,False,False,True,neither,58,0,2,False,False,"['avs_cvv', 'ip_match', 'delivery_proof', 'device_fingerprint']",merchant_lost
DSP-000088,4837,No Cardholder Authorization,Mastercard,2599.15,INR,2026-08-29,1,books,pickup,False,False,True,neither,46,0,2,False,False,"['3ds_authentication', 'avs_cvv', 'ip_match']",merchant_lost
DSP-003008,4853,Cardholder Dispute - Defective,Mastercard,383.87,INR,2026-08-29,13,books,express,True,True,True,both_match,121,0,6,False,True,"['product_description', 'quality_cert', 'customer_comms']",merchant_lost
DSP-000761,4863,Cardholder Does Not Recognize,Mastercard,9382.33,INR,2026-08-29,4,toys,pickup,True,True,False,avs_only,39,0,1,True,False,"['billing_descriptor', 'customer_comms', 'ip_match']",merchant_lost
DSP-002733,4853,Cardholder Dispute - Defective,Mastercard,604.04,INR,2026-08-29,1,toys,same_day,True,True,False,avs_only,36,1,9,True,True,"['product_description', 'quality_cert', 'customer_comms']",merchant_lost
DSP-003593,10.4,Fraud - Card Absent,Visa,814.59,INR,2026-08-29,8,sports,same_day,False,False,False,avs_only,111,0,1,True,False,"['avs_cvv', 'ip_match', 'delivery_proof', 'device_fingerprint']",merchant_lost
DSP-003199,4853,Cardholder Dispute - Defective,Mastercard,153.5,INR,2026-08-29,26,grocery,express,True,True,True,both_match,181,0,10,True,False,"['product_description', 'quality_cert', 'customer_comms']",merchant_lost
DSP-003100,13.1,Merchandise Not Received,Visa,5832.32,INR,2026-08-29,14,electronics,express,True,True,True,both_match,83,0,6,False,False,"['shipping_confirmation', 'delivery_proof', 'tracking_url']",merchant_won
DSP-003668,13.3,Not as Described,Visa,278.11,INR,2026-08-29,38,sports,standard,True,True,True,both_match,105,0,4,True,True,"['product_description', 'customer_comms', 'return_policy']",merchant_lost
DSP-000901,4855,Goods or Services Not Provided,Mastercard,327.98,INR,2026-08-29,9,automotive,pickup,True,True,True,both_match,100,0,9,True,True,"['shipping_confirmation', 'delivery_proof', 'signed_receipt']",merchant_won
DSP-004855,4863,Cardholder Does Not Recognize,Mastercard,357.47,INR,2026-08-29,1,beauty,same_day,True,False,False,avs_only,110,0,3,True,False,"['billing_descriptor', 'customer_comms', 'ip_match']",merchant_lost
DSP-000710,4837,No Cardholder Authorization,Mastercard,2687.84,INR,2026-08-29,20,grocery,standard,False,False,False,cvv_only,25,0,0,True,False,"['3ds_authentication', 'avs_cvv', 'ip_match']",merchant_lost
DSP-000163,4860,Credit Not Processed (MC),Mastercard,198.3,INR,2026-08-29,3,toys,express,True,True,True,both_match,157,0,11,True,True,"['refund_receipt', 'refund_arn', 'policy_terms']",merchant_won
DSP-004039,4837,No Cardholder Authorization,Mastercard,4681.61,INR,2026-08-29,29,toys,express,False,False,True,cvv_only,109,1,2,False,False,"['3ds_authentication', 'avs_cvv', 'ip_match']",merchant_lost
DSP-001135,4863,Cardholder Does Not Recognize,Mastercard,817.76,INR,2026-08-29,8,fashion,standard,True,True,True,both_match,70,0,2,False,True,"['billing_descriptor', 'customer_comms', 'ip_match']",merchant_won
DSP-000891,13.3,Not as Described,Visa,114.46,INR,2026-08-29,8,sports,express,False,False,True,both_match,109,0,5,False,False,"['product_description', 'customer_comms', 'return_policy']",merchant_lost
DSP-002529,4860,Credit Not Processed (MC),Mastercard,95.45,INR,2026-08-29,31,grocery,same_day,True,True,False,both_match,262,0,7,True,True,"['refund_receipt', 'refund_arn', 'policy_terms']",merchant_won
DSP-003566,10.4,Fraud - Card Absent,Visa,4691.26,INR,2026-08-29,19,fashion,pickup,False,False,False,avs_only,61,3,4,True,False,"['avs_cvv', 'ip_match', 'delivery_proof', 'device_fingerprint']",merchant_lost
DSP-003806,13.1,Merchandise Not Received,Visa,247.46,INR,2026-08-29,0,beauty,same_day,True,True,True,both_match,66,0,5,False,True,"['shipping_confirmation', 'delivery_proof', 'tracking_url']",merchant_lost
DSP-002031,4863,Cardholder Does Not Recognize,Mastercard,1481.85,INR,2026-08-29,90,fashion,same_day,False,False,False,neither,40,0,2,True,False,"['billing_descriptor', 'customer_comms', 'ip_match']",merchant_lost
DSP-002102,4853,Cardholder Dispute - Defective,Mastercard,375.8,INR,2026-08-29,8,home,pickup,True,True,True,both_match,554,0,1,False,True,"['product_description', 'quality_cert', 'customer_comms']",merchant_won
DSP-004828,13.1,Merchandise Not Received,Visa,383.74,INR,2026-08-29,47,sports,pickup,True,True,True,both_match,15,0,7,True,False,"['shipping_confirmation', 'delivery_proof', 'tracking_url']",merchant_won
DSP-001230,4837,No Cardholder Authorization,Mastercard,1972.83,INR,2026-08-29,45,books,same_day,False,False,False,neither,75,0,4,False,True,"['3ds_authentication', 'avs_cvv', 'ip_match']",merchant_lost
DSP-000420,4860,Credit Not Processed (MC),Mastercard,12183.02,INR,2026-08-29,120,grocery,standard,True,True,False,both_match,142,0,7,True,True,"['refund_receipt', 'refund_arn', 'policy_terms']",merchant_won
DSP-004708,4853,Cardholder Dispute - Defective,Mastercard,9005.89,INR,2026-08-29,27,home,pickup,True,True,True,both_match,386,0,6,False,True,"['product_description', 'quality_cert', 'customer_comms']",merchant_won
DSP-003722,10.4,Fraud - Card Absent,Visa,16066.34,INR,2026-08-29,5,health,pickup,False,False,True,cvv_only,4,1,4,False,False,"['avs_cvv', 'ip_match', 'delivery_proof', 'device_fingerprint']",merchant_won
DSP-004403,10.4,Fraud - Card Absent,Visa,2847.06,INR,2026-08-29,62,grocery,same_day,False,False,True,avs_only,106,1,2,True,False,"['avs_cvv', 'ip_match', 'delivery_proof', 'device_fingerprint']",merchant_lost
DSP-004024,4863,Cardholder Does Not Recognize,Mastercard,886.47,INR,2026-08-29,3,fashion,standard,False,False,False,neither,18,2,3,False,True,"['billing_descriptor', 'customer_comms', 'ip_match']",merchant_won
DSP-004201,4853,Cardholder Dispute - Defective,Mastercard,400.45,INR,2026-08-29,4,health,standard,True,True,True,both_match,273,0,3,False,True,"['product_description', 'quality_cert', 'customer_comms']",merchant_won
DSP-000337,4837,No Cardholder Authorization,Mastercard,2327.07,INR,2026-08-29,39,grocery,pickup,True,True,False,neither,15,0,0,True,False,"['3ds_authentication', 'avs_cvv', 'ip_match']",merchant_won
DSP-004765,13.1,Merchandise Not Received,Visa,605.5,INR,2026-08-29,33,sports,standard,True,True,True,both_match,68,0,2,True,True,"['shipping_confirmation', 'delivery_proof', 'tracking_url']",merchant_won
DSP-004667,4837,No Cardholder Authorization,Mastercard,852.52,INR,2026-08-29,3,home,standard,False,False,True,avs_only,33,1,1,False,False,"['3ds_authentication', 'avs_cvv', 'ip_match']",merchant_lost
DSP-000424,4853,Cardholder Dispute - Defective,Mastercard,557.5,INR,2026-08-29,15,electronics,pickup,True,True,True,both_match,71,0,12,True,True,"['product_description', 'quality_cert', 'customer_comms']",merchant_lost
DSP-000669,4855,Goods or Services Not Provided,Mastercard,2409.83,INR,2026-08-29,5,automotive,express,True,True,True,both_match,80,0,6,False,True,"['shipping_confirmation', 'delivery_proof', 'signed_receipt']",merchant_won
DSP-003249,13.1,Merchandise Not Received,Visa,2959.11,INR,2026-08-29,17,electronics,same_day,True,True,True,both_match,475,1,6,False,False,"['shipping_confirmation', 'delivery_proof', 'tracking_url']",merchant_won
DSP-000125,13.1,Merchandise Not Received,Visa,1536.5,INR,2026-08-29,14,books,standard,True,True,True,cvv_only,273,0,6,True,True,"['shipping_confirmation', 'delivery_proof', 'tracking_url']",merchant_won
DSP-003391,13.1,Merchandise Not Received,Visa,3237.16,INR,2026-08-29,19,electronics,standard,True,True,True,both_match,238,0,4,False,False,"['shipping_confirmation', 'delivery_proof', 'tracking_url']",merchant_won
DSP-004425,13.1,Merchandise Not Received,Visa,450.0,INR,2026-08-29,17,fashion,pickup,True,True,False,neither,288,0,4,True,True,"['shipping_confirmation', 'delivery_proof', 'tracking_url']",merchant_won
DSP-003089,10.5,Fraud - Counterfeit,Visa,411.04,INR,2026-08-29,27,home,express,False,False,False,both_match,177,0,1,True,False,"['emv_chip_data', 'pin_verification']",merchant_lost
DSP-001069,4837,No Cardholder Authorization,Mastercard,2641.53,INR,2026-08-29,9,health,same_day,False,False,True,avs_only,196,0,1,True,False,"['3ds_authentication', 'avs_cvv', 'ip_match']",merchant_won
DSP-004694,4837,No Cardholder Authorization,Mastercard,688.45,INR,2026-08-29,19,fashion,standard,True,False,True,neither,23,1,0,False,False,"['3ds_authentication', 'avs_cvv', 'ip_match']",merchant_won
DSP-002412,4855,Goods or Services Not Provided,Mastercard,2816.23,INR,2026-08-29,0,health,standard,True,True,False,both_match,1,0,3,False,True,"['shipping_confirmation', 'delivery_proof', 'signed_receipt']",merchant_lost
DSP-004212,13.6,Credit Not Processed,Visa,278.92,INR,2026-08-29,2,automotive,same_day,True,True,True,both_match,44,0,6,True,True,"['refund_receipt', 'refund_arn', 'policy_terms']",merchant_won
DSP-002503,10.4,Fraud - Card Absent,Visa,710.01,INR,2026-08-29,14,beauty,standard,False,False,False,neither,114,1,2,False,False,"['avs_cvv', 'ip_match', 'delivery_proof', 'device_fingerprint']",merchant_lost
DSP-003973,13.3,Not as Described,Visa,619.84,INR,2026-08-29,11,grocery,pickup,True,True,True,avs_only,93,0,9,False,True,"['product_description', 'customer_comms', 'return_policy']",merchant_won
DSP-004964,13.1,Merchandise Not Received,Visa,3101.43,INR,2026-08-29,18,sports,express,True,True,True,cvv_only,753,0,7,False,True,"['shipping_confirmation', 'delivery_proof', 'tracking_url']",merchant_won
DSP-001173,4853,Cardholder Dispute - Defective,Mastercard,1094.5,INR,2026-08-29,10,electronics,express,True,True,True,both_match,527,0,9,False,True,"['product_description', 'quality_cert', 'customer_comms']",merchant_won
DSP-004513,4860,Credit Not Processed (MC),Mastercard,2144.14,INR,2026-08-29,10,sports,standard,True,True,True,both_match,876,1,6,False,True,"['refund_receipt', 'refund_arn', 'policy_terms']",merchant_won
DSP-003797,10.5,Fraud - Counterfeit,Visa,15341.86,INR,2026-08-29,14,books,same_day,False,False,False,cvv_only,15,1,3,False,False,"['emv_chip_data', 'pin_verification']",merchant_lost
DSP-000815,13.6,Credit Not Processed,Visa,1007.0,INR,2026-08-29,2,books,express,True,True,True,both_match,1085,0,2,True,True,"['refund_receipt', 'refund_arn', 'policy_terms']",merchant_won
DSP-000772,4837,No Cardholder Authorization,Mastercard,5622.87,INR,2026-08-29,4,sports,same_day,True,False,True,neither,14,0,3,True,False,"['3ds_authentication', 'avs_cvv', 'ip_match']",merchant_lost
DSP-000835,4853,Cardholder Dispute - Defective,Mastercard,1993.36,INR,2026-08-29,20,electronics,express,True,True,True,neither,189,0,3,False,True,"['product_description', 'quality_cert', 'customer_comms']",merchant_lost
DSP-004836,4855,Goods or Services Not Provided,Mastercard,1495.41,INR,2026-08-29,0,health,pickup,True,True,True,both_match,132,0,4,False,True,"['shipping_confirmation', 'delivery_proof', 'signed_receipt']",merchant_won
DSP-001509,4853,Cardholder Dispute - Defective,Mastercard,3263.91,INR,2026-08-29,27,beauty,standard,True,True,True,avs_only,619,0,4,True,True,"['product_description', 'quality_cert', 'customer_comms']",merchant_lost
DSP-004779,4837,No Cardholder Authorization,Mastercard,1404.14,INR,2026-08-29,40,health,express,True,False,False,neither,179,0,2,False,False,"['3ds_authentication', 'avs_cvv', 'ip_match']",merchant_lost
DSP-000179,4853,Cardholder Dispute - Defective,Mastercard,917.5,INR,2026-08-29,21,fashion,pickup,True,False,True,both_match,87,0,5,True,True,"['product_description', 'quality_cert', 'customer_comms']",merchant_won
DSP-003870,13.6,Credit Not Processed,Visa,4038.52,INR,2026-08-29,52,home,express,True,False,True,avs_only,259,0,7,False,True,"['refund_receipt', 'refund_arn', 'policy_terms']",merchant_won
DSP-003928,4860,Credit Not Processed (MC),Mastercard,1586.86,INR,2026-08-29,11,home,express,True,True,True,both_match,69,0,3,True,True,"['refund_receipt', 'refund_arn', 'policy_terms']",merchant_won
DSP-002874,13.3,Not as Described,Visa,908.19,INR,2026-08-29,32,toys,standard,True,True,True,both_match,891,0,4,False,True,"['product_description', 'customer_comms', 'return_policy']",merchant_won
DSP-002220,4863,Cardholder Does Not Recognize,Mastercard,401.92,INR,2026-08-29,8,home,standard,False,False,False,neither,137,0,2,True,False,"['billing_descriptor', 'customer_comms', 'ip_match']",merchant_won
DSP-000515,4863,Cardholder Does Not Recognize,Mastercard,675.68,INR,2026-08-29,5,health,same_day,False,False,False,cvv_only,348,1,0,True,False,"['billing_descriptor', 'customer_comms', 'ip_match']",merchant_won
DSP-004571,13.3,Not as Described,Visa,1377.29,INR,2026-08-29,20,books,pickup,True,True,True,both_match,25,0,4,False,False,"['product_description', 'customer_comms', 'return_policy']",merchant_won
DSP-001851,4837,No Cardholder Authorization,Mastercard,688.55,INR,2026-08-29,12,books,express,False,False,True,cvv_only,61,0,1,False,True,"['3ds_authentication', 'avs_cvv', 'ip_match']",merchant_lost
DSP-001739,4860,Credit Not Processed (MC),Mastercard,710.61,INR,2026-08-29,73,beauty,pickup,True,True,True,both_match,342,0,6,True,True,"['refund_receipt', 'refund_arn', 'policy_terms']",merchant_won
DSP-001897,13.6,Credit Not Processed,Visa,4650.52,INR,2026-08-29,48,toys,express,True,True,True,avs_only,88,0,4,False,True,"['refund_receipt', 'refund_arn', 'policy_terms']",merchant_won
DSP-001796,13.3,Not as Described,Visa,13795.91,INR,2026-08-29,5,toys,pickup,True,True,True,both_match,204,0,5,False,True,"['product_description', 'customer_comms', 'return_policy']",merchant_won
DSP-004335,4837,No Cardholder Authorization,Mastercard,3318.73,INR,2026-08-29,22,beauty,standard,False,False,False,neither,98,2,0,False,False,"['3ds_authentication', 'avs_cvv', 'ip_match']",merchant_lost
DSP-001163,10.4,Fraud - Card Absent,Visa,1119.61,INR,2026-08-29,21,beauty,pickup,True,False,False,neither,12,1,3,False,False,"['avs_cvv', 'ip_match', 'delivery_proof', 'device_fingerprint']",merchant_won
DSP-004633,13.1,Merchandise Not Received,Visa,496.02,INR,2026-08-29,1,electronics,standard,True,True,True,both_match,22,0,4,True,False,"['shipping_confirmation', 'delivery_proof', 'tracking_url']",merchant_won
DSP-004429,10.4,Fraud - Card Absent,Visa,1890.33,INR,2026-08-29,5,automotive,express,False,False,False,both_match,159,0,0,False,False,"['avs_cvv', 'ip_match', 'delivery_proof', 'device_fingerprint']",merchant_lost
DSP-004147,13.3,Not as Described,Visa,89.4,INR,2026-08-29,9,sports,standard,True,True,True,both_match,151,0,11,True,False,"['product_description', 'customer_comms', 'return_policy']",merchant_won
DSP-003560,13.3,Not as Described,Visa,216.97,INR,2026-08-29,2,beauty,standard,True,True,True,neither,249,0,6,False,True,"['product_description', 'customer_comms', 'return_policy']",merchant_won
DSP-002038,13.6,Credit Not Processed,Visa,155.17,INR,2026-08-29,8,sports,express,True,True,True,both_match,427,0,4,False,False,"['refund_receipt', 'refund_arn', 'policy_terms']",merchant_won
DSP-003759,13.3,Not as Described,Visa,5088.8,INR,2026-08-29,0,fashion,same_day,True,True,True,neither,217,0,4,False,False,"['product_description', 'customer_comms', 'return_policy']",merchant_won
DSP-000936,4855,Goods or Services Not Provided,Mastercard,1068.97,INR,2026-08-29,27,automotive,express,True,False,False,both_match,79,0,8,False,True,"['shipping_confirmation', 'delivery_proof', 'signed_receipt']",merchant_lost
DSP-003574,13.6,Credit Not Processed,Visa,833.97,INR,2026-08-29,3,books,pickup,True,False,True,both_match,9,0,5,False,True,"['refund_receipt', 'refund_arn', 'policy_terms']",merchant_won
DSP-002201,13.3,Not as Described,Visa,2026.05,INR,2026-08-29,39,books,standard,True,True,True,avs_only,222,0,7,False,True,"['product_description', 'customer_comms', 'return_policy']",merchant_won
DSP-003039,4855,Goods or Services Not Provided,Mastercard,2048.69,INR,2026-08-29,7,health,standard,True,True,True,both_match,98,0,6,True,True,"['shipping_confirmation', 'delivery_proof', 'signed_receipt']",merchant_won
DSP-003183,4860,Credit Not Processed (MC),Mastercard,403.12,INR,2026-08-29,14,beauty,same_day,False,False,True,neither,143,0,8,True,True,"['refund_receipt', 'refund_arn', 'policy_terms']",merchant_lost
DSP-002596,4860,Credit Not Processed (MC),Mastercard,435.94,INR,2026-08-29,0,toys,standard,True,False,True,avs_only,62,0,7,False,True,"['refund_receipt', 'refund_arn', 'policy_terms']",merchant_won
DSP-000767,4837,No Cardholder Authorization,Mastercard,261.6,INR,2026-08-29,19,home,standard,False,False,False,avs_only,120,0,0,False,False,"['3ds_authentication', 'avs_cvv', 'ip_match']",merchant_lost
DSP-004181,4860,Credit Not Processed (MC),Mastercard,245.51,INR,2026-08-29,1,books,standard,True,True,True,both_match,295,0,6,False,True,"['refund_receipt', 'refund_arn', 'policy_terms']",merchant_won
DSP-004116,4860,Credit Not Processed (MC),Mastercard,2081.45,INR,2026-08-29,1,beauty,pickup,True,True,True,both_match,234,0,3,False,True,"['refund_receipt', 'refund_arn', 'policy_terms']",merchant_won
DSP-001397,4860,Credit Not Processed (MC),Mastercard,3023.85,INR,2026-08-29,9,books,express,True,False,True,both_match,46,0,8,False,True,"['refund_receipt', 'refund_arn', 'policy_terms']",merchant_won
DSP-001216,4853,Cardholder Dispute - Defective,Mastercard,10676.71,INR,2026-08-29,24,automotive,express,True,True,True,both_match,206,0,11,False,True,"['product_description', 'quality_cert', 'customer_comms']",merchant_won
DSP-002372,4853,Cardholder Dispute - Defective,Mastercard,1314.04,INR,2026-08-29,12,fashion,express,False,False,True,both_match,261,0,10,False,False,"['product_description', 'quality_cert', 'customer_comms']",merchant_lost
DSP-004525,13.1,Merchandise Not Received,Visa,728.29,INR,2026-08-29,18,books,standard,True,True,True,both_match,44,0,5,False,True,"['shipping_confirmation', 'delivery_proof', 'tracking_url']",merchant_won
DSP-004723,13.6,Credit Not Processed,Visa,1206.49,INR,2026-08-29,5,beauty,pickup,True,True,True,both_match,197,0,5,True,True,"['refund_receipt', 'refund_arn', 'policy_terms']",merchant_won
DSP-004394,4863,Cardholder Does Not Recognize,Mastercard,1071.2,INR,2026-08-29,35,fashion,same_day,True,False,True,neither,32,1,3,True,True,"['billing_descriptor', 'customer_comms', 'ip_match']",merchant_won
DSP-001328,4837,No Cardholder Authorization,Mastercard,1812.62,INR,2026-08-29,17,automotive,express,True,False,False,neither,112,2,2,True,True,"['3ds_authentication', 'avs_cvv', 'ip_match']",merchant_won
DSP-001083,13.3,Not as Described,Visa,504.91,INR,2026-08-29,25,fashion,pickup,True,True,True,cvv_only,13,0,5,True,False,"['product_description', 'customer_comms', 'return_policy']",merchant_won
DSP-002525,13.6,Credit Not Processed,Visa,3538.06,INR,2026-08-29,22,electronics,same_day,True,True,True,both_match,52,0,3,False,True,"['refund_receipt', 'refund_arn', 'policy_terms']",merchant_won
DSP-004648,10.4,Fraud - Card Absent,Visa,5103.93,INR,2026-08-29,34,home,express,False,False,True,neither,111,1,1,False,False,"['avs_cvv', 'ip_match', 'delivery_proof', 'device_fingerprint']",merchant_lost
DSP-000376,13.6,Credit Not Processed,Visa,44.82,INR,2026-08-29,10,electronics,express,True,False,True,both_match,120,0,8,False,True,"['refund_receipt', 'refund_arn', 'policy_terms']",merchant_won
DSP-003582,10.4,Fraud - Card Absent,Visa,1820.43,INR,2026-08-29,2,electronics,same_day,True,False,False,both_match,40,1,6,False,False,"['avs_cvv', 'ip_match', 'delivery_proof', 'device_fingerprint']",merchant_won
DSP-004895,13.6,Credit Not Processed,Visa,6117.18,INR,2026-08-29,0,electronics,standard,True,True,True,both_match,257,0,5,True,True,"['refund_receipt', 'refund_arn', 'policy_terms']",merchant_won
DSP-000456,10.4,Fraud - Card Absent,Visa,2506.6,INR,2026-08-29,6,sports,express,True,True,False,cvv_only,42,0,3,True,False,"['avs_cvv', 'ip_match', 'delivery_proof', 'device_fingerprint']",merchant_won
DSP-003616,4860,Credit Not Processed (MC),Mastercard,238.66,INR,2026-08-29,4,home,standard,True,True,True,cvv_only,317,0,3,False,True,"['refund_receipt', 'refund_arn', 'policy_terms']",merchant_won
DSP-000620,13.3,Not as Described,Visa,3695.46,INR,2026-08-29,0,electronics,pickup,True,True,True,both_match,534,0,7,False,True,"['product_description', 'customer_comms', 'return_policy']",merchant_won
DSP-004881,10.4,Fraud - Card Absent,Visa,8018.27,INR,2026-08-29,5,grocery,same_day,False,False,False,avs_only,56,0,5,False,False,"['avs_cvv', 'ip_match', 'delivery_proof', 'device_fingerprint']",merchant_won
DSP-000161,4837,No Cardholder Authorization,Mastercard,3426.86,INR,2026-08-29,27,fashion,express,False,False,True,avs_only,15,0,0,False,False,"['3ds_authentication', 'avs_cvv', 'ip_match']",merchant_lost
DSP-003823,4860,Credit Not Processed (MC),Mastercard,524.85,INR,2026-08-29,37,home,standard,False,False,True,avs_only,34,0,4,True,True,"['refund_receipt', 'refund_arn', 'policy_terms']",merchant_won
DSP-003723,10.4,Fraud - Card Absent,Visa,1850.75,INR,2026-08-29,67,health,standard,False,False,True,avs_only,107,0,2,False,False,"['avs_cvv', 'ip_match', 'delivery_proof', 'device_fingerprint']",merchant_lost
DSP-004426,4853,Cardholder Dispute - Defective,Mastercard,319.59,INR,2026-08-29,3,fashion,same_day,True,True,True,cvv_only,41,0,6,False,True,"['product_description', 'quality_cert', 'customer_comms']",merchant_lost
DSP-000006,13.3,Not as Described,Visa,545.82,INR,2026-08-29,32,beauty,pickup,True,False,True,cvv_only,168,0,5,False,True,"['product_description', 'customer_comms', 'return_policy']",merchant_won
DSP-002786,4860,Credit Not Processed (MC),Mastercard,225.39,INR,2026-08-29,8,grocery,pickup,True,True,True,cvv_only,23,0,4,False,True,"['refund_receipt', 'refund_arn', 'policy_terms']",merchant_won
DSP-002734,13.3,Not as Described,Visa,879.02,INR,2026-08-29,29,electronics,express,True,True,False,both_match,133,0,5,False,True,"['product_description', 'customer_comms', 'return_policy']",merchant_won
DSP-004306,4863,Cardholder Does Not Recognize,Mastercard,7560.51,INR,2026-08-29,31,beauty,express,True,True,False,neither,173,1,5,False,True,"['billing_descriptor', 'customer_comms', 'ip_match']",merchant_lost
DSP-000175,13.3,Not as Described,Visa,76.68,INR,2026-08-29,31,grocery,same_day,True,True,True,avs_only,6,0,7,True,True,"['product_description', 'customer_comms', 'return_policy']",merchant_lost
DSP-004472,13.3,Not as Described,Visa,1143.01,INR,2026-08-29,44,automotive,express,True,True,True,avs_only,126,0,6,False,True,"['product_description', 'customer_comms', 'return_policy']",merchant_won
DSP-000631,10.4,Fraud - Card Absent,Visa,4005.92,INR,2026-08-29,5,beauty,pickup,True,True,True,neither,134,0,4,False,False,"['avs_cvv', 'ip_match', 'delivery_proof', 'device_fingerprint']",merchant_won
DSP-004867,4853,Cardholder Dispute - Defective,Mastercard,2296.97,INR,2026-08-29,3,books,same_day,True,False,True,both_match,24,0,6,False,True,"['product_description', 'quality_cert', 'customer_comms']",merchant_won
DSP-002901,4863,Cardholder Does Not Recognize,Mastercard,564.95,INR,2026-08-29,12,fashion,express,False,False,True,avs_only,221,2,1,True,False,"['billing_descriptor', 'customer_comms', 'ip_match']",merchant_lost
DSP-000277,10.4,Fraud - Card Absent,Visa,46.75,INR,2026-08-29,28,health,standard,True,True,False,avs_only,175,1,3,False,True,"['avs_cvv', 'ip_match', 'delivery_proof', 'device_fingerprint']",merchant_won
DSP-004569,10.4,Fraud - Card Absent,Visa,3803.17,INR,2026-08-29,28,grocery,same_day,False,False,False,avs_only,22,0,2,False,False,"['avs_cvv', 'ip_match', 'delivery_proof', 'device_fingerprint']",merchant_lost
DSP-001564,4860,Credit Not Processed (MC),Mastercard,974.48,INR,2026-08-29,2,toys,express,True,False,True,avs_only,102,0,6,True,True,"['refund_receipt', 'refund_arn', 'policy_terms']",merchant_won
DSP-003933,10.4,Fraud - Card Absent,Visa,469.91,INR,2026-08-29,7,beauty,same_day,False,False,False,cvv_only,13,3,3,True,False,"['avs_cvv', 'ip_match', 'delivery_proof', 'device_fingerprint']",merchant_lost
DSP-001459,4863,Cardholder Does Not Recognize,Mastercard,3960.5,INR,2026-08-29,8,beauty,standard,False,False,True,avs_only,28,2,1,False,False,"['billing_descriptor', 'customer_comms', 'ip_match']",merchant_lost
DSP-003291,4837,No Cardholder Authorization,Mastercard,655.68,INR,2026-08-29,13,beauty,standard,False,False,False,neither,35,2,2,False,False,"['3ds_authentication', 'avs_cvv', 'ip_match']",merchant_lost
DSP-003371,10.4,Fraud - Card Absent,Visa,882.39,INR,2026-08-29,52,toys,pickup,True,True,True,neither,255,0,1,False,True,"['avs_cvv', 'ip_match', 'delivery_proof', 'device_fingerprint']",merchant_won
DSP-004627,10.4,Fraud - Card Absent,Visa,653.57,INR,2026-08-29,45,grocery,pickup,False,False,False,both_match,134,0,4,False,False,"['avs_cvv', 'ip_match', 'delivery_proof', 'device_fingerprint']",merchant_lost
DSP-003424,4853,Cardholder Dispute - Defective,Mastercard,300.59,INR,2026-08-29,25,grocery,standard,True,True,True,both_match,40,0,3,False,True,"['product_description', 'quality_cert', 'customer_comms']",merchant_won
DSP-000149,10.4,Fraud - Card Absent,Visa,2051.59,INR,2026-08-29,96,home,express,True,True,True,neither,1,0,1,False,True,"['avs_cvv', 'ip_match', 'delivery_proof', 'device_fingerprint']",merchant_lost
DSP-001407,4853,Cardholder Dispute - Defective,Mastercard,441.82,INR,2026-08-29,31,home,pickup,True,True,True,both_match,26,0,5,True,True,"['product_description', 'quality_cert', 'customer_comms']",merchant_lost
DSP-004605,10.4,Fraud - Card Absent,Visa,1179.43,INR,2026-08-29,3,electronics,express,False,False,False,both_match,272,0,2,False,False,"['avs_cvv', 'ip_match', 'delivery_proof', 'device_fingerprint']",merchant_lost
DSP-003253,4837,No Cardholder Authorization,Mastercard,2242.47,INR,2026-08-29,16,electronics,express,False,False,True,both_match,19,1,0,False,False,"['3ds_authentication', 'avs_cvv', 'ip_match']",merchant_won
DSP-001582,4855,Goods or Services Not Provided,Mastercard,1900.54,INR,2026-08-29,15,home,same_day,False,False,True,both_match,63,0,10,False,True,"['shipping_confirmation', 'delivery_proof', 'signed_receipt']",merchant_lost
DSP-002838,10.4,Fraud - Card Absent,Visa,459.32,INR,2026-08-29,80,grocery,pickup,True,True,False,avs_only,33,1,1,False,False,"['avs_cvv', 'ip_match', 'delivery_proof', 'device_fingerprint']",merchant_lost
DSP-002747,13.3,Not as Described,Visa,1101.84,INR,2026-08-29,14,toys,same_day,False,False,True,avs_only,756,0,3,True,True,"['product_description', 'customer_comms', 'return_policy']",merchant_won
DSP-004652,13.3,Not as Described,Visa,147.66,INR,2026-08-29,11,toys,same_day,False,False,True,neither,160,0,2,True,True,"['product_description', 'customer_comms', 'return_policy']",merchant_won
DSP-001594,4837,No Cardholder Authorization,Mastercard,266.85,INR,2026-08-29,18,health,same_day,False,False,False,both_match,18,1,2,False,True,"['3ds_authentication', 'avs_cvv', 'ip_match']",merchant_lost
DSP-002052,13.3,Not as Described,Visa,312.64,INR,2026-08-29,7,health,express,True,True,True,both_match,323,0,6,True,True,"['product_description', 'customer_comms', 'return_policy']",merchant_won
DSP-002952,10.4,Fraud - Card Absent,Visa,2280.64,INR,2026-08-29,20,beauty,standard,False,False,False,cvv_only,115,1,0,False,False,"['avs_cvv', 'ip_match', 'delivery_proof', 'device_fingerprint']",merchant_lost
DSP-001599,4837,No Cardholder Authorization,Mastercard,741.28,INR,2026-08-29,0,electronics,same_day,True,False,False,neither,92,3,3,False,False,"['3ds_authentication', 'avs_cvv', 'ip_match']",merchant_lost
DSP-001553,13.1,Merchandise Not Received,Visa,314.46,INR,2026-08-29,31,home,express,True,True,False,both_match,66,0,6,False,True,"['shipping_confirmation', 'delivery_proof', 'tracking_url']",merchant_won
DSP-001971,10.4,Fraud - Card Absent,Visa,6108.34,INR,2026-08-29,11,sports,standard,False,False,False,both_match,224,0,4,False,True,"['avs_cvv', 'ip_match', 'delivery_proof', 'device_fingerprint']",merchant_won
DSP-000874,10.5,Fraud - Counterfeit,Visa,160.02,INR,2026-08-29,13,health,pickup,True,False,False,both_match,62,0,1,True,False,"['emv_chip_data', 'pin_verification']",merchant_won
DSP-003273,10.4,Fraud - Card Absent,Visa,708.22,INR,2026-08-29,5,sports,express,True,False,False,cvv_only,44,1,4,False,False,"['avs_cvv', 'ip_match', 'delivery_proof', 'device_fingerprint']",merchant_lost
DSP-002805,4853,Cardholder Dispute - Defective,Mastercard,636.82,INR,2026-08-29,12,automotive,pickup,True,True,True,avs_only,40,0,11,True,True,"['product_description', 'quality_cert', 'customer_comms']",merchant_lost
DSP-000402,13.6,Credit Not Processed,Visa,428.53,INR,2026-08-29,38,grocery,pickup,True,True,True,both_match,248,0,10,True,True,"['refund_receipt', 'refund_arn', 'policy_terms']",merchant_won
DSP-002671,4860,Credit Not Processed (MC),Mastercard,1256.86,INR,2026-08-29,1,health,standard,True,True,True,both_match,103,0,4,False,True,"['refund_receipt', 'refund_arn', 'policy_terms']",merchant_won
DSP-004875,4853,Cardholder Dispute - Defective,Mastercard,4979.15,INR,2026-08-29,26,books,standard,True,True,True,both_match,122,0,6,True,True,"['product_description', 'quality_cert', 'customer_comms']",merchant_won
DSP-000356,10.4,Fraud - Card Absent,Visa,22472.73,INR,2026-08-29,18,sports,express,True,True,False,both_match,108,0,0,True,False,"['avs_cvv', 'ip_match', 'delivery_proof', 'device_fingerprint']",merchant_won
DSP-003873,4863,Cardholder Does Not Recognize,Mastercard,1149.51,INR,2026-08-29,47,fashion,express,True,True,True,neither,159,1,2,True,False,"['billing_descriptor', 'customer_comms', 'ip_match']",merchant_won
DSP-001226,4860,Credit Not Processed (MC),Mastercard,209.72,INR,2026-08-29,17,fashion,pickup,True,True,True,both_match,983,0,6,True,False,"['refund_receipt', 'refund_arn', 'policy_terms']",merchant_lost
DSP-002439,4837,No Cardholder Authorization,Mastercard,8373.41,INR,2026-08-29,5,health,pickup,False,False,False,neither,90,2,1,False,False,"['3ds_authentication', 'avs_cvv', 'ip_match']",merchant_won
DSP-004688,13.3,Not as Described,Visa,597.83,INR,2026-08-29,1,electronics,standard,True,True,True,both_match,88,0,6,False,True,"['product_description', 'customer_comms', 'return_policy']",merchant_won
DSP-004342,13.6,Credit Not Processed,Visa,229.65,INR,2026-08-29,97,sports,same_day,False,False,True,avs_only,234,0,8,False,True,"['refund_receipt', 'refund_arn', 'policy_terms']",merchant_lost
DSP-000215,10.4,Fraud - Card Absent,Visa,3337.69,INR,2026-08-29,20,health,pickup,True,True,False,both_match,79,0,1,False,False,"['avs_cvv', 'ip_match', 'delivery_proof', 'device_fingerprint']",merchant_lost
DSP-003208,13.1,Merchandise Not Received,Visa,14237.77,INR,2026-08-29,30,home,pickup,True,True,True,both_match,80,0,5,True,True,"['shipping_confirmation', 'delivery_proof', 'tracking_url']",merchant_won
DSP-003568,4837,No Cardholder Authorization,Mastercard,775.59,INR,2026-08-29,16,automotive,standard,False,False,False,neither,12,1,5,False,False,"['3ds_authentication', 'avs_cvv', 'ip_match']",merchant_lost
DSP-003442,4837,No Cardholder Authorization,Mastercard,703.64,INR,2026-08-29,5,health,express,True,True,True,both_match,39,1,7,False,False,"['3ds_authentication', 'avs_cvv', 'ip_match']",merchant_won
DSP-002493,4837,No Cardholder Authorization,Mastercard,2254.0,INR,2026-08-29,16,home,standard,False,False,False,neither,364,0,4,False,True,"['3ds_authentication', 'avs_cvv', 'ip_match']",merchant_lost
DSP-002942,4837,No Cardholder Authorization,Mastercard,279.22,INR,2026-08-29,4,electronics,express,False,False,False,neither,294,1,4,False,True,"['3ds_authentication', 'avs_cvv', 'ip_match']",merchant_lost
DSP-003277,13.1,Merchandise Not Received,Visa,342.9,INR,2026-08-29,3,electronics,standard,True,True,False,both_match,503,0,5,False,True,"['shipping_confirmation', 'delivery_proof', 'tracking_url']",merchant_won
DSP-000977,4853,Cardholder Dispute - Defective,Mastercard,1766.96,INR,2026-08-29,33,electronics,standard,True,True,True,both_match,632,0,2,True,True,"['product_description', 'quality_cert', 'customer_comms']",merchant_lost
DSP-004827,13.1,Merchandise Not Received,Visa,426.17,INR,2026-08-29,9,beauty,standard,True,False,True,both_match,1063,0,5,False,True,"['shipping_confirmation', 'delivery_proof', 'tracking_url']",merchant_won
DSP-004751,13.1,Merchandise Not Received,Visa,222.66,INR,2026-08-29,4,electronics,same_day,True,True,True,both_match,294,0,3,False,False,"['shipping_confirmation', 'delivery_proof', 'tracking_url']",merchant_won
DSP-001242,13.3,Not as Described,Visa,8560.91,INR,2026-08-29,6,health,same_day,True,True,True,both_match,46,0,7,False,True,"['product_description', 'customer_comms', 'return_policy']",merchant_won
DSP-004285,4860,Credit Not Processed (MC),Mastercard,3063.76,INR,2026-08-29,6,toys,pickup,True,True,True,both_match,436,0,8,False,True,"['refund_receipt', 'refund_arn', 'policy_terms']",merchant_won
DSP-002485,4860,Credit Not Processed (MC),Mastercard,27.16,INR,2026-08-29,22,fashion,express,True,True,True,avs_only,136,0,5,True,True,"['refund_receipt', 'refund_arn', 'policy_terms']",merchant_won
DSP-000209,13.3,Not as Described,Visa,1111.69,INR,2026-08-29,56,home,express,True,False,False,cvv_only,197,0,6,True,True,"['product_description', 'customer_comms', 'return_policy']",merchant_won
DSP-003080,10.4,Fraud - Card Absent,Visa,1667.73,INR,2026-08-29,15,health,same_day,False,False,False,avs_only,48,0,1,True,False,"['avs_cvv', 'ip_match', 'delivery_proof', 'device_fingerprint']",merchant_lost
DSP-004227,4853,Cardholder Dispute - Defective,Mastercard,2018.58,INR,2026-08-29,6,toys,same_day,True,True,True,both_match,610,0,4,False,True,"['product_description', 'quality_cert', 'customer_comms']",merchant_won
DSP-004476,4837,No Cardholder Authorization,Mastercard,235.99,INR,2026-08-29,5,fashion,standard,True,False,True,neither,9,0,2,False,False,"['3ds_authentication', 'avs_cvv', 'ip_match']",merchant_lost
DSP-002511,10.4,Fraud - Card Absent,Visa,2031.59,INR,2026-08-29,53,grocery,same_day,True,False,True,neither,100,0,0,False,False,"['avs_cvv', 'ip_match', 'delivery_proof', 'device_fingerprint']",merchant_lost
DSP-000880,4855,Goods or Services Not Provided,Mastercard,6569.04,INR,2026-08-29,34,health,express,True,True,True,neither,15,0,6,True,True,"['shipping_confirmation', 'delivery_proof', 'signed_receipt']",merchant_won
DSP-000135,4853,Cardholder Dispute - Defective,Mastercard,619.89,INR,2026-08-29,55,beauty,express,False,False,True,both_match,172,0,7,False,True,"['product_description', 'quality_cert', 'customer_comms']",merchant_lost
DSP-004856,13.1,Merchandise Not Received,Visa,328.02,INR,2026-08-29,2,beauty,standard,True,True,True,both_match,111,1,11,True,True,"['shipping_confirmation', 'delivery_proof', 'tracking_url']",merchant_won
DSP-000842,13.1,Merchandise Not Received,Visa,8422.63,INR,2026-08-29,7,home,express,False,False,True,both_match,196,0,4,False,True,"['shipping_confirmation', 'delivery_proof', 'tracking_url']",merchant_lost
DSP-003110,4863,Cardholder Does Not Recognize,Mastercard,1184.35,INR,2026-08-29,46,beauty,pickup,True,True,True,avs_only,10,0,4,False,False,"['billing_descriptor', 'customer_comms', 'ip_match']",merchant_won
DSP-000100,4860,Credit Not Processed (MC),Mastercard,2270.42,INR,2026-08-29,5,home,standard,True,True,True,both_match,856,1,7,True,True,"['refund_receipt', 'refund_arn', 'policy_terms']",merchant_won
DSP-001177,13.1,Merchandise Not Received,Visa,555.93,INR,2026-08-29,1,home,pickup,True,False,True,both_match,217,0,9,True,True,"['shipping_confirmation', 'delivery_proof', 'tracking_url']",merchant_won
DSP-000367,4860,Credit Not Processed (MC),Mastercard,7619.04,INR,2026-08-29,22,automotive,pickup,True,False,True,neither,266,0,3,False,True,"['refund_receipt', 'refund_arn', 'policy_terms']",merchant_won
DSP-004967,13.3,Not as Described,Visa,577.16,INR,2026-08-29,8,beauty,standard,True,False,True,cvv_only,748,0,3,False,False,"['product_description', 'customer_comms', 'return_policy']",merchant_won
DSP-000451,4853,Cardholder Dispute - Defective,Mastercard,412.2,INR,2026-08-29,11,automotive,standard,True,True,True,both_match,326,0,10,True,False,"['product_description', 'quality_cert', 'customer_comms']",merchant_won
DSP-000432,13.1,Merchandise Not Received,Visa,1197.67,INR,2026-08-29,11,beauty,same_day,True,True,True,both_match,18,0,5,True,True,"['shipping_confirmation', 'delivery_proof', 'tracking_url']",merchant_won
DSP-001864,4860,Credit Not Processed (MC),Mastercard,822.75,INR,2026-08-29,11,electronics,same_day,True,True,False,both_match,92,0,7,True,False,"['refund_receipt', 'refund_arn', 'policy_terms']",merchant_won
DSP-001980,4863,Cardholder Does Not Recognize,Mastercard,6837.62,INR,2026-08-29,30,beauty,same_day,True,True,False,cvv_only,65,1,1,False,True,"['billing_descriptor', 'customer_comms', 'ip_match']",merchant_won
DSP-002748,13.1,Merchandise Not Received,Visa,850.4,INR,2026-08-29,0,fashion,express,True,False,True,both_match,170,0,2,True,False,"['shipping_confirmation', 'delivery_proof', 'tracking_url']",merchant_won
DSP-003166,4837,No Cardholder Authorization,Mastercard,2137.27,INR,2026-08-29,9,beauty,pickup,False,False,False,cvv_only,57,2,2,False,False,"['3ds_authentication', 'avs_cvv', 'ip_match']",merchant_lost
DSP-000346,4837,No Cardholder Authorization,Mastercard,651.49,INR,2026-08-29,11,automotive,pickup,True,True,False,neither,94,0,3,False,False,"['3ds_authentication', 'avs_cvv', 'ip_match']",merchant_won
DSP-001969,4855,Goods or Services Not Provided,Mastercard,230.61,INR,2026-08-29,1,home,express,True,True,True,both_match,689,0,6,True,False,"['shipping_confirmation', 'delivery_proof', 'signed_receipt']",merchant_won
DSP-002142,4855,Goods or Services Not Provided,Mastercard,2820.16,INR,2026-08-29,2,fashion,express,False,False,True,both_match,216,0,3,True,True,"['shipping_confirmation', 'delivery_proof', 'signed_receipt']",merchant_won
DSP-004517,10.4,Fraud - Card Absent,Visa,9528.76,INR,2026-08-29,11,grocery,pickup,True,True,True,neither,71,0,0,False,True,"['avs_cvv', 'ip_match', 'delivery_proof', 'device_fingerprint']",merchant_won
DSP-003174,4855,Goods or Services Not Provided,Mastercard,917.26,INR,2026-08-29,73,automotive,express,True,True,True,both_match,410,1,8,True,True,"['shipping_confirmation', 'delivery_proof', 'signed_receipt']",merchant_won
DSP-002568,10.4,Fraud - Card Absent,Visa,3864.99,INR,2026-08-29,54,health,standard,False,False,False,both_match,66,0,3,False,False,"['avs_cvv', 'ip_match', 'delivery_proof', 'device_fingerprint']",merchant_lost
DSP-003459,4855,Goods or Services Not Provided,Mastercard,1792.12,INR,2026-08-29,1,health,express,True,False,True,avs_only,310,0,5,False,False,"['shipping_confirmation', 'delivery_proof', 'signed_receipt']",merchant_lost
DSP-000785,4853,Cardholder Dispute - Defective,Mastercard,1858.01,INR,2026-08-29,7,electronics,standard,True,True,True,both_match,532,0,6,True,True,"['product_description', 'quality_cert', 'customer_comms']",merchant_won
DSP-004257,10.4,Fraud - Card Absent,Visa,11295.19,INR,2026-08-29,1,books,standard,True,True,False,avs_only,53,0,1,False,False,"['avs_cvv', 'ip_match', 'delivery_proof', 'device_fingerprint']",merchant_lost
DSP-003354,4837,No Cardholder Authorization,Mastercard,483.37,INR,2026-08-29,10,automotive,pickup,True,True,False,neither,49,1,0,False,False,"['3ds_authentication', 'avs_cvv', 'ip_match']",merchant_won
DSP-003785,4860,Credit Not Processed (MC),Mastercard,104.97,INR,2026-08-29,50,toys,same_day,False,False,True,both_match,104,0,2,True,True,"['refund_receipt', 'refund_arn', 'policy_terms']",merchant_won
DSP-000563,4837,No Cardholder Authorization,Mastercard,1195.88,INR,2026-08-29,25,grocery,express,False,False,False,neither,23,1,2,False,True,"['3ds_authentication', 'avs_cvv', 'ip_match']",merchant_lost
DSP-000773,4855,Goods or Services Not Provided,Mastercard,816.25,INR,2026-08-29,5,home,express,True,True,True,both_match,145,0,8,True,True,"['shipping_confirmation', 'delivery_proof', 'signed_receipt']",merchant_won
DSP-004156,4837,No Cardholder Authorization,Mastercard,2858.7,INR,2026-08-29,13,home,express,True,True,False,avs_only,31,0,0,False,False,"['3ds_authentication', 'avs_cvv', 'ip_match']",merchant_won
DSP-003259,4853,Cardholder Dispute - Defective,Mastercard,309.01,INR,2026-08-29,10,books,standard,True,True,True,both_match,94,0,4,False,True,"['product_description', 'quality_cert', 'customer_comms']",merchant_won
DSP-004854,13.3,Not as Described,Visa,347.99,INR,2026-08-29,12,grocery,pickup,True,True,True,both_match,232,0,5,True,True,"['product_description', 'customer_comms', 'return_policy']",merchant_won
DSP-000721,4860,Credit Not Processed (MC),Mastercard,3712.82,INR,2026-08-29,14,toys,standard,True,True,True,both_match,162,0,8,False,True,"['refund_receipt', 'refund_arn', 'policy_terms']",merchant_won
DSP-001555,13.3,Not as Described,Visa,721.9,INR,2026-08-29,15,toys,express,False,False,True,both_match,58,0,4,True,True,"['product_description', 'customer_comms', 'return_policy']",merchant_won
DSP-002690,4853,Cardholder Dispute - Defective,Mastercard,8728.49,INR,2026-08-29,7,home,pickup,True,True,True,both_match,568,0,9,False,True,"['product_description', 'quality_cert', 'customer_comms']",merchant_won
DSP-004343,4855,Goods or Services Not Provided,Mastercard,722.4,INR,2026-08-29,22,sports,standard,True,True,True,both_match,653,0,7,True,True,"['shipping_confirmation', 'delivery_proof', 'signed_receipt']",merchant_won
DSP-003879,13.1,Merchandise Not Received,Visa,881.85,INR,2026-08-29,11,health,same_day,True,True,True,both_match,14,0,9,True,True,"['shipping_confirmation', 'delivery_proof', 'tracking_url']",merchant_won
DSP-000654,4837,No Cardholder Authorization,Mastercard,938.73,INR,2026-08-29,7,electronics,pickup,False,False,False,cvv_only,50,0,5,False,False,"['3ds_authentication', 'avs_cvv', 'ip_match']",merchant_lost
DSP-002473,13.1,Merchandise Not Received,Visa,1184.22,INR,2026-08-29,35,books,standard,True,True,True,both_match,188,0,3,True,False,"['shipping_confirmation', 'delivery_proof', 'tracking_url']",merchant_won
DSP-004974,13.3,Not as Described,Visa,643.51,INR,2026-08-29,6,books,same_day,True,True,True,both_match,72,0,4,False,True,"['product_description', 'customer_comms', 'return_policy']",merchant_won
DSP-001325,13.1,Merchandise Not Received,Visa,247.58,INR,2026-08-29,0,electronics,same_day,True,True,True,both_match,142,0,2,False,True,"['shipping_confirmation', 'delivery_proof', 'tracking_url']",merchant_won
DSP-004890,13.6,Credit Not Processed,Visa,3087.84,INR,2026-08-29,3,electronics,same_day,True,True,True,both_match,44,0,3,True,True,"['refund_receipt', 'refund_arn', 'policy_terms']",merchant_won
DSP-002130,4860,Credit Not Processed (MC),Mastercard,2839.66,INR,2026-08-29,5,fashion,express,True,True,True,both_match,66,0,5,False,False,"['refund_receipt', 'refund_arn', 'policy_terms']",merchant_won
DSP-001607,13.6,Credit Not Processed,Visa,96.03,INR,2026-08-29,0,electronics,pickup,True,True,True,both_match,31,0,5,True,True,"['refund_receipt', 'refund_arn', 'policy_terms']",merchant_won
DSP-002612,10.4,Fraud - Card Absent,Visa,700.96,INR,2026-08-29,27,sports,same_day,False,False,False,neither,11,2,2,False,True,"['avs_cvv', 'ip_match', 'delivery_proof', 'device_fingerprint']",merchant_lost
DSP-001825,10.4,Fraud - Card Absent,Visa,1166.99,INR,2026-08-29,4,sports,same_day,True,False,False,neither,38,0,0,False,True,"['avs_cvv', 'ip_match', 'delivery_proof', 'device_fingerprint']",merchant_lost
DSP-001134,4863,Cardholder Does Not Recognize,Mastercard,872.12,INR,2026-08-29,7,grocery,standard,True,False,False,neither,29,0,2,True,True,"['billing_descriptor', 'customer_comms', 'ip_match']",merchant_won
DSP-002226,4863,Cardholder Does Not Recognize,Mastercard,21500.45,INR,2026-08-29,17,automotive,same_day,True,True,False,avs_only,55,5,2,False,True,"['billing_descriptor', 'customer_comms', 'ip_match']",merchant_lost
DSP-000203,13.1,Merchandise Not Received,Visa,10910.97,INR,2026-08-29,4,books,express,True,False,True,both_match,344,0,4,True,True,"['shipping_confirmation', 'delivery_proof', 'tracking_url']",merchant_won
DSP-001966,4860,Credit Not Processed (MC),Mastercard,5715.35,INR,2026-08-29,13,electronics,standard,True,True,True,both_match,275,1,6,False,True,"['refund_receipt', 'refund_arn', 'policy_terms']",merchant_won
DSP-002788,4860,Credit Not Processed (MC),Mastercard,798.02,INR,2026-08-29,9,books,same_day,True,True,True,both_match,249,2,10,True,True,"['refund_receipt', 'refund_arn', 'policy_terms']",merchant_won
DSP-004104,4855,Goods or Services Not Provided,Mastercard,845.22,INR,2026-08-29,5,toys,same_day,True,True,True,both_match,88,0,10,True,True,"['shipping_confirmation', 'delivery_proof', 'signed_receipt']",merchant_won
DSP-003598,4837,No Cardholder Authorization,Mastercard,355.97,INR,2026-08-29,18,books,standard,False,False,True,cvv_only,103,0,3,True,True,"['3ds_authentication', 'avs_cvv', 'ip_match']",merchant_lost
DSP-001437,4837,No Cardholder Authorization,Mastercard,35792.89,INR,2026-08-29,9,grocery,express,True,True,False,cvv_only,72,1,1,False,False,"['3ds_authentication', 'avs_cvv', 'ip_match']",merchant_lost
DSP-002936,4860,Credit Not Processed (MC),Mastercard,1429.84,INR,2026-08-29,46,automotive,standard,True,True,True,both_match,90,0,5,False,True,"['refund_receipt', 'refund_arn', 'policy_terms']",merchant_won
DSP-002315,13.6,Credit Not Processed,Visa,281.27,INR,2026-08-29,24,home,standard,True,True,True,avs_only,294,1,1,True,True,"['refund_receipt', 'refund_arn', 'policy_terms']",merchant_won
DSP-004899,13.3,Not as Described,Visa,733.15,INR,2026-08-29,12,toys,express,True,False,True,both_match,112,0,1,False,True,"['product_description', 'customer_comms', 'return_policy']",merchant_lost
DSP-001014,4853,Cardholder Dispute - Defective,Mastercard,588.85,INR,2026-08-29,5,books,standard,True,True,True,cvv_only,76,0,2,False,True,"['product_description', 'quality_cert', 'customer_comms']",merchant_won
DSP-001513,4855,Goods or Services Not Provided,Mastercard,258.07,INR,2026-08-29,51,toys,standard,True,True,True,both_match,220,0,3,False,True,"['shipping_confirmation', 'delivery_proof', 'signed_receipt']",merchant_won
DSP-002344,4853,Cardholder Dispute - Defective,Mastercard,341.53,INR,2026-08-29,14,home,express,True,True,True,both_match,43,0,3,True,True,"['product_description', 'quality_cert', 'customer_comms']",merchant_won
DSP-002554,4863,Cardholder Does Not Recognize,Mastercard,7211.15,INR,2026-08-29,25,sports,express,False,False,False,neither,122,1,1,False,True,"['billing_descriptor', 'customer_comms', 'ip_match']",merchant_lost
DSP-001570,13.1,Merchandise Not Received,Visa,2299.58,INR,2026-08-29,7,books,same_day,True,True,True,both_match,23,0,5,True,False,"['shipping_confirmation', 'delivery_proof', 'tracking_url']",merchant_won
DSP-004839,13.1,Merchandise Not Received,Visa,132.89,INR,2026-08-29,8,beauty,express,True,True,True,cvv_only,226,0,7,True,True,"['shipping_confirmation', 'delivery_proof', 'tracking_url']",merchant_lost
DSP-002164,10.4,Fraud - Card Absent,Visa,2904.07,INR,2026-08-29,11,beauty,standard,False,False,False,neither,14,0,1,False,False,"['avs_cvv', 'ip_match', 'delivery_proof', 'device_fingerprint']",merchant_lost
DSP-001164,4863,Cardholder Does Not Recognize,Mastercard,865.42,INR,2026-08-29,40,home,same_day,False,False,True,both_match,76,1,1,False,False,"['billing_descriptor', 'customer_comms', 'ip_match']",merchant_lost
DSP-001515,10.4,Fraud - Card Absent,Visa,1405.6,INR,2026-08-29,17,sports,same_day,False,False,False,avs_only,83,0,4,False,False,"['avs_cvv', 'ip_match', 'delivery_proof', 'device_fingerprint']",merchant_lost
DSP-003588,10.4,Fraud - Card Absent,Visa,1158.14,INR,2026-08-29,5,books,pickup,False,False,False,both_match,214,2,1,False,False,"['avs_cvv', 'ip_match', 'delivery_proof', 'device_fingerprint']",merchant_won
DSP-004888,4863,Cardholder Does Not Recognize,Mastercard,1737.52,INR,2026-08-29,11,fashion,pickup,False,False,False,cvv_only,116,0,2,True,False,"['billing_descriptor', 'customer_comms', 'ip_match']",merchant_lost
DSP-000845,4855,Goods or Services Not Provided,Mastercard,2418.79,INR,2026-08-29,11,grocery,pickup,True,False,True,both_match,122,0,6,True,True,"['shipping_confirmation', 'delivery_proof', 'signed_receipt']",merchant_won
DSP-004907,4860,Credit Not Processed (MC),Mastercard,4262.78,INR,2026-08-29,26,beauty,standard,True,True,True,avs_only,196,0,6,True,True,"['refund_receipt', 'refund_arn', 'policy_terms']",merchant_won
DSP-001155,10.4,Fraud - Card Absent,Visa,4703.77,INR,2026-08-29,58,toys,same_day,True,False,False,cvv_only,13,0,2,False,False,"['avs_cvv', 'ip_match', 'delivery_proof', 'device_fingerprint']",merchant_won
DSP-004822,4863,Cardholder Does Not Recognize,Mastercard,744.22,INR,2026-08-29,8,books,pickup,False,False,True,avs_only,109,0,2,True,False,"['billing_descriptor', 'customer_comms', 'ip_match']",merchant_lost
DSP-002967,13.1,Merchandise Not Received,Visa,1672.7,INR,2026-08-29,16,beauty,standard,True,True,True,both_match,19,0,5,True,True,"['shipping_confirmation', 'delivery_proof', 'tracking_url']",merchant_won
DSP-002122,13.3,Not as Described,Visa,14014.7,INR,2026-08-29,25,health,pickup,True,True,True,cvv_only,33,1,8,True,False,"['product_description', 'customer_comms', 'return_policy']",merchant_won
DSP-000904,13.1,Merchandise Not Received,Visa,1461.97,INR,2026-08-29,76,home,pickup,True,False,True,cvv_only,13,1,5,True,True,"['shipping_confirmation', 'delivery_proof', 'tracking_url']",merchant_lost
DSP-003919,13.1,Merchandise Not Received,Visa,101.25,INR,2026-08-29,5,books,express,True,False,True,both_match,475,0,7,True,False,"['shipping_confirmation', 'delivery_proof', 'tracking_url']",merchant_lost
DSP-004578,13.3,Not as Described,Visa,2192.71,INR,2026-08-29,5,beauty,same_day,True,True,False,avs_only,99,0,6,True,True,"['product_description', 'customer_comms', 'return_policy']",merchant_won
DSP-001773,4863,Cardholder Does Not Recognize,Mastercard,990.93,INR,2026-08-29,1,fashion,same_day,False,False,True,neither,499,1,3,False,False,"['billing_descriptor', 'customer_comms', 'ip_match']",merchant_lost
DSP-004376,13.1,Merchandise Not Received,Visa,1050.85,INR,2026-08-29,37,beauty,express,True,False,True,both_match,486,0,4,True,False,"['shipping_confirmation', 'delivery_proof', 'tracking_url']",merchant_won
DSP-004885,10.4,Fraud - Card Absent,Visa,6871.21,INR,2026-08-29,3,toys,express,False,False,False,avs_only,3,0,1,False,False,"['avs_cvv', 'ip_match', 'delivery_proof', 'device_fingerprint']",merchant_won
DSP-003660,4855,Goods or Services Not Provided,Mastercard,237.5,INR,2026-08-29,9,beauty,same_day,True,True,True,both_match,41,0,4,True,False,"['shipping_confirmation', 'delivery_proof', 'signed_receipt']",merchant_won
DSP-002452,4855,Goods or Services Not Provided,Mastercard,5150.8,INR,2026-08-29,3,beauty,pickup,True,True,True,both_match,304,0,7,False,False,"['shipping_confirmation', 'delivery_proof', 'signed_receipt']",merchant_won
DSP-001780,10.5,Fraud - Counterfeit,Visa,5814.15,INR,2026-08-29,27,automotive,express,False,False,True,cvv_only,10,0,4,True,True,"['emv_chip_data', 'pin_verification']",merchant_lost
DSP-003356,4863,Cardholder Does Not Recognize,Mastercard,14972.62,INR,2026-08-29,0,grocery,express,False,False,False,cvv_only,203,0,4,True,False,"['billing_descriptor', 'customer_comms', 'ip_match']",merchant_lost
DSP-000738,13.3,Not as Described,Visa,2396.76,INR,2026-08-29,10,electronics,pickup,True,True,True,both_match,692,0,8,True,True,"['product_description', 'customer_comms', 'return_policy']",merchant_won
DSP-004552,4860,Credit Not Processed (MC),Mastercard,2438.33,INR,2026-08-29,16,automotive,pickup,True,False,True,both_match,149,0,7,False,True,"['refund_receipt', 'refund_arn', 'policy_terms']",merchant_won
DSP-002950,10.4,Fraud - Card Absent,Visa,1325.6,INR,2026-08-29,18,toys,standard,False,False,False,avs_only,17,0,0,False,True,"['avs_cvv', 'ip_match', 'delivery_proof', 'device_fingerprint']",merchant_lost
DSP-003301,4860,Credit Not Processed (MC),Mastercard,1883.66,INR,2026-08-29,25,fashion,express,True,True,True,both_match,245,0,5,True,True,"['refund_receipt', 'refund_arn', 'policy_terms']",merchant_lost
DSP-000716,13.1,Merchandise Not Received,Visa,2775.12,INR,2026-08-29,8,health,pickup,True,True,True,both_match,279,0,5,True,True,"['shipping_confirmation', 'delivery_proof', 'tracking_url']",merchant_won
DSP-002404,10.4,Fraud - Card Absent,Visa,468.37,INR,2026-08-29,7,grocery,express,True,True,False,cvv_only,37,1,2,False,True,"['avs_cvv', 'ip_match', 'delivery_proof', 'device_fingerprint']",merchant_won
DSP-003364,4853,Cardholder Dispute - Defective,Mastercard,2015.0,INR,2026-08-29,88,grocery,pickup,True,False,True,both_match,54,0,5,False,True,"['product_description', 'quality_cert', 'customer_comms']",merchant_lost
DSP-001138,13.6,Credit Not Processed,Visa,1201.24,INR,2026-08-29,3,beauty,standard,True,True,True,avs_only,760,0,8,False,True,"['refund_receipt', 'refund_arn', 'policy_terms']",merchant_won
DSP-003549,4863,Cardholder Does Not Recognize,Mastercard,2041.04,INR,2026-08-29,50,toys,express,True,True,False,neither,155,1,0,True,False,"['billing_descriptor', 'customer_comms', 'ip_match']",merchant_won
DSP-001154,4863,Cardholder Does Not Recognize,Mastercard,4124.14,INR,2026-08-29,0,fashion,pickup,False,False,False,both_match,79,1,1,True,False,"['billing_descriptor', 'customer_comms', 'ip_match']",merchant_lost
DSP-000087,10.4,Fraud - Card Absent,Visa,4823.81,INR,2026-08-29,24,automotive,same_day,True,False,False,neither,24,0,1,True,False,"['avs_cvv', 'ip_match', 'delivery_proof', 'device_fingerprint']",merchant_lost
DSP-001471,10.4,Fraud - Card Absent,Visa,282.5,INR,2026-08-29,26,books,standard,True,False,False,both_match,5,0,3,False,True,"['avs_cvv', 'ip_match', 'delivery_proof', 'device_fingerprint']",merchant_won
DSP-003591,4855,Goods or Services Not Provided,Mastercard,8523.15,INR,2026-08-29,3,books,express,True,False,True,both_match,1274,0,9,True,True,"['shipping_confirmation', 'delivery_proof', 'signed_receipt']",merchant_won
DSP-001207,10.4,Fraud - Card Absent,Visa,7475.3,INR,2026-08-29,22,books,express,False,False,False,avs_only,70,0,2,True,True,"['avs_cvv', 'ip_match', 'delivery_proof', 'device_fingerprint']",merchant_won
DSP-001573,4837,No Cardholder Authorization,Mastercard,6357.79,INR,2026-08-29,18,grocery,standard,True,False,False,both_match,138,1,0,False,False,"['3ds_authentication', 'avs_cvv', 'ip_match']",merchant_lost
DSP-001193,4855,Goods or Services Not Provided,Mastercard,1905.46,INR,2026-08-29,13,grocery,same_day,True,True,True,both_match,14,0,6,False,True,"['shipping_confirmation', 'delivery_proof', 'signed_receipt']",merchant_lost
DSP-000953,10.4,Fraud - Card Absent,Visa,2936.31,INR,2026-08-29,67,books,same_day,True,True,False,avs_only,17,1,2,True,False,"['avs_cvv', 'ip_match', 'delivery_proof', 'device_fingerprint']",merchant_lost
DSP-002012,4860,Credit Not Processed (MC),Mastercard,18416.83,INR,2026-08-29,19,toys,express,True,True,True,both_match,55,0,5,True,True,"['refund_receipt', 'refund_arn', 'policy_terms']",merchant_won
DSP-001545,4863,Cardholder Does Not Recognize,Mastercard,3814.52,INR,2026-08-29,50,automotive,standard,True,False,False,both_match,21,0,1,True,True,"['billing_descriptor', 'customer_comms', 'ip_match']",merchant_lost
DSP-001098,13.1,Merchandise Not Received,Visa,112.82,INR,2026-08-29,21,toys,pickup,True,True,True,both_match,84,0,6,True,True,"['shipping_confirmation', 'delivery_proof', 'tracking_url']",merchant_won
DSP-002105,4837,No Cardholder Authorization,Mastercard,1561.11,INR,2026-08-29,15,home,same_day,False,False,True,avs_only,18,2,2,False,True,"['3ds_authentication', 'avs_cvv', 'ip_match']",merchant_won
DSP-003104,10.4,Fraud - Card Absent,Visa,515.65,INR,2026-08-29,24,fashion,pickup,True,False,False,neither,144,1,1,False,False,"['avs_cvv', 'ip_match', 'delivery_proof', 'device_fingerprint']",merchant_lost
DSP-002149,10.4,Fraud - Card Absent,Visa,312.9,INR,2026-08-29,33,health,standard,False,False,True,cvv_only,88,0,3,False,False,"['avs_cvv', 'ip_match', 'delivery_proof', 'device_fingerprint']",merchant_lost
DSP-001901,13.1,Merchandise Not Received,Visa,732.33,INR,2026-08-29,23,home,standard,True,True,True,both_match,140,0,6,True,False,"['shipping_confirmation', 'delivery_proof', 'tracking_url']",merchant_lost
DSP-004957,4853,Cardholder Dispute - Defective,Mastercard,847.76,INR,2026-08-29,2,fashion,same_day,True,False,True,both_match,154,1,4,False,True,"['product_description', 'quality_cert', 'customer_comms']",merchant_won
DSP-000990,4853,Cardholder Dispute - Defective,Mastercard,1113.68,INR,2026-08-29,7,electronics,pickup,True,True,True,both_match,16,0,5,False,True,"['product_description', 'quality_cert', 'customer_comms']",merchant_won
DSP-002256,10.5,Fraud - Counterfeit,Visa,2549.68,INR,2026-08-29,6,grocery,same_day,True,False,False,neither,232,3,0,False,False,"['emv_chip_data', 'pin_verification']",merchant_lost
DSP-004383,13.3,Not as Described,Visa,3630.16,INR,2026-08-29,8,books,same_day,True,True,True,both_match,49,0,5,False,True,"['product_description', 'customer_comms', 'return_policy']",merchant_won
DSP-003835,4837,No Cardholder Authorization,Mastercard,5439.3,INR,2026-08-29,17,beauty,pickup,True,True,True,cvv_only,121,0,2,False,False,"['3ds_authentication', 'avs_cvv', 'ip_match']",merchant_won
DSP-000096,10.4,Fraud - Card Absent,Visa,562.0,INR,2026-08-29,35,toys,standard,True,True,False,both_match,121,1,2,False,False,"['avs_cvv', 'ip_match', 'delivery_proof', 'device_fingerprint']",merchant_lost
DSP-004530,4860,Credit Not Processed (MC),Mastercard,955.51,INR,2026-08-29,15,electronics,express,True,True,True,both_match,306,0,6,True,True,"['refund_receipt', 'refund_arn', 'policy_terms']",merchant_won
DSP-000609,10.4,Fraud - Card Absent,Visa,1377.69,INR,2026-08-29,3,fashion,express,False,False,False,cvv_only,15,1,2,False,False,"['avs_cvv', 'ip_match', 'delivery_proof', 'device_fingerprint']",merchant_won
DSP-002843,10.4,Fraud - Card Absent,Visa,7135.47,INR,2026-08-29,17,books,same_day,True,True,False,avs_only,125,1,0,True,False,"['avs_cvv', 'ip_match', 'delivery_proof', 'device_fingerprint']",merchant_won
DSP-004512,13.1,Merchandise Not Received,Visa,686.36,INR,2026-08-29,31,toys,standard,True,True,True,neither,81,0,4,False,True,"['shipping_confirmation', 'delivery_proof', 'tracking_url']",merchant_won
DSP-000348,4860,Credit Not Processed (MC),Mastercard,38.75,INR,2026-08-29,0,sports,express,True,True,True,both_match,512,1,4,False,True,"['refund_receipt', 'refund_arn', 'policy_terms']",merchant_won
DSP-003887,10.4,Fraud - Card Absent,Visa,2370.07,INR,2026-08-29,13,beauty,same_day,False,False,True,neither,556,0,0,False,False,"['avs_cvv', 'ip_match', 'delivery_proof', 'device_fingerprint']",merchant_lost
DSP-002800,4837,No Cardholder Authorization,Mastercard,1941.56,INR,2026-08-29,7,fashion,standard,False,False,True,neither,32,0,3,False,False,"['3ds_authentication', 'avs_cvv', 'ip_match']",merchant_lost
DSP-004758,4855,Goods or Services Not Provided,Mastercard,259.67,INR,2026-08-29,23,toys,standard,True,True,True,both_match,210,0,3,True,True,"['shipping_confirmation', 'delivery_proof', 'signed_receipt']",merchant_won
DSP-000686,4860,Credit Not Processed (MC),Mastercard,8939.76,INR,2026-08-29,0,electronics,express,True,True,True,both_match,1154,0,7,True,False,"['refund_receipt', 'refund_arn', 'policy_terms']",merchant_won
DSP-002015,10.4,Fraud - Card Absent,Visa,2070.86,INR,2026-08-29,46,fashion,express,True,True,False,avs_only,170,0,1,True,False,"['avs_cvv', 'ip_match', 'delivery_proof', 'device_fingerprint']",merchant_lost
DSP-003853,4837,No Cardholder Authorization,Mastercard,1163.71,INR,2026-08-29,64,home,pickup,False,False,False,neither,101,0,4,True,False,"['3ds_authentication', 'avs_cvv', 'ip_match']",merchant_lost
DSP-004152,10.4,Fraud - Card Absent,Visa,5735.25,INR,2026-08-29,32,toys,pickup,False,False,True,avs_only,20,1,1,False,True,"['avs_cvv', 'ip_match', 'delivery_proof', 'device_fingerprint']",merchant_won
DSP-003083,4853,Cardholder Dispute - Defective,Mastercard,8435.51,INR,2026-08-29,1,home,pickup,True,True,True,both_match,279,0,4,True,True,"['product_description', 'quality_cert', 'customer_comms']",merchant_won
DSP-002793,4837,No Cardholder Authorization,Mastercard,4500.15,INR,2026-08-29,0,grocery,pickup,True,True,False,both_match,22,1,1,True,True,"['3ds_authentication', 'avs_cvv', 'ip_match']",merchant_lost
DSP-000479,13.6,Credit Not Processed,Visa,2006.32,INR,2026-08-29,3,electronics,same_day,True,True,True,both_match,90,0,9,False,False,"['refund_receipt', 'refund_arn', 'policy_terms']",merchant_lost
DSP-002577,4853,Cardholder Dispute - Defective,Mastercard,2621.26,INR,2026-08-29,11,grocery,standard,True,True,True,both_match,277,0,1,True,False,"['product_description', 'quality_cert', 'customer_comms']",merchant_won
DSP-004864,10.4,Fraud - Card Absent,Visa,1898.15,INR,2026-08-29,50,toys,standard,True,False,False,avs_only,42,0,2,False,False,"['avs_cvv', 'ip_match', 'delivery_proof', 'device_fingerprint']",merchant_won
DSP-004144,10.4,Fraud - Card Absent,Visa,265.97,INR,2026-08-29,34,sports,standard,False,False,False,both_match,190,2,3,True,True,"['avs_cvv', 'ip_match', 'delivery_proof', 'device_fingerprint']",merchant_lost
DSP-004055,4855,Goods or Services Not Provided,Mastercard,133.68,INR,2026-08-29,44,toys,express,True,True,True,both_match,50,0,7,False,True,"['shipping_confirmation', 'delivery_proof', 'signed_receipt']",merchant_won
DSP-004887,10.4,Fraud - Card Absent,Visa,18001.24,INR,2026-08-29,62,grocery,standard,True,False,False,neither,133,0,3,False,False,"['avs_cvv', 'ip_match', 'delivery_proof', 'device_fingerprint']",merchant_lost
DSP-002964,10.4,Fraud - Card Absent,Visa,5379.31,INR,2026-08-29,101,toys,standard,True,False,False,neither,247,1,2,False,True,"['avs_cvv', 'ip_match', 'delivery_proof', 'device_fingerprint']",merchant_won
DSP-003679,10.4,Fraud - Card Absent,Visa,1349.11,INR,2026-08-29,3,automotive,pickup,True,True,False,avs_only,204,0,3,True,False,"['avs_cvv', 'ip_match', 'delivery_proof', 'device_fingerprint']",merchant_lost
DSP-001067,10.4,Fraud - Card Absent,Visa,835.21,INR,2026-08-29,3,sports,express,True,False,False,both_match,60,0,4,False,True,"['avs_cvv', 'ip_match', 'delivery_proof', 'device_fingerprint']",merchant_lost
DSP-003228,13.1,Merchandise Not Received,Visa,74.77,INR,2026-08-29,37,sports,express,True,True,True,both_match,28,1,5,False,False,"['shipping_confirmation', 'delivery_proof', 'tracking_url']",merchant_won
DSP-001360,4855,Goods or Services Not Provided,Mastercard,426.62,INR,2026-08-29,4,books,pickup,True,True,True,avs_only,161,0,5,True,True,"['shipping_confirmation', 'delivery_proof', 'signed_receipt']",merchant_won
DSP-002388,10.4,Fraud - Card Absent,Visa,5733.77,INR,2026-08-29,13,automotive,standard,False,False,False,both_match,172,0,2,True,False,"['avs_cvv', 'ip_match', 'delivery_proof', 'device_fingerprint']",merchant_won
DSP-000729,4853,Cardholder Dispute - Defective,Mastercard,2124.77,INR,2026-08-29,41,beauty,same_day,False,False,True,both_match,132,0,5,False,True,"['product_description', 'quality_cert', 'customer_comms']",merchant_lost
DSP-000180,13.3,Not as Described,Visa,589.08,INR,2026-08-29,15,beauty,express,True,True,True,both_match,513,0,10,False,False,"['product_description', 'customer_comms', 'return_policy']",merchant_won
DSP-004132,10.4,Fraud - Card Absent,Visa,3397.5,INR,2026-08-29,16,sports,express,False,False,True,neither,34,1,4,False,False,"['avs_cvv', 'ip_match', 'delivery_proof', 'device_fingerprint']",merchant_won
DSP-001215,10.4,Fraud - Card Absent,Visa,583.42,INR,2026-08-29,1,health,express,True,True,False,cvv_only,86,0,2,False,False,"['avs_cvv', 'ip_match', 'delivery_proof', 'device_fingerprint']",merchant_won
DSP-002824,13.1,Merchandise Not Received,Visa,5224.67,INR,2026-08-29,20,home,pickup,True,True,True,both_match,45,0,3,True,True,"['shipping_confirmation', 'delivery_proof', 'tracking_url']",merchant_lost
DSP-003586,4837,No Cardholder Authorization,Mastercard,50.19,INR,2026-08-29,14,health,express,False,False,False,neither,28,1,1,False,False,"['3ds_authentication', 'avs_cvv', 'ip_match']",merchant_lost
DSP-002446,4837,No Cardholder Authorization,Mastercard,1624.96,INR,2026-08-29,39,health,standard,False,False,False,avs_only,21,0,2,True,False,"['3ds_authentication', 'avs_cvv', 'ip_match']",merchant_lost
DSP-002813,4853,Cardholder Dispute - Defective,Mastercard,470.9,INR,2026-08-29,14,home,same_day,True,True,True,avs_only,232,1,7,False,True,"['product_description', 'quality_cert', 'customer_comms']",merchant_won
DSP-001611,4863,Cardholder Does Not Recognize,Mastercard,1785.72,INR,2026-08-29,7,electronics,pickup,False,False,False,both_match,278,0,2,False,True,"['billing_descriptor', 'customer_comms', 'ip_match']",merchant_won
DSP-003551,4837,No Cardholder Authorization,Mastercard,5270.25,INR,2026-08-29,2,fashion,same_day,True,False,False,neither,3,0,3,True,False,"['3ds_authentication', 'avs_cvv', 'ip_match']",merchant_lost
DSP-003924,4860,Credit Not Processed (MC),Mastercard,1385.08,INR,2026-08-29,10,books,pickup,True,False,True,both_match,237,0,4,True,True,"['refund_receipt', 'refund_arn', 'policy_terms']",merchant_won
DSP-003415,4837,No Cardholder Authorization,Mastercard,3253.1,INR,2026-08-29,5,toys,pickup,True,True,True,neither,77,0,1,False,False,"['3ds_authentication', 'avs_cvv', 'ip_match']",merchant_lost
DSP-001010,13.3,Not as Described,Visa,5052.88,INR,2026-08-29,18,health,same_day,True,True,True,both_match,313,0,5,True,True,"['product_description', 'customer_comms', 'return_policy']",merchant_won
DSP-004740,13.1,Merchandise Not Received,Visa,755.63,INR,2026-08-29,17,electronics,standard,True,False,True,both_match,761,1,4,True,True,"['shipping_confirmation', 'delivery_proof', 'tracking_url']",merchant_lost
DSP-001967,4860,Credit Not Processed (MC),Mastercard,367.49,INR,2026-08-29,60,home,same_day,True,True,True,both_match,612,0,4,True,True,"['refund_receipt', 'refund_arn', 'policy_terms']",merchant_lost
DSP-002977,4860,Credit Not Processed (MC),Mastercard,572.66,INR,2026-08-29,55,sports,same_day,False,False,True,both_match,178,0,2,False,True,"['refund_receipt', 'refund_arn', 'policy_terms']",merchant_lost
DSP-002036,4837,No Cardholder Authorization,Mastercard,287.95,INR,2026-08-29,2,automotive,standard,True,False,False,neither,46,2,1,False,False,"['3ds_authentication', 'avs_cvv', 'ip_match']",merchant_lost
DSP-003290,4863,Cardholder Does Not Recognize,Mastercard,2734.14,INR,2026-08-29,31,fashion,express,False,False,False,both_match,48,0,3,True,False,"['billing_descriptor', 'customer_comms', 'ip_match']",merchant_won
DSP-004947,4863,Cardholder Does Not Recognize,Mastercard,37789.18,INR,2026-08-29,9,electronics,standard,True,True,True,avs_only,91,0,6,False,False,"['billing_descriptor', 'customer_comms', 'ip_match']",merchant_won
DSP-003958,13.1,Merchandise Not Received,Visa,272.19,INR,2026-08-29,6,beauty,pickup,True,True,True,both_match,461,0,8,False,True,"['shipping_confirmation', 'delivery_proof', 'tracking_url']",merchant_won
DSP-001861,13.1,Merchandise Not Received,Visa,5028.9,INR,2026-08-29,38,fashion,pickup,False,False,False,avs_only,57,1,3,True,True,"['shipping_confirmation', 'delivery_proof', 'tracking_url']",merchant_won
DSP-001394,4837,No Cardholder Authorization,Mastercard,11786.3,INR,2026-08-29,49,grocery,same_day,True,True,True,avs_only,88,1,3,True,False,"['3ds_authentication', 'avs_cvv', 'ip_match']",merchant_won
DSP-001046,10.4,Fraud - Card Absent,Visa,1879.08,INR,2026-08-29,26,beauty,same_day,True,False,False,both_match,62,1,1,True,False,"['avs_cvv', 'ip_match', 'delivery_proof', 'device_fingerprint']",merchant_won
DSP-002009,13.1,Merchandise Not Received,Visa,333.57,INR,2026-08-29,7,sports,express,True,True,True,both_match,171,0,2,False,False,"['shipping_confirmation', 'delivery_proof', 'tracking_url']",merchant_won
DSP-003916,4855,Goods or Services Not Provided,Mastercard,271.66,INR,2026-08-29,5,fashion,standard,True,True,True,both_match,313,0,7,False,True,"['shipping_confirmation', 'delivery_proof', 'signed_receipt']",merchant_won
DSP-004679,10.5,Fraud - Counterfeit,Visa,2040.14,INR,2026-08-29,5,toys,pickup,False,False,True,neither,69,2,1,False,False,"['emv_chip_data', 'pin_verification']",merchant_lost
DSP-000635,4855,Goods or Services Not Provided,Mastercard,497.18,INR,2026-08-29,2,toys,standard,True,True,True,both_match,40,0,5,True,True,"['shipping_confirmation', 'delivery_proof', 'signed_receipt']",merchant_won
DSP-004719,13.1,Merchandise Not Received,Visa,88.01,INR,2026-08-29,4,automotive,standard,True,True,False,both_match,73,0,3,False,True,"['shipping_confirmation', 'delivery_proof', 'tracking_url']",merchant_won
DSP-003738,10.4,Fraud - Card Absent,Visa,11058.25,INR,2026-08-29,6,automotive,standard,False,False,True,neither,30,0,2,False,False,"['avs_cvv', 'ip_match', 'delivery_proof', 'device_fingerprint']",merchant_won
DSP-004451,4860,Credit Not Processed (MC),Mastercard,890.07,INR,2026-08-29,1,sports,standard,True,False,False,avs_only,314,1,5,True,False,"['refund_receipt', 'refund_arn', 'policy_terms']",merchant_won
DSP-004086,4863,Cardholder Does Not Recognize,Mastercard,2819.9,INR,2026-08-29,120,home,express,False,False,False,both_match,60,0,1,False,False,"['billing_descriptor', 'customer_comms', 'ip_match']",merchant_lost
DSP-004333,4863,Cardholder Does Not Recognize,Mastercard,2694.33,INR,2026-08-29,5,health,same_day,False,False,True,neither,91,2,3,True,False,"['billing_descriptor', 'customer_comms', 'ip_match']",merchant_won
DSP-002686,4837,No Cardholder Authorization,Mastercard,1231.25,INR,2026-08-29,13,health,express,True,False,False,neither,99,1,2,False,False,"['3ds_authentication', 'avs_cvv', 'ip_match']",merchant_lost
DSP-000944,13.6,Credit Not Processed,Visa,9412.39,INR,2026-08-29,30,books,same_day,True,True,True,both_match,821,0,4,False,True,"['refund_receipt', 'refund_arn', 'policy_terms']",merchant_won
DSP-001056,4853,Cardholder Dispute - Defective,Mastercard,1934.69,INR,2026-08-29,23,fashion,express,True,True,True,avs_only,34,0,3,True,False,"['product_description', 'quality_cert', 'customer_comms']",merchant_won
DSP-003036,13.1,Merchandise Not Received,Visa,203.84,INR,2026-08-29,21,electronics,standard,True,True,True,both_match,170,0,5,True,True,"['shipping_confirmation', 'delivery_proof', 'tracking_url']",merchant_won
DSP-002903,4837,No Cardholder Authorization,Mastercard,493.97,INR,2026-08-29,40,electronics,pickup,True,False,False,cvv_only,90,4,2,False,False,"['3ds_authentication', 'avs_cvv', 'ip_match']",merchant_lost
DSP-000554,4853,Cardholder Dispute - Defective,Mastercard,305.31,INR,2026-08-29,18,beauty,same_day,True,True,False,both_match,480,0,5,False,False,"['product_description', 'quality_cert', 'customer_comms']",merchant_won
DSP-002587,13.3,Not as Described,Visa,3903.95,INR,2026-08-29,5,health,pickup,False,False,True,neither,195,0,6,False,True,"['product_description', 'customer_comms', 'return_policy']",merchant_won
DSP-001388,4837,No Cardholder Authorization,Mastercard,655.32,INR,2026-08-29,26,fashion,standard,False,False,False,avs_only,25,0,4,False,False,"['3ds_authentication', 'avs_cvv', 'ip_match']",merchant_won
DSP-001685,4853,Cardholder Dispute - Defective,Mastercard,332.89,INR,2026-08-29,11,health,standard,True,False,True,both_match,667,0,8,True,False,"['product_description', 'quality_cert', 'customer_comms']",merchant_won
DSP-000442,4853,Cardholder Dispute - Defective,Mastercard,549.33,INR,2026-08-29,16,grocery,pickup,True,False,True,both_match,65,0,7,False,True,"['product_description', 'quality_cert', 'customer_comms']",merchant_won
DSP-004027,4837,No Cardholder Authorization,Mastercard,2574.72,INR,2026-08-29,19,books,standard,True,True,False,cvv_only,33,0,1,False,False,"['3ds_authentication', 'avs_cvv', 'ip_match']",merchant_lost
DSP-001189,13.1,Merchandise Not Received,Visa,277.18,INR,2026-08-29,7,toys,standard,True,True,True,neither,154,0,5,False,True,"['shipping_confirmation', 'delivery_proof', 'tracking_url']",merchant_won
DSP-000559,13.1,Merchandise Not Received,Visa,6265.82,INR,2026-08-29,6,sports,standard,True,False,True,both_match,4,0,8,False,False,"['shipping_confirmation', 'delivery_proof', 'tracking_url']",merchant_won
DSP-001122,4837,No Cardholder Authorization,Mastercard,824.46,INR,2026-08-29,42,fashion,same_day,True,True,False,avs_only,14,2,4,True,False,"['3ds_authentication', 'avs_cvv', 'ip_match']",merchant_lost
DSP-002442,13.6,Credit Not Processed,Visa,959.08,INR,2026-08-29,5,health,standard,True,True,True,both_match,104,0,7,True,True,"['refund_receipt', 'refund_arn', 'policy_terms']",merchant_won
DSP-000647,13.1,Merchandise Not Received,Visa,4322.77,INR,2026-08-29,8,sports,standard,True,True,True,both_match,505,0,8,True,True,"['shipping_confirmation', 'delivery_proof', 'tracking_url']",merchant_won
DSP-000360,4863,Cardholder Does Not Recognize,Mastercard,58.11,INR,2026-08-29,15,grocery,same_day,False,False,False,avs_only,27,0,1,True,True,"['billing_descriptor', 'customer_comms', 'ip_match']",merchant_lost
DSP-003553,4853,Cardholder Dispute - Defective,Mastercard,714.46,INR,2026-08-29,49,electronics,pickup,True,True,True,both_match,434,0,7,True,False,"['product_description', 'quality_cert', 'customer_comms']",merchant_lost
DSP-003202,4860,Credit Not Processed (MC),Mastercard,576.34,INR,2026-08-29,8,books,express,True,False,True,avs_only,119,0,4,False,False,"['refund_receipt', 'refund_arn', 'policy_terms']",merchant_won
DSP-001495,4837,No Cardholder Authorization,Mastercard,853.86,INR,2026-08-29,58,grocery,express,False,False,False,neither,27,0,0,False,True,"['3ds_authentication', 'avs_cvv', 'ip_match']",merchant_lost
DSP-002437,4853,Cardholder Dispute - Defective,Mastercard,239.1,INR,2026-08-29,48,electronics,standard,True,True,True,both_match,560,0,11,True,False,"['product_description', 'quality_cert', 'customer_comms']",merchant_won
DSP-000905,4863,Cardholder Does Not Recognize,Mastercard,1555.13,INR,2026-08-29,63,home,standard,True,True,True,avs_only,226,2,3,False,True,"['billing_descriptor', 'customer_comms', 'ip_match']",merchant_won
DSP-003237,4853,Cardholder Dispute - Defective,Mastercard,814.08,INR,2026-08-29,14,health,same_day,True,True,True,avs_only,163,0,6,True,True,"['product_description', 'quality_cert', 'customer_comms']",merchant_lost
DSP-004216,13.6,Credit Not Processed,Visa,563.37,INR,2026-08-29,14,automotive,express,True,True,True,both_match,458,0,10,True,True,"['refund_receipt', 'refund_arn', 'policy_terms']",merchant_won
DSP-003120,13.1,Merchandise Not Received,Visa,9840.44,INR,2026-08-29,34,health,pickup,True,True,True,both_match,20,0,5,True,True,"['shipping_confirmation', 'delivery_proof', 'tracking_url']",merchant_won
DSP-000260,4863,Cardholder Does Not Recognize,Mastercard,286.57,INR,2026-08-29,67,health,pickup,False,False,True,cvv_only,69,0,3,False,True,"['billing_descriptor', 'customer_comms', 'ip_match']",merchant_lost
DSP-003703,4837,No Cardholder Authorization,Mastercard,3506.78,INR,2026-08-29,7,books,same_day,True,True,False,neither,27,0,2,False,False,"['3ds_authentication', 'avs_cvv', 'ip_match']",merchant_lost
DSP-004897,4860,Credit Not Processed (MC),Mastercard,1586.08,INR,2026-08-29,46,beauty,express,True,False,True,both_match,729,0,4,False,True,"['refund_receipt', 'refund_arn', 'policy_terms']",merchant_lost
DSP-002266,4853,Cardholder Dispute - Defective,Mastercard,1731.39,INR,2026-08-29,8,beauty,same_day,True,True,True,both_match,13,0,6,True,True,"['product_description', 'quality_cert', 'customer_comms']",merchant_won
DSP-001032,4860,Credit Not Processed (MC),Mastercard,10003.51,INR,2026-08-29,1,grocery,pickup,True,True,True,neither,3,0,8,False,True,"['refund_receipt', 'refund_arn', 'policy_terms']",merchant_won
DSP-003006,4863,Cardholder Does Not Recognize,Mastercard,461.32,INR,2026-08-29,5,electronics,express,False,False,False,neither,52,2,2,True,False,"['billing_descriptor', 'customer_comms', 'ip_match']",merchant_lost
DSP-000372,13.3,Not as Described,Visa,91.32,INR,2026-08-29,6,books,pickup,True,True,True,both_match,172,0,4,False,True,"['product_description', 'customer_comms', 'return_policy']",merchant_lost
DSP-000555,13.6,Credit Not Processed,Visa,820.28,INR,2026-08-29,2,fashion,pickup,True,True,True,avs_only,25,0,3,False,False,"['refund_receipt', 'refund_arn', 'policy_terms']",merchant_won
DSP-001701,13.3,Not as Described,Visa,122.67,INR,2026-08-29,22,books,same_day,True,True,True,both_match,18,0,9,True,True,"['product_description', 'customer_comms', 'return_policy']",merchant_won
DSP-001112,10.4,Fraud - Card Absent,Visa,696.04,INR,2026-08-29,12,books,pickup,True,False,False,both_match,33,2,1,False,False,"['avs_cvv', 'ip_match', 'delivery_proof', 'device_fingerprint']",merchant_lost
DSP-001281,13.3,Not as Described,Visa,208.18,INR,2026-08-29,94,sports,express,True,True,True,both_match,533,0,8,False,True,"['product_description', 'customer_comms', 'return_policy']",merchant_won
DSP-002028,4837,No Cardholder Authorization,Mastercard,1377.41,INR,2026-08-29,13,health,standard,False,False,False,avs_only,76,0,1,False,False,"['3ds_authentication', 'avs_cvv', 'ip_match']",merchant_won
DSP-002875,13.1,Merchandise Not Received,Visa,168.07,INR,2026-08-29,5,books,pickup,True,True,False,both_match,177,0,6,True,True,"['shipping_confirmation', 'delivery_proof', 'tracking_url']",merchant_lost
DSP-000233,10.4,Fraud - Card Absent,Visa,7197.32,INR,2026-08-29,52,automotive,express,True,False,False,neither,134,2,1,False,False,"['avs_cvv', 'ip_match', 'delivery_proof', 'device_fingerprint']",merchant_lost
DSP-002436,4853,Cardholder Dispute - Defective,Mastercard,134.24,INR,2026-08-29,2,fashion,same_day,True,True,True,both_match,538,0,7,False,False,"['product_description', 'quality_cert', 'customer_comms']",merchant_lost
DSP-000961,4855,Goods or Services Not Provided,Mastercard,387.17,INR,2026-08-29,19,books,same_day,False,False,True,both_match,102,0,5,True,True,"['shipping_confirmation', 'delivery_proof', 'signed_receipt']",merchant_won
DSP-002953,13.3,Not as Described,Visa,641.52,INR,2026-08-29,27,home,same_day,True,True,True,both_match,25,0,10,False,True,"['product_description', 'customer_comms', 'return_policy']",merchant_won
DSP-004532,10.4,Fraud - Card Absent,Visa,4367.39,INR,2026-08-29,7,fashion,pickup,True,True,False,avs_only,311,0,4,True,False,"['avs_cvv', 'ip_match', 'delivery_proof', 'device_fingerprint']",merchant_lost
DSP-000963,4860,Credit Not Processed (MC),Mastercard,2022.44,INR,2026-08-29,21,sports,same_day,True,True,True,cvv_only,449,0,6,True,True,"['refund_receipt', 'refund_arn', 'policy_terms']",merchant_lost
DSP-004802,10.4,Fraud - Card Absent,Visa,2587.73,INR,2026-08-29,40,automotive,pickup,False,False,True,both_match,4,0,3,True,False,"['avs_cvv', 'ip_match', 'delivery_proof', 'device_fingerprint']",merchant_won
DSP-000731,4860,Credit Not Processed (MC),Mastercard,573.24,INR,2026-08-29,0,beauty,standard,True,False,True,avs_only,44,0,8,True,True,"['refund_receipt', 'refund_arn', 'policy_terms']",merchant_won
DSP-001077,4855,Goods or Services Not Provided,Mastercard,595.24,INR,2026-08-29,2,grocery,same_day,True,True,True,avs_only,85,0,4,True,False,"['shipping_confirmation', 'delivery_proof', 'signed_receipt']",merchant_won
DSP-001844,4853,Cardholder Dispute - Defective,Mastercard,654.1,INR,2026-08-29,5,home,same_day,True,True,True,avs_only,612,0,4,False,True,"['product_description', 'quality_cert', 'customer_comms']",merchant_won
DSP-003003,4860,Credit Not Processed (MC),Mastercard,353.07,INR,2026-08-29,6,sports,standard,True,True,True,both_match,102,0,7,False,True,"['refund_receipt', 'refund_arn', 'policy_terms']",merchant_won
DSP-004497,13.1,Merchandise Not Received,Visa,328.97,INR,2026-08-29,2,automotive,express,True,True,True,cvv_only,154,0,4,True,True,"['shipping_confirmation', 'delivery_proof', 'tracking_url']",merchant_lost
DSP-000051,4853,Cardholder Dispute - Defective,Mastercard,385.62,INR,2026-08-29,21,health,same_day,True,True,True,both_match,9,0,7,True,True,"['product_description', 'quality_cert', 'customer_comms']",merchant_won
DSP-002649,4837,No Cardholder Authorization,Mastercard,222.61,INR,2026-08-29,19,beauty,express,True,True,False,neither,0,1,2,False,False,"['3ds_authentication', 'avs_cvv', 'ip_match']",merchant_lost
DSP-002435,4837,No Cardholder Authorization,Mastercard,455.25,INR,2026-08-29,4,sports,express,False,False,False,avs_only,352,1,2,True,True,"['3ds_authentication', 'avs_cvv', 'ip_match']",merchant_lost
DSP-001785,10.5,Fraud - Counterfeit,Visa,1364.05,INR,2026-08-29,17,beauty,pickup,False,False,False,avs_only,114,0,3,False,False,"['emv_chip_data', 'pin_verification']",merchant_lost
DSP-001624,4855,Goods or Services Not Provided,Mastercard,8767.07,INR,2026-08-29,9,sports,express,True,True,True,both_match,380,0,2,True,True,"['shipping_confirmation', 'delivery_proof', 'signed_receipt']",merchant_won
DSP-004594,4837,No Cardholder Authorization,Mastercard,4956.24,INR,2026-08-29,120,fashion,pickup,False,False,False,both_match,7,0,2,True,False,"['3ds_authentication', 'avs_cvv', 'ip_match']",merchant_won
DSP-002205,4855,Goods or Services Not Provided,Mastercard,13746.13,INR,2026-08-29,19,fashion,standard,False,False,True,both_match,260,0,4,True,True,"['shipping_confirmation', 'delivery_proof', 'signed_receipt']",merchant_won
DSP-004599,13.3,Not as Described,Visa,3021.66,INR,2026-08-29,18,beauty,pickup,True,True,True,both_match,160,0,4,False,True,"['product_description', 'customer_comms', 'return_policy']",merchant_won
DSP-003189,4863,Cardholder Does Not Recognize,Mastercard,600.66,INR,2026-08-29,15,fashion,express,False,False,True,both_match,28,0,1,False,False,"['billing_descriptor', 'customer_comms', 'ip_match']",merchant_lost
DSP-000196,4855,Goods or Services Not Provided,Mastercard,29.6,INR,2026-08-29,4,home,standard,True,True,True,both_match,286,0,8,True,True,"['shipping_confirmation', 'delivery_proof', 'signed_receipt']",merchant_won
DSP-004901,10.5,Fraud - Counterfeit,Visa,2615.73,INR,2026-08-29,26,health,same_day,False,False,False,both_match,25,1,0,False,False,"['emv_chip_data', 'pin_verification']",merchant_won
DSP-000802,4837,No Cardholder Authorization,Mastercard,853.93,INR,2026-08-29,48,beauty,same_day,True,True,False,cvv_only,10,0,2,True,False,"['3ds_authentication', 'avs_cvv', 'ip_match']",merchant_won
DSP-002466,4855,Goods or Services Not Provided,Mastercard,363.39,INR,2026-08-29,6,beauty,standard,False,False,True,both_match,162,0,5,True,True,"['shipping_confirmation', 'delivery_proof', 'signed_receipt']",merchant_lost
DSP-000704,4863,Cardholder Does Not Recognize,Mastercard,900.51,INR,2026-08-29,13,grocery,same_day,True,True,False,both_match,244,0,0,False,False,"['billing_descriptor', 'customer_comms', 'ip_match']",merchant_lost
DSP-004143,4837,No Cardholder Authorization,Mastercard,16791.61,INR,2026-08-29,6,beauty,express,True,True,False,cvv_only,61,0,3,False,False,"['3ds_authentication', 'avs_cvv', 'ip_match']",merchant_lost
DSP-004023,10.4,Fraud - Card Absent,Visa,2530.19,INR,2026-08-29,73,home,standard,False,False,True,neither,55,0,5,False,True,"['avs_cvv', 'ip_match', 'delivery_proof', 'device_fingerprint']",merchant_lost
DSP-003625,13.3,Not as Described,Visa,3453.45,INR,2026-08-29,33,home,express,True,False,True,both_match,226,0,0,True,False,"['product_description', 'customer_comms', 'return_policy']",merchant_won
DSP-000218,10.4,Fraud - Card Absent,Visa,6792.09,INR,2026-08-29,5,grocery,same_day,False,False,False,neither,122,0,2,False,False,"['avs_cvv', 'ip_match', 'delivery_proof', 'device_fingerprint']",merchant_lost
DSP-002526,4853,Cardholder Dispute - Defective,Mastercard,640.34,INR,2026-08-29,3,automotive,express,False,False,True,both_match,133,0,2,False,True,"['product_description', 'quality_cert', 'customer_comms']",merchant_won
DSP-004016,4837,No Cardholder Authorization,Mastercard,6583.77,INR,2026-08-29,12,health,same_day,False,False,True,avs_only,8,0,3,False,False,"['3ds_authentication', 'avs_cvv', 'ip_match']",merchant_lost
DSP-004859,4860,Credit Not Processed (MC),Mastercard,2076.5,INR,2026-08-29,1,grocery,pickup,True,True,True,both_match,302,0,7,False,False,"['refund_receipt', 'refund_arn', 'policy_terms']",merchant_won
DSP-004818,4863,Cardholder Does Not Recognize,Mastercard,944.41,INR,2026-08-29,17,health,express,True,True,False,neither,234,0,2,False,False,"['billing_descriptor', 'customer_comms', 'ip_match']",merchant_won
DSP-002721,10.4,Fraud - Card Absent,Visa,18621.48,INR,2026-08-29,6,beauty,express,False,False,True,avs_only,154,1,1,False,False,"['avs_cvv', 'ip_match', 'delivery_proof', 'device_fingerprint']",merchant_lost
DSP-003794,13.1,Merchandise Not Received,Visa,767.96,INR,2026-08-29,1,toys,express,True,True,False,both_match,693,0,5,True,False,"['shipping_confirmation', 'delivery_proof', 'tracking_url']",merchant_won
DSP-003803,10.4,Fraud - Card Absent,Visa,12548.32,INR,2026-08-29,23,electronics,same_day,False,False,False,neither,101,1,0,False,False,"['avs_cvv', 'ip_match', 'delivery_proof', 'device_fingerprint']",merchant_won
DSP-001170,13.6,Credit Not Processed,Visa,1104.23,INR,2026-08-29,23,beauty,pickup,True,True,True,both_match,489,0,1,True,True,"['refund_receipt', 'refund_arn', 'policy_terms']",merchant_won
DSP-004283,10.4,Fraud - Card Absent,Visa,856.16,INR,2026-08-29,22,grocery,same_day,False,False,False,neither,10,0,0,True,True,"['avs_cvv', 'ip_match', 'delivery_proof', 'device_fingerprint']",merchant_lost
DSP-004105,13.3,Not as Described,Visa,1393.73,INR,2026-08-29,20,sports,express,True,True,True,both_match,204,0,4,False,True,"['product_description', 'customer_comms', 'return_policy']",merchant_won
DSP-003238,13.1,Merchandise Not Received,Visa,1188.2,INR,2026-08-29,1,toys,express,True,False,True,both_match,430,0,3,False,False,"['shipping_confirmation', 'delivery_proof', 'tracking_url']",merchant_won
DSP-001855,13.1,Merchandise Not Received,Visa,1717.17,INR,2026-08-29,14,sports,same_day,True,True,True,both_match,1563,0,5,False,True,"['shipping_confirmation', 'delivery_proof', 'tracking_url']",merchant_won
DSP-004870,4860,Credit Not Processed (MC),Mastercard,264.3,INR,2026-08-29,7,fashion,pickup,True,True,True,both_match,32,0,6,False,True,"['refund_receipt', 'refund_arn', 'policy_terms']",merchant_won
DSP-001469,13.3,Not as Described,Visa,2194.6,INR,2026-08-29,36,automotive,same_day,True,True,False,both_match,237,0,5,False,True,"['product_description', 'customer_comms', 'return_policy']",merchant_won
DSP-004311,13.6,Credit Not Processed,Visa,748.12,INR,2026-08-29,3,home,pickup,True,True,True,both_match,536,0,8,True,True,"['refund_receipt', 'refund_arn', 'policy_terms']",merchant_won
DSP-002717,13.3,Not as Described,Visa,384.13,INR,2026-08-29,17,sports,standard,True,True,True,both_match,540,0,3,False,True,"['product_description', 'customer_comms', 'return_policy']",merchant_won
DSP-000873,4853,Cardholder Dispute - Defective,Mastercard,438.8,INR,2026-08-29,4,toys,pickup,True,True,True,both_match,168,0,4,False,False,"['product_description', 'quality_cert', 'customer_comms']",merchant_won
DSP-004131,4853,Cardholder Dispute - Defective,Mastercard,219.54,INR,2026-08-29,32,fashion,same_day,True,True,True,both_match,85,0,2,True,True,"['product_description', 'quality_cert', 'customer_comms']",merchant_won
DSP-003076,4837,No Cardholder Authorization,Mastercard,4205.4,INR,2026-08-29,21,fashion,pickup,True,False,False,neither,49,0,3,False,False,"['3ds_authentication', 'avs_cvv', 'ip_match']",merchant_lost
DSP-002523,10.5,Fraud - Counterfeit,Visa,171.74,INR,2026-08-29,9,beauty,express,True,False,False,both_match,45,2,1,False,False,"['emv_chip_data', 'pin_verification']",merchant_lost
DSP-003755,4853,Cardholder Dispute - Defective,Mastercard,833.34,INR,2026-08-29,13,grocery,pickup,True,True,True,cvv_only,64,0,7,True,True,"['product_description', 'quality_cert', 'customer_comms']",merchant_won
DSP-002004,4837,No Cardholder Authorization,Mastercard,2808.92,INR,2026-08-29,105,fashion,standard,False,False,True,neither,329,0,0,False,False,"['3ds_authentication', 'avs_cvv', 'ip_match']",merchant_lost
DSP-002945,4860,Credit Not Processed (MC),Mastercard,1368.16,INR,2026-08-29,15,beauty,standard,True,True,True,both_match,81,0,7,True,True,"['refund_receipt', 'refund_arn', 'policy_terms']",merchant_won
DSP-002930,4863,Cardholder Does Not Recognize,Mastercard,2136.99,INR,2026-08-29,20,electronics,same_day,False,False,False,neither,53,0,0,False,False,"['billing_descriptor', 'customer_comms', 'ip_match']",merchant_lost
DSP-003211,10.4,Fraud - Card Absent,Visa,2834.18,INR,2026-08-29,3,automotive,express,False,False,False,both_match,4,2,1,False,True,"['avs_cvv', 'ip_match', 'delivery_proof', 'device_fingerprint']",merchant_lost
DSP-001260,4837,No Cardholder Authorization,Mastercard,14212.0,INR,2026-08-29,53,toys,express,True,True,False,neither,37,0,0,True,True,"['3ds_authentication', 'avs_cvv', 'ip_match']",merchant_won
DSP-003472,13.3,Not as Described,Visa,211.93,INR,2026-08-29,0,automotive,pickup,True,True,True,cvv_only,540,0,4,False,True,"['product_description', 'customer_comms', 'return_policy']",merchant_lost
DSP-003555,4853,Cardholder Dispute - Defective,Mastercard,1747.31,INR,2026-08-29,72,grocery,pickup,True,False,True,both_match,335,0,7,True,True,"['product_description', 'quality_cert', 'customer_comms']",merchant_won
DSP-001779,13.1,Merchandise Not Received,Visa,2088.96,INR,2026-08-29,18,electronics,express,False,False,True,both_match,17,0,5,False,True,"['shipping_confirmation', 'delivery_proof', 'tracking_url']",merchant_won
DSP-003992,10.4,Fraud - Card Absent,Visa,2018.95,INR,2026-08-29,1,beauty,express,True,True,True,neither,26,0,1,False,True,"['avs_cvv', 'ip_match', 'delivery_proof', 'device_fingerprint']",merchant_won
DSP-001185,10.4,Fraud - Card Absent,Visa,3201.96,INR,2026-08-29,39,books,same_day,False,False,False,both_match,137,2,4,False,True,"['avs_cvv', 'ip_match', 'delivery_proof', 'device_fingerprint']",merchant_won
DSP-000232,13.1,Merchandise Not Received,Visa,2476.57,INR,2026-08-29,4,books,standard,True,True,False,both_match,46,0,10,False,True,"['shipping_confirmation', 'delivery_proof', 'tracking_url']",merchant_won
DSP-000468,10.5,Fraud - Counterfeit,Visa,740.66,INR,2026-08-29,10,home,express,False,False,False,neither,86,1,3,True,False,"['emv_chip_data', 'pin_verification']",merchant_lost
DSP-000954,4837,No Cardholder Authorization,Mastercard,253.17,INR,2026-08-29,9,health,same_day,False,False,False,neither,223,0,4,True,True,"['3ds_authentication', 'avs_cvv', 'ip_match']",merchant_won
DSP-000403,13.1,Merchandise Not Received,Visa,1264.8,INR,2026-08-29,3,beauty,express,True,True,True,both_match,167,0,4,True,False,"['shipping_confirmation', 'delivery_proof', 'tracking_url']",merchant_won
DSP-003407,4853,Cardholder Dispute - Defective,Mastercard,1810.37,INR,2026-08-29,22,toys,standard,True,True,False,both_match,142,0,6,True,True,"['product_description', 'quality_cert', 'customer_comms']",merchant_won
DSP-003115,10.4,Fraud - Card Absent,Visa,245.42,INR,2026-08-29,19,grocery,express,True,False,False,avs_only,27,0,4,False,False,"['avs_cvv', 'ip_match', 'delivery_proof', 'device_fingerprint']",merchant_lost
DSP-000044,4837,No Cardholder Authorization,Mastercard,476.9,INR,2026-08-29,0,beauty,standard,False,False,True,neither,144,0,1,False,False,"['3ds_authentication', 'avs_cvv', 'ip_match']",merchant_won
DSP-004547,13.1,Merchandise Not Received,Visa,187.99,INR,2026-08-29,0,home,standard,True,True,True,avs_only,151,0,5,True,True,"['shipping_confirmation', 'delivery_proof', 'tracking_url']",merchant_won
DSP-004663,4837,No Cardholder Authorization,Mastercard,1603.89,INR,2026-08-29,10,books,same_day,False,False,False,cvv_only,14,0,2,False,False,"['3ds_authentication', 'avs_cvv', 'ip_match']",merchant_lost
DSP-001371,13.1,Merchandise Not Received,Visa,1239.62,INR,2026-08-29,42,electronics,same_day,True,True,True,both_match,407,0,6,False,False,"['shipping_confirmation', 'delivery_proof', 'tracking_url']",merchant_won
DSP-001702,4860,Credit Not Processed (MC),Mastercard,395.0,INR,2026-08-29,43,toys,standard,True,True,True,both_match,679,0,4,False,True,"['refund_receipt', 'refund_arn', 'policy_terms']",merchant_won
DSP-002089,13.3,Not as Described,Visa,477.25,INR,2026-08-29,3,automotive,standard,True,True,True,both_match,465,0,3,True,True,"['product_description', 'customer_comms', 'return_policy']",merchant_won
DSP-001913,4855,Goods or Services Not Provided,Mastercard,1501.96,INR,2026-08-29,32,toys,same_day,True,False,True,both_match,216,0,3,True,True,"['shipping_confirmation', 'delivery_proof', 'signed_receipt']",merchant_won
DSP-000000,4863,Cardholder Does Not Recognize,Mastercard,476.16,INR,2026-08-29,4,books,standard,False,False,True,neither,32,0,2,True,False,"['billing_descriptor', 'customer_comms', 'ip_match']",merchant_won
DSP-004145,4863,Cardholder Does Not Recognize,Mastercard,4935.2,INR,2026-08-29,10,sports,express,True,False,True,both_match,90,0,2,False,False,"['billing_descriptor', 'customer_comms', 'ip_match']",merchant_won
DSP-002408,4853,Cardholder Dispute - Defective,Mastercard,2448.02,INR,2026-08-29,2,health,express,True,True,True,both_match,262,0,4,False,True,"['product_description', 'quality_cert', 'customer_comms']",merchant_won
DSP-000321,13.1,Merchandise Not Received,Visa,1171.21,INR,2026-08-29,7,electronics,pickup,False,False,True,both_match,285,1,10,True,True,"['shipping_confirmation', 'delivery_proof', 'tracking_url']",merchant_won
DSP-000759,4853,Cardholder Dispute - Defective,Mastercard,279.92,INR,2026-08-29,1,grocery,pickup,True,True,False,both_match,148,0,8,True,True,"['product_description', 'quality_cert', 'customer_comms']",merchant_won
DSP-001344,10.4,Fraud - Card Absent,Visa,1334.49,INR,2026-08-29,28,fashion,express,False,False,True,neither,115,0,1,False,False,"['avs_cvv', 'ip_match', 'delivery_proof', 'device_fingerprint']",merchant_lost
DSP-000212,4853,Cardholder Dispute - Defective,Mastercard,79.0,INR,2026-08-29,36,electronics,same_day,False,False,True,both_match,133,0,7,False,True,"['product_description', 'quality_cert', 'customer_comms']",merchant_won
DSP-003154,10.4,Fraud - Card Absent,Visa,29195.69,INR,2026-08-29,9,sports,pickup,True,True,False,both_match,37,1,1,False,False,"['avs_cvv', 'ip_match', 'delivery_proof', 'device_fingerprint']",merchant_won
DSP-000222,4863,Cardholder Does Not Recognize,Mastercard,7455.96,INR,2026-08-29,120,beauty,same_day,False,False,True,neither,36,0,4,False,False,"['billing_descriptor', 'customer_comms', 'ip_match']",merchant_won
DSP-002663,4853,Cardholder Dispute - Defective,Mastercard,5089.15,INR,2026-08-29,8,grocery,same_day,True,False,True,both_match,46,0,6,False,False,"['product_description', 'quality_cert', 'customer_comms']",merchant_lost
DSP-004218,4860,Credit Not Processed (MC),Mastercard,125.27,INR,2026-08-29,5,automotive,same_day,True,True,True,cvv_only,194,0,3,False,True,"['refund_receipt', 'refund_arn', 'policy_terms']",merchant_lost
DSP-001176,13.3,Not as Described,Visa,420.78,INR,2026-08-29,11,fashion,pickup,True,False,False,avs_only,60,0,12,True,True,"['product_description', 'customer_comms', 'return_policy']",merchant_lost
DSP-003573,13.1,Merchandise Not Received,Visa,2032.32,INR,2026-08-29,1,books,same_day,True,False,True,both_match,75,0,9,False,True,"['shipping_confirmation', 'delivery_proof', 'tracking_url']",merchant_won
DSP-001204,13.6,Credit Not Processed,Visa,315.87,INR,2026-08-29,5,toys,express,True,True,True,avs_only,278,0,2,True,False,"['refund_receipt', 'refund_arn', 'policy_terms']",merchant_won
DSP-001679,13.6,Credit Not Processed,Visa,1097.88,INR,2026-08-29,1,automotive,same_day,True,False,True,both_match,219,0,2,True,True,"['refund_receipt', 'refund_arn', 'policy_terms']",merchant_won
DSP-003550,4855,Goods or Services Not Provided,Mastercard,1716.34,INR,2026-08-29,7,sports,standard,True,True,True,both_match,156,0,5,False,True,"['shipping_confirmation', 'delivery_proof', 'signed_receipt']",merchant_won
DSP-003876,4853,Cardholder Dispute - Defective,Mastercard,501.83,INR,2026-08-29,25,beauty,standard,True,True,True,both_match,66,0,7,True,True,"['product_description', 'quality_cert', 'customer_comms']",merchant_won
DSP-004330,13.1,Merchandise Not Received,Visa,1594.61,INR,2026-08-29,27,books,express,True,True,False,both_match,186,0,10,True,True,"['shipping_confirmation', 'delivery_proof', 'tracking_url']",merchant_won
DSP-003187,4863,Cardholder Does Not Recognize,Mastercard,738.48,INR,2026-08-29,1,home,same_day,False,False,True,cvv_only,58,0,5,False,True,"['billing_descriptor', 'customer_comms', 'ip_match']",merchant_lost
DSP-001338,4837,No Cardholder Authorization,Mastercard,1991.13,INR,2026-08-29,15,home,pickup,True,True,True,neither,43,0,2,True,False,"['3ds_authentication', 'avs_cvv', 'ip_match']",merchant_lost
DSP-002075,4853,Cardholder Dispute - Defective,Mastercard,947.98,INR,2026-08-29,42,toys,standard,True,False,True,both_match,25,0,5,True,True,"['product_description', 'quality_cert', 'customer_comms']",merchant_lost
DSP-003735,4837,No Cardholder Authorization,Mastercard,14161.4,INR,2026-08-29,13,automotive,express,False,False,False,both_match,1,2,3,True,True,"['3ds_authentication', 'avs_cvv', 'ip_match']",merchant_won
DSP-003776,4863,Cardholder Does Not Recognize,Mastercard,1372.86,INR,2026-08-29,14,beauty,pickup,True,True,True,avs_only,185,0,1,True,False,"['billing_descriptor', 'customer_comms', 'ip_match']",merchant_lost
DSP-001334,4855,Goods or Services Not Provided,Mastercard,461.63,INR,2026-08-29,19,books,same_day,True,True,True,cvv_only,190,0,5,True,True,"['shipping_confirmation', 'delivery_proof', 'signed_receipt']",merchant_lost
DSP-003416,13.1,Merchandise Not Received,Visa,310.16,INR,2026-08-29,1,beauty,standard,True,True,True,both_match,197,0,6,True,True,"['shipping_confirmation', 'delivery_proof', 'tracking_url']",merchant_won
DSP-001987,13.1,Merchandise Not Received,Visa,8205.94,INR,2026-08-29,10,books,standard,True,True,True,both_match,169,0,5,True,True,"['shipping_confirmation', 'delivery_proof', 'tracking_url']",merchant_won
DSP-003761,4863,Cardholder Does Not Recognize,Mastercard,5054.04,INR,2026-08-29,29,beauty,same_day,True,False,True,avs_only,4,0,2,False,False,"['billing_descriptor', 'customer_comms', 'ip_match']",merchant_lost
DSP-004064,4863,Cardholder Does Not Recognize,Mastercard,327.32,INR,2026-08-29,7,home,same_day,True,True,False,neither,80,1,1,False,False,"['billing_descriptor', 'customer_comms', 'ip_match']",merchant_lost
DSP-002195,13.1,Merchandise Not Received,Visa,1521.13,INR,2026-08-29,19,books,express,True,True,True,both_match,77,0,6,False,True,"['shipping_confirmation', 'delivery_proof', 'tracking_url']",merchant_lost
DSP-002947,4853,Cardholder Dispute - Defective,Mastercard,1858.76,INR,2026-08-29,7,home,same_day,True,True,False,both_match,235,0,5,False,False,"['product_description', 'quality_cert', 'customer_comms']",merchant_won
DSP-003469,4837,No Cardholder Authorization,Mastercard,2028.17,INR,2026-08-29,55,sports,standard,False,False,True,cvv_only,6,1,2,True,False,"['3ds_authentication', 'avs_cvv', 'ip_match']",merchant_lost
DSP-003952,4860,Credit Not Processed (MC),Mastercard,235.48,INR,2026-08-29,9,home,same_day,True,True,False,both_match,46,0,10,True,True,"['refund_receipt', 'refund_arn', 'policy_terms']",merchant_won
DSP-003446,13.3,Not as Described,Visa,5010.91,INR,2026-08-29,23,health,same_day,False,False,True,both_match,88,0,7,False,True,"['product_description', 'customer_comms', 'return_policy']",merchant_lost
DSP-001377,13.1,Merchandise Not Received,Visa,817.13,INR,2026-08-29,23,home,standard,True,True,True,both_match,88,0,3,True,True,"['shipping_confirmation', 'delivery_proof', 'tracking_url']",merchant_won
DSP-004124,4837,No Cardholder Authorization,Mastercard,805.2,INR,2026-08-29,14,health,express,True,True,False,cvv_only,35,1,2,False,False,"['3ds_authentication', 'avs_cvv', 'ip_match']",merchant_lost
DSP-000430,10.4,Fraud - Card Absent,Visa,1852.38,INR,2026-08-29,11,books,same_day,False,False,False,neither,20,2,2,False,False,"['avs_cvv', 'ip_match', 'delivery_proof', 'device_fingerprint']",merchant_lost
DSP-000071,4837,No Cardholder Authorization,Mastercard,5227.41,INR,2026-08-29,11,home,express,True,True,False,neither,388,0,0,True,False,"['3ds_authentication', 'avs_cvv', 'ip_match']",merchant_lost
DSP-001044,4837,No Cardholder Authorization,Mastercard,260.64,INR,2026-08-29,9,home,same_day,True,True,False,avs_only,150,1,1,True,False,"['3ds_authentication', 'avs_cvv', 'ip_match']",merchant_lost
DSP-000464,4837,No Cardholder Authorization,Mastercard,1788.69,INR,2026-08-29,29,books,express,False,False,True,neither,33,0,0,True,False,"['3ds_authentication', 'avs_cvv', 'ip_match']",merchant_lost
DSP-002210,4837,No Cardholder Authorization,Mastercard,3800.71,INR,2026-08-29,18,toys,pickup,False,False,False,neither,53,0,3,False,True,"['3ds_authentication', 'avs_cvv', 'ip_match']",merchant_won
DSP-004457,4860,Credit Not Processed (MC),Mastercard,677.05,INR,2026-08-29,6,electronics,standard,True,True,True,both_match,28,0,6,False,True,"['refund_receipt', 'refund_arn', 'policy_terms']",merchant_won
DSP-004117,4863,Cardholder Does Not Recognize,Mastercard,434.89,INR,2026-08-29,35,beauty,express,True,True,False,avs_only,31,2,2,False,True,"['billing_descriptor', 'customer_comms', 'ip_match']",merchant_lost
DSP-001475,13.1,Merchandise Not Received,Visa,3233.54,INR,2026-08-29,22,sports,express,True,True,False,both_match,490,0,6,False,True,"['shipping_confirmation', 'delivery_proof', 'tracking_url']",merchant_won
DSP-000472,13.3,Not as Described,Visa,2294.87,INR,2026-08-29,7,electronics,same_day,False,False,False,both_match,40,0,5,True,True,"['product_description', 'customer_comms', 'return_policy']",merchant_won
DSP-003684,4837,No Cardholder Authorization,Mastercard,2149.84,INR,2026-08-29,19,grocery,pickup,True,True,False,avs_only,3,2,1,False,False,"['3ds_authentication', 'avs_cvv', 'ip_match']",merchant_lost
DSP-004713,4837,No Cardholder Authorization,Mastercard,8514.87,INR,2026-08-29,18,home,same_day,False,False,True,neither,10,0,2,False,False,"['3ds_authentication', 'avs_cvv', 'ip_match']",merchant_won
DSP-000133,13.3,Not as Described,Visa,2741.63,INR,2026-08-29,16,books,standard,True,False,True,cvv_only,71,0,7,False,True,"['product_description', 'customer_comms', 'return_policy']",merchant_lost
DSP-003546,4860,Credit Not Processed (MC),Mastercard,163.65,INR,2026-08-29,9,beauty,same_day,True,True,True,both_match,69,0,11,False,True,"['refund_receipt', 'refund_arn', 'policy_terms']",merchant_won
DSP-000535,13.1,Merchandise Not Received,Visa,129.44,INR,2026-08-29,8,toys,same_day,True,True,False,both_match,126,0,5,True,True,"['shipping_confirmation', 'delivery_proof', 'tracking_url']",merchant_won
DSP-002543,4863,Cardholder Does Not Recognize,Mastercard,1715.84,INR,2026-08-29,11,fashion,standard,False,False,False,neither,125,0,2,False,False,"['billing_descriptor', 'customer_comms', 'ip_match']",merchant_lost
DSP-002517,13.1,Merchandise Not Received,Visa,669.15,INR,2026-08-29,2,grocery,pickup,True,True,True,both_match,37,0,6,True,True,"['shipping_confirmation', 'delivery_proof', 'tracking_url']",merchant_won
DSP-002762,4855,Goods or Services Not Provided,Mastercard,2241.77,INR,2026-08-29,36,beauty,express,True,True,True,neither,97,1,9,False,True,"['shipping_confirmation', 'delivery_proof', 'signed_receipt']",merchant_won
DSP-000276,4863,Cardholder Does Not Recognize,Mastercard,3150.42,INR,2026-08-29,21,electronics,standard,True,True,False,cvv_only,47,1,1,False,False,"['billing_descriptor', 'customer_comms', 'ip_match']",merchant_won
DSP-000724,13.1,Merchandise Not Received,Visa,2597.0,INR,2026-08-29,2,fashion,express,True,True,True,both_match,133,0,3,True,False,"['shipping_confirmation', 'delivery_proof', 'tracking_url']",merchant_won
DSP-002112,13.6,Credit Not Processed,Visa,1370.5,INR,2026-08-29,43,sports,pickup,True,True,True,both_match,34,0,7,True,True,"['refund_receipt', 'refund_arn', 'policy_terms']",merchant_won
DSP-004917,4853,Cardholder Dispute - Defective,Mastercard,376.39,INR,2026-08-29,9,grocery,express,True,True,False,neither,158,0,6,False,False,"['product_description', 'quality_cert', 'customer_comms']",merchant_won
DSP-004618,13.3,Not as Described,Visa,1700.83,INR,2026-08-29,10,health,standard,True,False,True,both_match,433,0,6,False,True,"['product_description', 'customer_comms', 'return_policy']",merchant_lost
DSP-000794,4860,Credit Not Processed (MC),Mastercard,2705.69,INR,2026-08-29,2,grocery,standard,True,True,True,both_match,19,0,8,False,True,"['refund_receipt', 'refund_arn', 'policy_terms']",merchant_won
DSP-004883,10.4,Fraud - Card Absent,Visa,925.1,INR,2026-08-29,2,grocery,pickup,True,True,False,neither,125,0,0,False,False,"['avs_cvv', 'ip_match', 'delivery_proof', 'device_fingerprint']",merchant_lost
DSP-000723,4863,Cardholder Does Not Recognize,Mastercard,2725.81,INR,2026-08-29,14,automotive,pickup,False,False,True,cvv_only,84,0,1,False,False,"['billing_descriptor', 'customer_comms', 'ip_match']",merchant_lost
DSP-003179,4853,Cardholder Dispute - Defective,Mastercard,7249.46,INR,2026-08-29,1,sports,express,True,True,True,both_match,277,0,9,True,False,"['product_description', 'quality_cert', 'customer_comms']",merchant_lost
DSP-000329,10.4,Fraud - Card Absent,Visa,1017.11,INR,2026-08-29,23,beauty,express,False,False,True,cvv_only,136,1,3,False,False,"['avs_cvv', 'ip_match', 'delivery_proof', 'device_fingerprint']",merchant_lost
DSP-003191,13.3,Not as Described,Visa,182.01,INR,2026-08-29,26,sports,pickup,True,True,True,cvv_only,39,0,6,True,True,"['product_description', 'customer_comms', 'return_policy']",merchant_lost
DSP-001026,13.1,Merchandise Not Received,Visa,1845.26,INR,2026-08-29,16,beauty,pickup,True,True,True,avs_only,23,0,8,True,True,"['shipping_confirmation', 'delivery_proof', 'tracking_url']",merchant_won
DSP-004423,10.4,Fraud - Card Absent,Visa,3570.99,INR,2026-08-29,10,automotive,express,False,False,True,cvv_only,2,1,1,False,False,"['avs_cvv', 'ip_match', 'delivery_proof', 'device_fingerprint']",merchant_lost
DSP-001736,10.5,Fraud - Counterfeit,Visa,1077.74,INR,2026-08-29,9,fashion,same_day,False,False,False,neither,79,1,6,False,False,"['emv_chip_data', 'pin_verification']",merchant_won
DSP-003959,10.4,Fraud - Card Absent,Visa,1559.88,INR,2026-08-29,57,health,same_day,False,False,False,cvv_only,38,0,0,False,False,"['avs_cvv', 'ip_match', 'delivery_proof', 'device_fingerprint']",merchant_lost
DSP-003463,4853,Cardholder Dispute - Defective,Mastercard,1855.17,INR,2026-08-29,45,books,express,True,True,True,cvv_only,29,0,7,True,False,"['product_description', 'quality_cert', 'customer_comms']",merchant_won
DSP-003270,4837,No Cardholder Authorization,Mastercard,2611.61,INR,2026-08-29,46,grocery,standard,True,True,False,neither,38,1,2,False,False,"['3ds_authentication', 'avs_cvv', 'ip_match']",merchant_won
DSP-001587,13.1,Merchandise Not Received,Visa,1296.26,INR,2026-08-29,20,home,same_day,True,True,True,both_match,55,0,3,True,False,"['shipping_confirmation', 'delivery_proof', 'tracking_url']",merchant_won
DSP-000409,4863,Cardholder Does Not Recognize,Mastercard,4762.86,INR,2026-08-29,63,health,express,False,False,False,cvv_only,43,0,3,True,True,"['billing_descriptor', 'customer_comms', 'ip_match']",merchant_won
DSP-003516,4853,Cardholder Dispute - Defective,Mastercard,542.64,INR,2026-08-29,8,beauty,standard,True,True,True,avs_only,100,0,5,False,True,"['product_description', 'quality_cert', 'customer_comms']",merchant_lost
DSP-000319,13.6,Credit Not Processed,Visa,103.36,INR,2026-08-29,7,fashion,pickup,True,True,True,neither,320,0,9,False,True,"['refund_receipt', 'refund_arn', 'policy_terms']",merchant_won
DSP-001117,13.3,Not as Described,Visa,6867.94,INR,2026-08-29,18,health,standard,True,True,True,avs_only,809,0,7,False,True,"['product_description', 'customer_comms', 'return_policy']",merchant_lost
DSP-004205,4863,Cardholder Does Not Recognize,Mastercard,5994.0,INR,2026-08-29,7,books,pickup,False,False,True,cvv_only,53,0,2,False,True,"['billing_descriptor', 'customer_comms', 'ip_match']",merchant_won
DSP-003940,13.1,Merchandise Not Received,Visa,1544.2,INR,2026-08-29,39,sports,express,True,True,True,both_match,182,0,8,False,True,"['shipping_confirmation', 'delivery_proof', 'tracking_url']",merchant_won
DSP-002943,13.1,Merchandise Not Received,Visa,1388.31,INR,2026-08-29,9,grocery,standard,True,True,True,both_match,239,0,9,False,True,"['shipping_confirmation', 'delivery_proof', 'tracking_url']",merchant_won
DSP-003932,4860,Credit Not Processed (MC),Mastercard,1000.04,INR,2026-08-29,14,automotive,express,True,True,True,both_match,5,0,8,True,True,"['refund_receipt', 'refund_arn', 'policy_terms']",merchant_won
DSP-004328,10.4,Fraud - Card Absent,Visa,4261.0,INR,2026-08-29,9,health,express,True,False,True,neither,84,0,2,False,False,"['avs_cvv', 'ip_match', 'delivery_proof', 'device_fingerprint']",merchant_won
DSP-000336,13.3,Not as Described,Visa,3297.89,INR,2026-08-29,9,sports,pickup,True,True,False,neither,131,0,6,True,True,"['product_description', 'customer_comms', 'return_policy']",merchant_won
DSP-002328,10.4,Fraud - Card Absent,Visa,2581.13,INR,2026-08-29,7,health,express,True,True,True,avs_only,1,0,1,True,False,"['avs_cvv', 'ip_match', 'delivery_proof', 'device_fingerprint']",merchant_won
DSP-002872,4855,Goods or Services Not Provided,Mastercard,565.95,INR,2026-08-29,11,home,express,True,True,False,avs_only,144,0,7,True,True,"['shipping_confirmation', 'delivery_proof', 'signed_receipt']",merchant_won
DSP-003535,10.4,Fraud - Card Absent,Visa,264.82,INR,2026-08-29,3,sports,express,False,False,False,avs_only,30,1,2,True,False,"['avs_cvv', 'ip_match', 'delivery_proof', 'device_fingerprint']",merchant_lost
DSP-001878,10.5,Fraud - Counterfeit,Visa,7607.61,INR,2026-08-29,8,books,standard,True,True,True,neither,14,1,1,False,False,"['emv_chip_data', 'pin_verification']",merchant_lost
DSP-002837,13.3,Not as Described,Visa,2509.81,INR,2026-08-29,13,home,pickup,False,False,True,avs_only,93,0,5,True,True,"['product_description', 'customer_comms', 'return_policy']",merchant_won
DSP-002515,10.4,Fraud - Card Absent,Visa,2247.8,INR,2026-08-29,23,books,same_day,True,False,False,neither,173,0,2,False,False,"['avs_cvv', 'ip_match', 'delivery_proof', 'device_fingerprint']",merchant_lost
DSP-004673,4863,Cardholder Does Not Recognize,Mastercard,8240.06,INR,2026-08-29,23,books,express,True,True,False,avs_only,2,1,1,False,False,"['billing_descriptor', 'customer_comms', 'ip_match']",merchant_lost
DSP-004878,13.6,Credit Not Processed,Visa,908.5,INR,2026-08-29,17,fashion,pickup,True,True,True,both_match,45,0,6,True,True,"['refund_receipt', 'refund_arn', 'policy_terms']",merchant_won
DSP-001158,13.3,Not as Described,Visa,4727.54,INR,2026-08-29,3,grocery,pickup,True,True,True,both_match,15,0,5,False,True,"['product_description', 'customer_comms', 'return_policy']",merchant_won
DSP-000542,13.1,Merchandise Not Received,Visa,3564.69,INR,2026-08-29,6,beauty,pickup,True,False,True,both_match,15,0,8,True,True,"['shipping_confirmation', 'delivery_proof', 'tracking_url']",merchant_won
DSP-001337,4853,Cardholder Dispute - Defective,Mastercard,698.5,INR,2026-08-29,3,grocery,pickup,False,False,True,both_match,52,0,7,True,True,"['product_description', 'quality_cert', 'customer_comms']",merchant_lost
DSP-004821,4837,No Cardholder Authorization,Mastercard,11574.37,INR,2026-08-29,12,health,same_day,False,False,True,neither,47,2,7,False,False,"['3ds_authentication', 'avs_cvv', 'ip_match']",merchant_won
DSP-000538,10.4,Fraud - Card Absent,Visa,3078.29,INR,2026-08-29,21,electronics,same_day,False,False,True,avs_only,356,1,1,True,False,"['avs_cvv', 'ip_match', 'delivery_proof', 'device_fingerprint']",merchant_lost
DSP-000860,10.5,Fraud - Counterfeit,Visa,215.88,INR,2026-08-29,35,electronics,same_day,True,True,False,cvv_only,19,0,1,False,False,"['emv_chip_data', 'pin_verification']",merchant_lost
DSP-003710,4837,No Cardholder Authorization,Mastercard,1360.17,INR,2026-08-29,4,toys,express,True,False,False,neither,49,0,0,False,True,"['3ds_authentication', 'avs_cvv', 'ip_match']",merchant_won
DSP-000805,4853,Cardholder Dispute - Defective,Mastercard,384.83,INR,2026-08-29,4,automotive,same_day,True,True,True,both_match,514,0,5,False,True,"['product_description', 'quality_cert', 'customer_comms']",merchant_won
DSP-002151,10.4,Fraud - Card Absent,Visa,1421.91,INR,2026-08-29,5,home,pickup,True,True,False,neither,80,0,1,False,False,"['avs_cvv', 'ip_match', 'delivery_proof', 'device_fingerprint']",merchant_won
DSP-002340,10.4,Fraud - Card Absent,Visa,769.73,INR,2026-08-29,6,grocery,standard,True,True,False,neither,107,0,2,False,False,"['avs_cvv', 'ip_match', 'delivery_proof', 'device_fingerprint']",merchant_won
DSP-000512,4837,No Cardholder Authorization,Mastercard,383.08,INR,2026-08-29,9,beauty,same_day,False,False,False,avs_only,11,0,4,False,True,"['3ds_authentication', 'avs_cvv', 'ip_match']",merchant_lost
DSP-001403,4855,Goods or Services Not Provided,Mastercard,259.59,INR,2026-08-29,17,grocery,express,True,True,True,cvv_only,88,0,3,False,True,"['shipping_confirmation', 'delivery_proof', 'signed_receipt']",merchant_won
DSP-004787,4853,Cardholder Dispute - Defective,Mastercard,5126.87,INR,2026-08-29,15,grocery,same_day,True,True,True,avs_only,82,1,9,True,True,"['product_description', 'quality_cert', 'customer_comms']",merchant_lost
DSP-004773,13.6,Credit Not Processed,Visa,1609.3,INR,2026-08-29,3,toys,pickup,True,True,True,avs_only,76,0,6,True,True,"['refund_receipt', 'refund_arn', 'policy_terms']",merchant_won
DSP-004351,4853,Cardholder Dispute - Defective,Mastercard,1168.77,INR,2026-08-29,41,electronics,same_day,True,False,False,both_match,65,0,6,True,True,"['product_description', 'quality_cert', 'customer_comms']",merchant_won
DSP-003612,13.6,Credit Not Processed,Visa,4859.05,INR,2026-08-29,21,grocery,express,True,True,False,both_match,317,0,6,True,True,"['refund_receipt', 'refund_arn', 'policy_terms']",merchant_won
DSP-003231,13.1,Merchandise Not Received,Visa,59.84,INR,2026-08-29,4,automotive,standard,True,True,True,both_match,220,0,6,True,False,"['shipping_confirmation', 'delivery_proof', 'tracking_url']",merchant_won
DSP-002111,10.4,Fraud - Card Absent,Visa,185.01,INR,2026-08-29,32,sports,pickup,True,False,False,neither,193,1,3,False,False,"['avs_cvv', 'ip_match', 'delivery_proof', 'device_fingerprint']",merchant_lost
DSP-001994,10.4,Fraud - Card Absent,Visa,10760.93,INR,2026-08-29,73,books,express,True,True,True,cvv_only,75,0,0,False,False,"['avs_cvv', 'ip_match', 'delivery_proof', 'device_fingerprint']",merchant_lost
DSP-001381,10.4,Fraud - Card Absent,Visa,17753.91,INR,2026-08-29,7,toys,same_day,False,False,False,cvv_only,22,0,3,False,True,"['avs_cvv', 'ip_match', 'delivery_proof', 'device_fingerprint']",merchant_lost
DSP-001871,13.3,Not as Described,Visa,250.99,INR,2026-08-29,5,electronics,same_day,True,True,True,both_match,52,0,14,True,False,"['product_description', 'customer_comms', 'return_policy']",merchant_won
DSP-003167,13.1,Merchandise Not Received,Visa,769.92,INR,2026-08-29,44,toys,pickup,True,True,True,both_match,172,0,2,True,True,"['shipping_confirmation', 'delivery_proof', 'tracking_url']",merchant_won
DSP-000445,13.6,Credit Not Processed,Visa,181.65,INR,2026-08-29,40,sports,standard,True,True,False,cvv_only,14,0,6,True,True,"['refund_receipt', 'refund_arn', 'policy_terms']",merchant_won
DSP-002288,10.4,Fraud - Card Absent,Visa,6327.44,INR,2026-08-29,7,toys,same_day,False,False,False,cvv_only,4,0,5,False,False,"['avs_cvv', 'ip_match', 'delivery_proof', 'device_fingerprint']",merchant_lost
DSP-001964,4853,Cardholder Dispute - Defective,Mastercard,4624.13,INR,2026-08-29,0,books,standard,True,True,True,both_match,390,1,9,False,True,"['product_description', 'quality_cert', 'customer_comms']",merchant_won
DSP-002723,13.3,Not as Described,Visa,1146.94,INR,2026-08-29,8,beauty,same_day,True,True,True,avs_only,26,0,7,False,False,"['product_description', 'customer_comms', 'return_policy']",merchant_lost
DSP-000278,10.4,Fraud - Card Absent,Visa,1421.24,INR,2026-08-29,61,electronics,pickup,True,True,True,neither,81,0,4,False,False,"['avs_cvv', 'ip_match', 'delivery_proof', 'device_fingerprint']",merchant_lost
DSP-000722,4837,No Cardholder Authorization,Mastercard,2749.67,INR,2026-08-29,42,toys,pickup,True,True,False,both_match,2,0,1,False,True,"['3ds_authentication', 'avs_cvv', 'ip_match']",merchant_won
DSP-003991,13.3,Not as Described,Visa,342.22,INR,2026-08-29,4,grocery,express,True,True,True,both_match,113,0,7,False,True,"['product_description', 'customer_comms', 'return_policy']",merchant_lost
DSP-001627,4837,No Cardholder Authorization,Mastercard,2537.22,INR,2026-08-29,12,beauty,standard,True,True,False,avs_only,26,0,1,True,False,"['3ds_authentication', 'avs_cvv', 'ip_match']",merchant_lost
DSP-003987,10.4,Fraud - Card Absent,Visa,274.93,INR,2026-08-29,4,grocery,standard,True,True,True,neither,345,0,2,True,False,"['avs_cvv', 'ip_match', 'delivery_proof', 'device_fingerprint']",merchant_lost
DSP-004683,4853,Cardholder Dispute - Defective,Mastercard,1421.55,INR,2026-08-29,8,health,pickup,True,True,True,both_match,146,0,5,True,True,"['product_description', 'quality_cert', 'customer_comms']",merchant_lost
DSP-003671,4855,Goods or Services Not Provided,Mastercard,491.36,INR,2026-08-29,58,health,pickup,True,True,True,both_match,650,0,6,True,True,"['shipping_confirmation', 'delivery_proof', 'signed_receipt']",merchant_won
DSP-003993,10.4,Fraud - Card Absent,Visa,687.88,INR,2026-08-29,3,books,standard,False,False,False,neither,315,0,4,False,False,"['avs_cvv', 'ip_match', 'delivery_proof', 'device_fingerprint']",merchant_won
DSP-002576,4837,No Cardholder Authorization,Mastercard,1496.64,INR,2026-08-29,57,grocery,express,False,False,False,neither,29,1,2,False,True,"['3ds_authentication', 'avs_cvv', 'ip_match']",merchant_lost
DSP-002783,4860,Credit Not Processed (MC),Mastercard,1775.17,INR,2026-08-29,4,electronics,express,True,False,True,both_match,483,0,3,False,True,"['refund_receipt', 'refund_arn', 'policy_terms']",merchant_won
DSP-000884,10.4,Fraud - Card Absent,Visa,855.29,INR,2026-08-29,32,grocery,pickup,False,False,False,neither,9,0,2,False,True,"['avs_cvv', 'ip_match', 'delivery_proof', 'device_fingerprint']",merchant_won
DSP-004903,13.1,Merchandise Not Received,Visa,1590.29,INR,2026-08-29,15,books,express,True,True,True,both_match,54,0,6,True,True,"['shipping_confirmation', 'delivery_proof', 'tracking_url']",merchant_won
DSP-003520,4837,No Cardholder Authorization,Mastercard,2687.77,INR,2026-08-29,0,fashion,express,True,True,False,both_match,0,0,1,False,False,"['3ds_authentication', 'avs_cvv', 'ip_match']",merchant_lost
DSP-001311,4855,Goods or Services Not Provided,Mastercard,6714.08,INR,2026-08-29,20,electronics,same_day,True,True,True,both_match,3,0,8,True,True,"['shipping_confirmation', 'delivery_proof', 'signed_receipt']",merchant_won
DSP-003812,13.1,Merchandise Not Received,Visa,3044.05,INR,2026-08-29,0,home,express,True,False,True,both_match,7,0,3,True,False,"['shipping_confirmation', 'delivery_proof', 'tracking_url']",merchant_won
DSP-004103,10.4,Fraud - Card Absent,Visa,2024.51,INR,2026-08-29,20,health,standard,True,False,False,avs_only,387,1,2,False,False,"['avs_cvv', 'ip_match', 'delivery_proof', 'device_fingerprint']",merchant_lost
DSP-003131,13.3,Not as Described,Visa,26725.09,INR,2026-08-29,4,electronics,standard,True,True,True,neither,205,0,4,True,True,"['product_description', 'customer_comms', 'return_policy']",merchant_won
DSP-003732,10.4,Fraud - Card Absent,Visa,587.79,INR,2026-08-29,29,fashion,same_day,False,False,False,avs_only,1,0,3,False,False,"['avs_cvv', 'ip_match', 'delivery_proof', 'device_fingerprint']",merchant_lost
DSP-003366,13.1,Merchandise Not Received,Visa,53.18,INR,2026-08-29,58,automotive,same_day,True,True,True,both_match,265,0,2,True,True,"['shipping_confirmation', 'delivery_proof', 'tracking_url']",merchant_won
DSP-003718,13.1,Merchandise Not Received,Visa,1290.86,INR,2026-08-29,5,grocery,same_day,True,True,True,both_match,221,0,9,True,False,"['shipping_confirmation', 'delivery_proof', 'tracking_url']",merchant_won
DSP-000516,13.1,Merchandise Not Received,Visa,14587.5,INR,2026-08-29,26,sports,pickup,True,True,True,both_match,212,0,2,False,True,"['shipping_confirmation', 'delivery_proof', 'tracking_url']",merchant_won
DSP-002316,4860,Credit Not Processed (MC),Mastercard,1127.09,INR,2026-08-29,19,sports,express,True,True,True,cvv_only,196,0,6,False,True,"['refund_receipt', 'refund_arn', 'policy_terms']",merchant_won
DSP-003315,4863,Cardholder Does Not Recognize,Mastercard,857.51,INR,2026-08-29,41,books,same_day,False,False,False,neither,172,1,3,False,False,"['billing_descriptor', 'customer_comms', 'ip_match']",merchant_lost
DSP-004252,4837,No Cardholder Authorization,Mastercard,2274.08,INR,2026-08-29,15,beauty,same_day,False,False,True,both_match,1,0,3,True,True,"['3ds_authentication', 'avs_cvv', 'ip_match']",merchant_lost
DSP-004247,10.4,Fraud - Card Absent,Visa,1849.76,INR,2026-08-29,9,electronics,express,False,False,True,both_match,8,0,1,False,False,"['avs_cvv', 'ip_match', 'delivery_proof', 'device_fingerprint']",merchant_lost
DSP-000701,4837,No Cardholder Authorization,Mastercard,8686.77,INR,2026-08-29,2,beauty,same_day,True,True,True,neither,28,0,0,False,True,"['3ds_authentication', 'avs_cvv', 'ip_match']",merchant_won
DSP-004059,4860,Credit Not Processed (MC),Mastercard,2503.67,INR,2026-08-29,8,toys,standard,True,True,True,both_match,187,0,8,False,True,"['refund_receipt', 'refund_arn', 'policy_terms']",merchant_won
DSP-003233,4855,Goods or Services Not Provided,Mastercard,1618.83,INR,2026-08-29,0,health,standard,True,True,True,both_match,847,1,4,True,True,"['shipping_confirmation', 'delivery_proof', 'signed_receipt']",merchant_won
DSP-000957,10.4,Fraud - Card Absent,Visa,7454.94,INR,2026-08-29,27,beauty,pickup,True,False,True,neither,17,1,5,False,False,"['avs_cvv', 'ip_match', 'delivery_proof', 'device_fingerprint']",merchant_won
DSP-002728,10.4,Fraud - Card Absent,Visa,9702.31,INR,2026-08-29,23,home,pickup,False,False,True,neither,368,3,3,False,True,"['avs_cvv', 'ip_match', 'delivery_proof', 'device_fingerprint']",merchant_lost
DSP-000604,13.1,Merchandise Not Received,Visa,239.05,INR,2026-08-29,1,beauty,express,True,True,True,both_match,52,0,3,False,True,"['shipping_confirmation', 'delivery_proof', 'tracking_url']",merchant_won
DSP-002595,4853,Cardholder Dispute - Defective,Mastercard,2785.11,INR,2026-08-29,7,automotive,express,True,True,True,both_match,206,0,6,True,True,"['product_description', 'quality_cert', 'customer_comms']",merchant_won
DSP-000765,10.5,Fraud - Counterfeit,Visa,3247.67,INR,2026-08-29,23,fashion,same_day,False,False,False,both_match,39,0,1,True,False,"['emv_chip_data', 'pin_verification']",merchant_lost
DSP-001877,4860,Credit Not Processed (MC),Mastercard,1390.53,INR,2026-08-29,8,books,express,True,True,True,both_match,93,0,8,True,True,"['refund_receipt', 'refund_arn', 'policy_terms']",merchant_won
DSP-001156,13.1,Merchandise Not Received,Visa,7636.56,INR,2026-08-29,10,health,express,True,True,True,both_match,396,1,5,True,True,"['shipping_confirmation', 'delivery_proof', 'tracking_url']",merchant_won
DSP-002054,4860,Credit Not Processed (MC),Mastercard,506.21,INR,2026-08-29,7,automotive,pickup,True,True,True,cvv_only,822,0,7,False,False,"['refund_receipt', 'refund_arn', 'policy_terms']",merchant_won
DSP-004391,4853,Cardholder Dispute - Defective,Mastercard,2400.02,INR,2026-08-29,0,electronics,express,True,True,True,both_match,91,0,6,False,True,"['product_description', 'quality_cert', 'customer_comms']",merchant_lost
DSP-002916,4853,Cardholder Dispute - Defective,Mastercard,1404.99,INR,2026-08-29,15,grocery,same_day,True,False,True,both_match,888,0,9,False,False,"['product_description', 'quality_cert', 'customer_comms']",merchant_lost
DSP-004350,4837,No Cardholder Authorization,Mastercard,739.92,INR,2026-08-29,7,books,express,True,True,False,neither,30,0,3,True,True,"['3ds_authentication', 'avs_cvv', 'ip_match']",merchant_lost
DSP-004935,10.4,Fraud - Card Absent,Visa,2173.14,INR,2026-08-29,66,electronics,express,True,False,True,avs_only,44,0,1,False,False,"['avs_cvv', 'ip_match', 'delivery_proof', 'device_fingerprint']",merchant_lost
DSP-001923,10.5,Fraud - Counterfeit,Visa,2557.64,INR,2026-08-29,17,health,pickup,True,False,False,avs_only,142,2,1,False,False,"['emv_chip_data', 'pin_verification']",merchant_lost
DSP-004048,4837,No Cardholder Authorization,Mastercard,3103.51,INR,2026-08-29,0,sports,standard,True,False,False,neither,167,0,3,False,True,"['3ds_authentication', 'avs_cvv', 'ip_match']",merchant_lost
DSP-004660,13.1,Merchandise Not Received,Visa,2920.62,INR,2026-08-29,30,health,standard,True,False,True,both_match,124,0,7,True,True,"['shipping_confirmation', 'delivery_proof', 'tracking_url']",merchant_won
DSP-000762,4863,Cardholder Does Not Recognize,Mastercard,1705.36,INR,2026-08-29,6,electronics,standard,False,False,False,neither,29,0,2,False,False,"['billing_descriptor', 'customer_comms', 'ip_match']",merchant_won
DSP-001655,4853,Cardholder Dispute - Defective,Mastercard,303.84,INR,2026-08-29,9,beauty,pickup,True,True,True,both_match,521,0,7,False,False,"['product_description', 'quality_cert', 'customer_comms']",merchant_won
DSP-002383,4837,No Cardholder Authorization,Mastercard,11275.94,INR,2026-08-29,17,electronics,standard,True,False,True,neither,92,0,3,False,True,"['3ds_authentication', 'avs_cvv', 'ip_match']",merchant_lost
DSP-002037,13.1,Merchandise Not Received,Visa,7695.35,INR,2026-08-29,4,home,express,True,True,False,both_match,173,0,6,True,True,"['shipping_confirmation', 'delivery_proof', 'tracking_url']",merchant_won
DSP-004654,10.5,Fraud - Counterfeit,Visa,5464.28,INR,2026-08-29,47,toys,same_day,False,False,True,avs_only,82,0,0,False,False,"['emv_chip_data', 'pin_verification']",merchant_lost
DSP-004223,4853,Cardholder Dispute - Defective,Mastercard,3863.51,INR,2026-08-29,4,books,same_day,True,True,True,avs_only,5,0,3,False,True,"['product_description', 'quality_cert', 'customer_comms']",merchant_won
DSP-001253,10.4,Fraud - Card Absent,Visa,19199.33,INR,2026-08-29,76,sports,pickup,False,False,False,cvv_only,14,0,1,False,False,"['avs_cvv', 'ip_match', 'delivery_proof', 'device_fingerprint']",merchant_won
DSP-004410,4853,Cardholder Dispute - Defective,Mastercard,1665.33,INR,2026-08-29,0,automotive,same_day,True,False,True,both_match,165,0,6,True,True,"['product_description', 'quality_cert', 'customer_comms']",merchant_lost
DSP-003515,4837,No Cardholder Authorization,Mastercard,2708.3,INR,2026-08-29,27,sports,express,True,True,True,neither,30,0,2,False,True,"['3ds_authentication', 'avs_cvv', 'ip_match']",merchant_won
DSP-003607,4853,Cardholder Dispute - Defective,Mastercard,311.79,INR,2026-08-29,9,automotive,pickup,True,False,True,neither,25,1,11,True,True,"['product_description', 'quality_cert', 'customer_comms']",merchant_won
DSP-004726,10.4,Fraud - Card Absent,Visa,562.42,INR,2026-08-29,8,automotive,standard,False,False,True,neither,443,0,2,False,True,"['avs_cvv', 'ip_match', 'delivery_proof', 'device_fingerprint']",merchant_won
DSP-000401,13.1,Merchandise Not Received,Visa,354.45,INR,2026-08-29,3,fashion,express,True,True,True,both_match,27,0,4,True,True,"['shipping_confirmation', 'delivery_proof', 'tracking_url']",merchant_won
DSP-001713,4837,No Cardholder Authorization,Mastercard,33922.81,INR,2026-08-29,14,toys,pickup,False,False,False,both_match,228,0,4,False,False,"['3ds_authentication', 'avs_cvv', 'ip_match']",merchant_lost
DSP-004179,4855,Goods or Services Not Provided,Mastercard,1001.76,INR,2026-08-29,29,grocery,pickup,True,True,True,both_match,664,0,5,True,True,"['shipping_confirmation', 'delivery_proof', 'signed_receipt']",merchant_won
DSP-000967,13.3,Not as Described,Visa,4123.76,INR,2026-08-29,11,fashion,same_day,True,True,True,neither,639,3,2,True,False,"['product_description', 'customer_comms', 'return_policy']",merchant_won
DSP-003068,4853,Cardholder Dispute - Defective,Mastercard,968.41,INR,2026-08-29,18,home,pickup,True,True,True,neither,65,0,5,True,False,"['product_description', 'quality_cert', 'customer_comms']",merchant_won
DSP-004213,4855,Goods or Services Not Provided,Mastercard,620.36,INR,2026-08-29,1,health,express,True,True,True,both_match,150,0,7,True,False,"['shipping_confirmation', 'delivery_proof', 'signed_receipt']",merchant_won
DSP-003483,4855,Goods or Services Not Provided,Mastercard,35.59,INR,2026-08-29,18,fashion,pickup,True,True,True,both_match,362,0,5,True,True,"['shipping_confirmation', 'delivery_proof', 'signed_receipt']",merchant_won
DSP-001745,4855,Goods or Services Not Provided,Mastercard,7028.59,INR,2026-08-29,3,fashion,express,True,True,True,both_match,219,0,3,True,False,"['shipping_confirmation', 'delivery_proof', 'signed_receipt']",merchant_won
DSP-003921,4863,Cardholder Does Not Recognize,Mastercard,3072.46,INR,2026-08-29,84,automotive,same_day,True,False,False,neither,8,0,1,False,True,"['billing_descriptor', 'customer_comms', 'ip_match']",merchant_lost
DSP-003398,13.1,Merchandise Not Received,Visa,1309.39,INR,2026-08-29,12,grocery,same_day,False,False,True,avs_only,75,0,8,True,False,"['shipping_confirmation', 'delivery_proof', 'tracking_url']",merchant_won
DSP-001526,4860,Credit Not Processed (MC),Mastercard,244.55,INR,2026-08-29,100,beauty,pickup,True,True,False,both_match,94,0,7,False,True,"['refund_receipt', 'refund_arn', 'policy_terms']",merchant_won
DSP-004367,4837,No Cardholder Authorization,Mastercard,10812.35,INR,2026-08-29,32,grocery,express,False,False,True,both_match,16,1,1,False,True,"['3ds_authentication', 'avs_cvv', 'ip_match']",merchant_won
DSP-001478,4855,Goods or Services Not Provided,Mastercard,264.44,INR,2026-08-29,8,electronics,same_day,True,True,True,both_match,141,0,8,True,True,"['shipping_confirmation', 'delivery_proof', 'signed_receipt']",merchant_won
DSP-000846,4853,Cardholder Dispute - Defective,Mastercard,2992.83,INR,2026-08-29,1,grocery,same_day,True,True,True,both_match,18,0,4,False,False,"['product_description', 'quality_cert', 'customer_comms']",merchant_lost
DSP-002487,4860,Credit Not Processed (MC),Mastercard,3756.68,INR,2026-08-29,1,grocery,pickup,True,True,True,both_match,102,0,4,False,True,"['refund_receipt', 'refund_arn', 'policy_terms']",merchant_lost
DSP-002972,13.3,Not as Described,Visa,1954.67,INR,2026-08-29,5,automotive,same_day,True,True,True,both_match,207,0,4,False,True,"['product_description', 'customer_comms', 'return_policy']",merchant_lost
DSP-002594,10.4,Fraud - Card Absent,Visa,1846.5,INR,2026-08-29,79,grocery,pickup,False,False,False,avs_only,98,1,2,False,True,"['avs_cvv', 'ip_match', 'delivery_proof', 'device_fingerprint']",merchant_lost
DSP-001175,10.4,Fraud - Card Absent,Visa,2030.48,INR,2026-08-29,42,grocery,express,True,True,False,avs_only,200,0,2,False,False,"['avs_cvv', 'ip_match', 'delivery_proof', 'device_fingerprint']",merchant_won
DSP-003941,4853,Cardholder Dispute - Defective,Mastercard,514.5,INR,2026-08-29,38,home,express,True,True,True,avs_only,307,0,5,False,True,"['product_description', 'quality_cert', 'customer_comms']",merchant_won
DSP-001586,13.6,Credit Not Processed,Visa,587.02,INR,2026-08-29,18,books,express,True,True,True,both_match,873,0,5,False,True,"['refund_receipt', 'refund_arn', 'policy_terms']",merchant_won
DSP-003201,10.5,Fraud - Counterfeit,Visa,3063.52,INR,2026-08-29,24,toys,express,False,False,False,both_match,32,0,0,False,False,"['emv_chip_data', 'pin_verification']",merchant_won
DSP-001756,10.5,Fraud - Counterfeit,Visa,363.38,INR,2026-08-29,18,books,standard,True,True,False,both_match,39,0,2,False,False,"['emv_chip_data', 'pin_verification']",merchant_lost
DSP-002325,13.1,Merchandise Not Received,Visa,1136.32,INR,2026-08-29,1,grocery,standard,True,True,True,both_match,22,0,7,True,True,"['shipping_confirmation', 'delivery_proof', 'tracking_url']",merchant_won
DSP-000206,4863,Cardholder Does Not Recognize,Mastercard,7782.05,INR,2026-08-29,3,beauty,same_day,True,True,False,neither,26,3,1,False,True,"['billing_descriptor', 'customer_comms', 'ip_match']",merchant_lost
DSP-001946,4853,Cardholder Dispute - Defective,Mastercard,514.04,INR,2026-08-29,5,beauty,same_day,True,True,True,both_match,199,0,8,True,True,"['product_description', 'quality_cert', 'customer_comms']",merchant_lost
DSP-001070,13.3,Not as Described,Visa,4169.74,INR,2026-08-29,2,fashion,express,True,True,True,neither,1410,0,2,True,False,"['product_description', 'customer_comms', 'return_policy']",merchant_lost
DSP-000191,13.6,Credit Not Processed,Visa,1849.26,INR,2026-08-29,9,toys,express,True,True,True,both_match,360,0,4,True,True,"['refund_receipt', 'refund_arn', 'policy_terms']",merchant_won
DSP-004568,13.1,Merchandise Not Received,Visa,8701.49,INR,2026-08-29,5,sports,express,True,True,True,both_match,60,0,7,True,False,"['shipping_confirmation', 'delivery_proof', 'tracking_url']",merchant_won
DSP-000664,4855,Goods or Services Not Provided,Mastercard,1610.16,INR,2026-08-29,4,beauty,standard,True,True,True,both_match,40,0,6,True,False,"['shipping_confirmation', 'delivery_proof', 'signed_receipt']",merchant_won
DSP-000991,4853,Cardholder Dispute - Defective,Mastercard,8256.25,INR,2026-08-29,24,home,express,True,True,True,both_match,216,0,3,True,True,"['product_description', 'quality_cert', 'customer_comms']",merchant_won
DSP-003852,4863,Cardholder Does Not Recognize,Mastercard,1446.05,INR,2026-08-29,18,home,pickup,False,False,True,neither,97,1,1,False,False,"['billing_descriptor', 'customer_comms', 'ip_match']",merchant_lost
DSP-000926,4860,Credit Not Processed (MC),Mastercard,94.13,INR,2026-08-29,35,grocery,express,True,True,True,both_match,136,0,6,True,True,"['refund_receipt', 'refund_arn', 'policy_terms']",merchant_won
DSP-000553,10.4,Fraud - Card Absent,Visa,845.47,INR,2026-08-29,52,sports,same_day,False,False,False,neither,98,0,0,True,False,"['avs_cvv', 'ip_match', 'delivery_proof', 'device_fingerprint']",merchant_lost
DSP-004742,4855,Goods or Services Not Provided,Mastercard,235.09,INR,2026-08-29,8,beauty,standard,True,True,True,both_match,99,0,1,True,True,"['shipping_confirmation', 'delivery_proof', 'signed_receipt']",merchant_won
DSP-004558,13.6,Credit Not Processed,Visa,1028.77,INR,2026-08-29,8,automotive,pickup,True,True,True,both_match,68,0,6,True,True,"['refund_receipt', 'refund_arn', 'policy_terms']",merchant_won
DSP-004572,4860,Credit Not Processed (MC),Mastercard,118.15,INR,2026-08-29,13,electronics,standard,True,True,True,both_match,160,0,11,False,True,"['refund_receipt', 'refund_arn', 'policy_terms']",merchant_won
DSP-004611,13.3,Not as Described,Visa,1544.17,INR,2026-08-29,0,grocery,pickup,True,False,True,both_match,134,0,12,False,True,"['product_description', 'customer_comms', 'return_policy']",merchant_lost
DSP-000850,4853,Cardholder Dispute - Defective,Mastercard,453.08,INR,2026-08-29,26,fashion,express,True,True,True,avs_only,41,0,5,False,False,"['product_description', 'quality_cert', 'customer_comms']",merchant_lost
DSP-004647,10.5,Fraud - Counterfeit,Visa,455.15,INR,2026-08-29,30,toys,pickup,False,False,False,neither,81,1,3,False,False,"['emv_chip_data', 'pin_verification']",merchant_lost
DSP-003385,10.4,Fraud - Card Absent,Visa,344.23,INR,2026-08-29,25,electronics,standard,True,False,False,neither,114,1,4,False,True,"['avs_cvv', 'ip_match', 'delivery_proof', 'device_fingerprint']",merchant_won
DSP-004084,4853,Cardholder Dispute - Defective,Mastercard,135.82,INR,2026-08-29,14,toys,express,True,True,True,both_match,135,0,4,False,True,"['product_description', 'quality_cert', 'customer_comms']",merchant_won
DSP-001374,4863,Cardholder Does Not Recognize,Mastercard,7576.29,INR,2026-08-29,36,health,standard,False,False,False,neither,183,1,5,False,False,"['billing_descriptor', 'customer_comms', 'ip_match']",merchant_lost
DSP-000557,4860,Credit Not Processed (MC),Mastercard,374.93,INR,2026-08-29,19,toys,express,True,True,True,cvv_only,95,0,4,False,True,"['refund_receipt', 'refund_arn', 'policy_terms']",merchant_won
DSP-002919,10.5,Fraud - Counterfeit,Visa,3363.88,INR,2026-08-29,33,electronics,same_day,True,True,False,avs_only,24,0,0,True,False,"['emv_chip_data', 'pin_verification']",merchant_lost
DSP-002376,4837,No Cardholder Authorization,Mastercard,4658.37,INR,2026-08-29,3,home,standard,True,True,True,neither,57,0,2,True,False,"['3ds_authentication', 'avs_cvv', 'ip_match']",merchant_won
DSP-004280,4863,Cardholder Does Not Recognize,Mastercard,1402.25,INR,2026-08-29,14,toys,same_day,True,False,False,avs_only,26,1,1,False,False,"['billing_descriptor', 'customer_comms', 'ip_match']",merchant_lost
DSP-001238,10.5,Fraud - Counterfeit,Visa,5718.67,INR,2026-08-29,5,electronics,same_day,False,False,False,neither,18,0,3,False,False,"['emv_chip_data', 'pin_verification']",merchant_lost
DSP-004443,13.1,Merchandise Not Received,Visa,191.46,INR,2026-08-29,33,grocery,same_day,True,False,True,both_match,439,0,3,False,True,"['shipping_confirmation', 'delivery_proof', 'tracking_url']",merchant_won
DSP-002530,10.4,Fraud - Card Absent,Visa,1419.09,INR,2026-08-29,51,health,standard,True,True,False,neither,139,0,2,True,False,"['avs_cvv', 'ip_match', 'delivery_proof', 'device_fingerprint']",merchant_won
DSP-004933,10.5,Fraud - Counterfeit,Visa,1552.08,INR,2026-08-29,1,beauty,same_day,True,False,False,cvv_only,11,1,3,True,False,"['emv_chip_data', 'pin_verification']",merchant_won
DSP-004061,4863,Cardholder Does Not Recognize,Mastercard,941.88,INR,2026-08-29,45,home,express,False,False,True,avs_only,7,0,4,True,True,"['billing_descriptor', 'customer_comms', 'ip_match']",merchant_lost
DSP-002322,4863,Cardholder Does Not Recognize,Mastercard,3557.23,INR,2026-08-29,11,beauty,same_day,False,False,False,avs_only,43,1,1,True,False,"['billing_descriptor', 'customer_comms', 'ip_match']",merchant_lost
DSP-004692,10.4,Fraud - Card Absent,Visa,7477.46,INR,2026-08-29,15,beauty,same_day,False,False,True,cvv_only,231,1,2,True,False,"['avs_cvv', 'ip_match', 'delivery_proof', 'device_fingerprint']",merchant_won
DSP-000862,13.1,Merchandise Not Received,Visa,25.48,INR,2026-08-29,20,health,same_day,True,True,True,both_match,96,0,5,False,False,"['shipping_confirmation', 'delivery_proof', 'tracking_url']",merchant_won
DSP-003635,4853,Cardholder Dispute - Defective,Mastercard,685.25,INR,2026-08-29,5,toys,standard,True,True,True,both_match,108,0,3,True,True,"['product_description', 'quality_cert', 'customer_comms']",merchant_lost
DSP-000003,4837,No Cardholder Authorization,Mastercard,417.79,INR,2026-08-29,40,electronics,same_day,False,False,True,neither,6,0,1,True,False,"['3ds_authentication', 'avs_cvv', 'ip_match']",merchant_lost
DSP-003138,13.1,Merchandise Not Received,Visa,1336.77,INR,2026-08-29,5,health,express,True,True,True,cvv_only,100,0,4,True,True,"['shipping_confirmation', 'delivery_proof', 'tracking_url']",merchant_won
DSP-004135,13.3,Not as Described,Visa,700.04,INR,2026-08-29,2,grocery,standard,True,True,True,cvv_only,46,0,8,False,True,"['product_description', 'customer_comms', 'return_policy']",merchant_won
DSP-003365,4853,Cardholder Dispute - Defective,Mastercard,300.74,INR,2026-08-29,7,books,pickup,True,True,True,both_match,17,0,4,False,True,"['product_description', 'quality_cert', 'customer_comms']",merchant_won
DSP-000771,4855,Goods or Services Not Provided,Mastercard,1180.66,INR,2026-08-29,3,automotive,standard,True,True,True,both_match,85,0,4,True,True,"['shipping_confirmation', 'delivery_proof', 'signed_receipt']",merchant_won
DSP-001841,10.4,Fraud - Card Absent,Visa,1067.89,INR,2026-08-29,17,health,standard,True,True,False,avs_only,49,0,4,False,False,"['avs_cvv', 'ip_match', 'delivery_proof', 'device_fingerprint']",merchant_won
DSP-003106,10.5,Fraud - Counterfeit,Visa,1516.71,INR,2026-08-29,12,fashion,standard,True,False,False,neither,128,2,0,False,False,"['emv_chip_data', 'pin_verification']",merchant_lost
DSP-003063,4860,Credit Not Processed (MC),Mastercard,1110.59,INR,2026-08-29,2,health,standard,True,True,True,both_match,27,1,10,True,True,"['refund_receipt', 'refund_arn', 'policy_terms']",merchant_won
DSP-002289,4855,Goods or Services Not Provided,Mastercard,2073.29,INR,2026-08-29,12,home,standard,False,False,True,avs_only,199,0,5,True,True,"['shipping_confirmation', 'delivery_proof', 'signed_receipt']",merchant_lost
DSP-003642,4855,Goods or Services Not Provided,Mastercard,613.73,INR,2026-08-29,30,health,standard,True,True,True,avs_only,48,0,6,True,True,"['shipping_confirmation', 'delivery_proof', 'signed_receipt']",merchant_lost
DSP-002461,4853,Cardholder Dispute - Defective,Mastercard,138.7,INR,2026-08-29,18,grocery,standard,True,True,False,both_match,29,0,1,False,True,"['product_description', 'quality_cert', 'customer_comms']",merchant_won
DSP-003353,4853,Cardholder Dispute - Defective,Mastercard,168.5,INR,2026-08-29,12,toys,pickup,True,True,True,neither,496,0,7,True,True,"['product_description', 'quality_cert', 'customer_comms']",merchant_won
DSP-001716,10.4,Fraud - Card Absent,Visa,2366.45,INR,2026-08-29,3,electronics,pickup,True,True,False,neither,79,0,2,True,False,"['avs_cvv', 'ip_match', 'delivery_proof', 'device_fingerprint']",merchant_won
DSP-001331,4855,Goods or Services Not Provided,Mastercard,1056.22,INR,2026-08-29,14,grocery,same_day,True,True,True,both_match,98,0,7,False,True,"['shipping_confirmation', 'delivery_proof', 'signed_receipt']",merchant_won
DSP-002282,4853,Cardholder Dispute - Defective,Mastercard,4695.96,INR,2026-08-29,18,toys,same_day,True,True,True,both_match,63,0,4,True,False,"['product_description', 'quality_cert', 'customer_comms']",merchant_lost
DSP-001179,4860,Credit Not Processed (MC),Mastercard,5037.59,INR,2026-08-29,3,automotive,same_day,True,False,True,both_match,699,0,9,True,True,"['refund_receipt', 'refund_arn', 'policy_terms']",merchant_won
DSP-002346,10.4,Fraud - Card Absent,Visa,8280.72,INR,2026-08-29,2,fashion,pickup,True,True,False,neither,72,1,2,False,False,"['avs_cvv', 'ip_match', 'delivery_proof', 'device_fingerprint']",merchant_lost
DSP-002416,13.3,Not as Described,Visa,4480.22,INR,2026-08-29,9,health,same_day,True,True,True,both_match,369,0,5,True,True,"['product_description', 'customer_comms', 'return_policy']",merchant_won
DSP-001697,4863,Cardholder Does Not Recognize,Mastercard,75.79,INR,2026-08-29,16,fashion,express,False,False,True,avs_only,91,1,1,False,False,"['billing_descriptor', 'customer_comms', 'ip_match']",merchant_lost
DSP-003473,13.3,Not as Described,Visa,627.73,INR,2026-08-29,2,fashion,express,True,True,True,both_match,22,1,5,True,True,"['product_description', 'customer_comms', 'return_policy']",merchant_won
DSP-004772,4837,No Cardholder Authorization,Mastercard,14992.81,INR,2026-08-29,58,books,pickup,True,False,False,cvv_only,3,0,2,False,False,"['3ds_authentication', 'avs_cvv', 'ip_match']",merchant_lost
DSP-002714,10.5,Fraud - Counterfeit,Visa,1440.93,INR,2026-08-29,28,toys,express,True,True,False,neither,19,0,2,False,True,"['emv_chip_data', 'pin_verification']",merchant_won
DSP-002199,13.3,Not as Described,Visa,818.27,INR,2026-08-29,7,beauty,express,True,True,True,both_match,47,0,4,False,True,"['product_description', 'customer_comms', 'return_policy']",merchant_won
DSP-004954,10.5,Fraud - Counterfeit,Visa,977.54,INR,2026-08-29,7,beauty,same_day,True,True,True,cvv_only,66,1,1,True,False,"['emv_chip_data', 'pin_verification']",merchant_won
DSP-000116,13.6,Credit Not Processed,Visa,2665.72,INR,2026-08-29,0,grocery,pickup,False,False,True,cvv_only,72,0,2,True,False,"['refund_receipt', 'refund_arn', 'policy_terms']",merchant_won
DSP-002190,13.3,Not as Described,Visa,566.8,INR,2026-08-29,10,books,pickup,True,True,True,both_match,180,0,4,False,True,"['product_description', 'customer_comms', 'return_policy']",merchant_lost
DSP-002928,4855,Goods or Services Not Provided,Mastercard,738.69,INR,2026-08-29,8,beauty,same_day,True,True,True,both_match,155,0,1,False,False,"['shipping_confirmation', 'delivery_proof', 'signed_receipt']",merchant_won
DSP-002356,13.3,Not as Described,Visa,180.67,INR,2026-08-29,50,sports,standard,True,False,True,both_match,539,0,8,True,False,"['product_description', 'customer_comms', 'return_policy']",merchant_lost
DSP-003437,13.6,Credit Not Processed,Visa,203.25,INR,2026-08-29,0,toys,same_day,False,False,True,neither,568,0,7,False,True,"['refund_receipt', 'refund_arn', 'policy_terms']",merchant_lost
DSP-002809,4853,Cardholder Dispute - Defective,Mastercard,1788.97,INR,2026-08-29,16,books,same_day,True,True,True,both_match,238,0,8,False,True,"['product_description', 'quality_cert', 'customer_comms']",merchant_lost
DSP-003540,13.6,Credit Not Processed,Visa,697.03,INR,2026-08-29,3,sports,same_day,True,True,True,both_match,573,0,8,True,False,"['refund_receipt', 'refund_arn', 'policy_terms']",merchant_won
DSP-002720,13.6,Credit Not Processed,Visa,3277.19,INR,2026-08-29,16,home,same_day,True,True,True,both_match,5,0,3,False,True,"['refund_receipt', 'refund_arn', 'policy_terms']",merchant_won
DSP-004321,4863,Cardholder Does Not Recognize,Mastercard,406.3,INR,2026-08-29,9,books,express,True,True,False,neither,350,1,1,False,False,"['billing_descriptor', 'customer_comms', 'ip_match']",merchant_won
DSP-002011,13.6,Credit Not Processed,Visa,1132.24,INR,2026-08-29,6,sports,standard,True,True,True,cvv_only,136,0,5,False,True,"['refund_receipt', 'refund_arn', 'policy_terms']",merchant_won
DSP-004266,13.1,Merchandise Not Received,Visa,548.38,INR,2026-08-29,47,electronics,pickup,True,False,True,both_match,171,1,8,False,True,"['shipping_confirmation', 'delivery_proof', 'tracking_url']",merchant_lost
DSP-000490,13.1,Merchandise Not Received,Visa,1823.31,INR,2026-08-29,27,books,standard,True,True,True,both_match,0,0,7,False,True,"['shipping_confirmation', 'delivery_proof', 'tracking_url']",merchant_won
DSP-000822,4855,Goods or Services Not Provided,Mastercard,152.26,INR,2026-08-29,31,electronics,express,True,True,True,both_match,113,0,8,True,True,"['shipping_confirmation', 'delivery_proof', 'signed_receipt']",merchant_won
DSP-003858,4855,Goods or Services Not Provided,Mastercard,1434.77,INR,2026-08-29,22,health,same_day,True,True,True,both_match,205,0,3,True,True,"['shipping_confirmation', 'delivery_proof', 'signed_receipt']",merchant_won
DSP-000628,10.4,Fraud - Card Absent,Visa,428.78,INR,2026-08-29,5,books,express,True,False,False,both_match,262,1,1,False,False,"['avs_cvv', 'ip_match', 'delivery_proof', 'device_fingerprint']",merchant_won
DSP-002702,13.1,Merchandise Not Received,Visa,1359.45,INR,2026-08-29,4,fashion,standard,True,False,True,both_match,174,1,2,True,True,"['shipping_confirmation', 'delivery_proof', 'tracking_url']",merchant_won
DSP-001641,4855,Goods or Services Not Provided,Mastercard,677.64,INR,2026-08-29,1,fashion,express,True,True,True,both_match,70,1,3,False,True,"['shipping_confirmation', 'delivery_proof', 'signed_receipt']",merchant_won
DSP-004707,4853,Cardholder Dispute - Defective,Mastercard,2036.62,INR,2026-08-29,18,toys,same_day,True,True,True,both_match,393,0,7,True,False,"['product_description', 'quality_cert', 'customer_comms']",merchant_lost
DSP-001297,4860,Credit Not Processed (MC),Mastercard,1041.52,INR,2026-08-29,4,beauty,pickup,False,False,True,both_match,205,0,6,True,True,"['refund_receipt', 'refund_arn', 'policy_terms']",merchant_won
DSP-001272,4855,Goods or Services Not Provided,Mastercard,1073.56,INR,2026-08-29,18,grocery,standard,True,True,True,both_match,51,0,7,False,True,"['shipping_confirmation', 'delivery_proof', 'signed_receipt']",merchant_won
DSP-001299,4853,Cardholder Dispute - Defective,Mastercard,1319.65,INR,2026-08-29,7,sports,same_day,True,True,True,both_match,125,0,8,True,True,"['product_description', 'quality_cert', 'customer_comms']",merchant_lost
DSP-004093,13.1,Merchandise Not Received,Visa,1947.34,INR,2026-08-29,23,home,express,True,True,True,both_match,124,0,3,True,True,"['shipping_confirmation', 'delivery_proof', 'tracking_url']",merchant_won
DSP-000469,13.3,Not as Described,Visa,1663.99,INR,2026-08-29,27,books,express,True,True,True,both_match,81,0,10,False,True,"['product_description', 'customer_comms', 'return_policy']",merchant_won
DSP-001979,10.5,Fraud - Counterfeit,Visa,2256.08,INR,2026-08-29,90,beauty,pickup,False,False,False,both_match,272,0,2,False,True,"['emv_chip_data', 'pin_verification']",merchant_lost
DSP-003454,4837,No Cardholder Authorization,Mastercard,1645.69,INR,2026-08-29,16,automotive,same_day,True,False,False,cvv_only,54,0,3,False,True,"['3ds_authentication', 'avs_cvv', 'ip_match']",merchant_won
DSP-001490,4855,Goods or Services Not Provided,Mastercard,460.78,INR,2026-08-29,38,grocery,standard,True,True,False,both_match,240,0,6,False,False,"['shipping_confirmation', 'delivery_proof', 'signed_receipt']",merchant_won
DSP-001638,10.4,Fraud - Card Absent,Visa,194.05,INR,2026-08-29,21,sports,standard,True,False,True,avs_only,158,0,1,True,False,"['avs_cvv', 'ip_match', 'delivery_proof', 'device_fingerprint']",merchant_won
DSP-002301,4860,Credit Not Processed (MC),Mastercard,273.05,INR,2026-08-29,27,health,standard,True,True,True,both_match,386,0,5,True,True,"['refund_receipt', 'refund_arn', 'policy_terms']",merchant_won
DSP-002669,13.1,Merchandise Not Received,Visa,2658.1,INR,2026-08-29,14,grocery,same_day,False,False,True,both_match,309,0,3,False,True,"['shipping_confirmation', 'delivery_proof', 'tracking_url']",merchant_won
DSP-002757,13.1,Merchandise Not Received,Visa,4091.13,INR,2026-08-29,3,toys,pickup,True,True,True,avs_only,304,1,5,True,False,"['shipping_confirmation', 'delivery_proof', 'tracking_url']",merchant_won
DSP-000777,10.4,Fraud - Card Absent,Visa,2078.6,INR,2026-08-29,19,electronics,same_day,True,True,True,avs_only,104,1,5,False,True,"['avs_cvv', 'ip_match', 'delivery_proof', 'device_fingerprint']",merchant_lost
DSP-002868,13.1,Merchandise Not Received,Visa,398.02,INR,2026-08-29,6,sports,same_day,True,True,True,both_match,516,0,5,True,True,"['shipping_confirmation', 'delivery_proof', 'tracking_url']",merchant_won
DSP-003663,4860,Credit Not Processed (MC),Mastercard,579.06,INR,2026-08-29,6,toys,same_day,True,True,True,both_match,475,1,8,False,True,"['refund_receipt', 'refund_arn', 'policy_terms']",merchant_won
DSP-004539,4853,Cardholder Dispute - Defective,Mastercard,4057.41,INR,2026-08-29,29,sports,express,True,True,True,both_match,145,0,8,False,True,"['product_description', 'quality_cert', 'customer_comms']",merchant_won
DSP-002870,4853,Cardholder Dispute - Defective,Mastercard,515.07,INR,2026-08-29,17,beauty,same_day,True,True,True,both_match,261,0,4,True,True,"['product_description', 'quality_cert', 'customer_comms']",merchant_lost
DSP-002379,13.6,Credit Not Processed,Visa,203.92,INR,2026-08-29,46,toys,standard,True,True,True,avs_only,470,0,4,True,False,"['refund_receipt', 'refund_arn', 'policy_terms']",merchant_won
DSP-001630,4863,Cardholder Does Not Recognize,Mastercard,1456.93,INR,2026-08-29,0,electronics,same_day,False,False,True,both_match,129,0,0,False,True,"['billing_descriptor', 'customer_comms', 'ip_match']",merchant_won
DSP-003510,13.6,Credit Not Processed,Visa,837.28,INR,2026-08-29,33,sports,pickup,True,False,True,both_match,140,1,6,True,True,"['refund_receipt', 'refund_arn', 'policy_terms']",merchant_won
DSP-002211,4860,Credit Not Processed (MC),Mastercard,1616.74,INR,2026-08-29,64,fashion,express,True,True,True,both_match,344,0,8,False,True,"['refund_receipt', 'refund_arn', 'policy_terms']",merchant_won
DSP-003214,4837,No Cardholder Authorization,Mastercard,286.47,INR,2026-08-29,75,home,express,True,False,True,avs_only,14,3,0,False,False,"['3ds_authentication', 'avs_cvv', 'ip_match']",merchant_lost
DSP-002342,4863,Cardholder Does Not Recognize,Mastercard,2789.49,INR,2026-08-29,54,books,same_day,True,False,False,neither,25,1,0,False,False,"['billing_descriptor', 'customer_comms', 'ip_match']",merchant_lost
DSP-002163,4860,Credit Not Processed (MC),Mastercard,254.26,INR,2026-08-29,4,health,standard,True,True,True,both_match,158,0,6,False,False,"['refund_receipt', 'refund_arn', 'policy_terms']",merchant_won
DSP-003325,13.3,Not as Described,Visa,121.02,INR,2026-08-29,5,home,standard,True,True,False,both_match,118,0,9,False,True,"['product_description', 'customer_comms', 'return_policy']",merchant_won
DSP-004289,4853,Cardholder Dispute - Defective,Mastercard,6064.01,INR,2026-08-29,22,beauty,same_day,True,True,True,both_match,71,0,2,True,True,"['product_description', 'quality_cert', 'customer_comms']",merchant_won
DSP-001902,13.1,Merchandise Not Received,Visa,586.24,INR,2026-08-29,6,books,pickup,True,True,True,both_match,10,0,4,False,True,"['shipping_confirmation', 'delivery_proof', 'tracking_url']",merchant_won
DSP-000770,13.1,Merchandise Not Received,Visa,1986.41,INR,2026-08-29,7,toys,same_day,True,True,True,both_match,2,0,2,False,True,"['shipping_confirmation', 'delivery_proof', 'tracking_url']",merchant_won
DSP-004982,10.4,Fraud - Card Absent,Visa,744.52,INR,2026-08-29,33,sports,pickup,True,False,False,neither,39,1,3,False,False,"['avs_cvv', 'ip_match', 'delivery_proof', 'device_fingerprint']",merchant_won
DSP-003192,13.3,Not as Described,Visa,725.6,INR,2026-08-29,4,electronics,standard,True,True,True,avs_only,267,0,8,False,False,"['product_description', 'customer_comms', 'return_policy']",merchant_won
DSP-004307,4837,No Cardholder Authorization,Mastercard,87.55,INR,2026-08-29,20,health,standard,False,False,True,avs_only,171,1,2,True,False,"['3ds_authentication', 'avs_cvv', 'ip_match']",merchant_lost
DSP-004595,4863,Cardholder Does Not Recognize,Mastercard,8198.88,INR,2026-08-29,7,home,same_day,True,True,False,neither,7,0,4,False,False,"['billing_descriptor', 'customer_comms', 'ip_match']",merchant_lost
DSP-004614,4853,Cardholder Dispute - Defective,Mastercard,318.08,INR,2026-08-29,6,grocery,pickup,True,True,True,both_match,115,0,3,True,True,"['product_description', 'quality_cert', 'customer_comms']",merchant_won
DSP-004596,4837,No Cardholder Authorization,Mastercard,4141.66,INR,2026-08-29,16,beauty,same_day,False,False,True,neither,147,1,1,True,False,"['3ds_authentication', 'avs_cvv', 'ip_match']",merchant_won
DSP-001276,4853,Cardholder Dispute - Defective,Mastercard,215.74,INR,2026-08-29,1,automotive,pickup,True,True,True,avs_only,229,0,8,False,False,"['product_description', 'quality_cert', 'customer_comms']",merchant_won
DSP-003871,13.3,Not as Described,Visa,1205.84,INR,2026-08-29,42,toys,standard,True,True,True,both_match,284,0,10,True,True,"['product_description', 'customer_comms', 'return_policy']",merchant_lost
DSP-000013,4860,Credit Not Processed (MC),Mastercard,507.6,INR,2026-08-29,1,fashion,express,False,False,True,both_match,126,0,7,False,False,"['refund_receipt', 'refund_arn', 'policy_terms']",merchant_won
DSP-000345,10.5,Fraud - Counterfeit,Visa,696.08,INR,2026-08-29,40,grocery,standard,False,False,False,neither,59,1,2,True,True,"['emv_chip_data', 'pin_verification']",merchant_lost
DSP-003024,13.1,Merchandise Not Received,Visa,411.61,INR,2026-08-29,9,electronics,pickup,True,True,True,avs_only,245,0,8,True,True,"['shipping_confirmation', 'delivery_proof', 'tracking_url']",merchant_won
DSP-003293,4863,Cardholder Does Not Recognize,Mastercard,2499.55,INR,2026-08-29,23,beauty,pickup,True,True,False,cvv_only,18,2,0,False,False,"['billing_descriptor', 'customer_comms', 'ip_match']",merchant_won
DSP-001540,4855,Goods or Services Not Provided,Mastercard,1054.15,INR,2026-08-29,22,books,express,True,True,True,avs_only,238,0,1,False,True,"['shipping_confirmation', 'delivery_proof', 'signed_receipt']",merchant_lost
DSP-003860,10.4,Fraud - Card Absent,Visa,14430.44,INR,2026-08-29,14,home,standard,False,False,True,neither,128,0,1,False,False,"['avs_cvv', 'ip_match', 'delivery_proof', 'device_fingerprint']",merchant_lost
DSP-001583,4860,Credit Not Processed (MC),Mastercard,55.52,INR,2026-08-29,24,sports,express,True,True,True,avs_only,495,0,9,True,True,"['refund_receipt', 'refund_arn', 'policy_terms']",merchant_won
DSP-002891,4855,Goods or Services Not Provided,Mastercard,223.33,INR,2026-08-29,0,toys,pickup,True,False,True,both_match,372,0,7,True,True,"['shipping_confirmation', 'delivery_proof', 'signed_receipt']",merchant_won
DSP-000832,10.4,Fraud - Card Absent,Visa,2763.52,INR,2026-08-29,29,beauty,pickup,True,False,True,avs_only,31,0,1,False,False,"['avs_cvv', 'ip_match', 'delivery_proof', 'device_fingerprint']",merchant_lost
DSP-002231,13.1,Merchandise Not Received,Visa,807.4,INR,2026-08-29,0,toys,same_day,True,True,True,neither,491,0,9,False,False,"['shipping_confirmation', 'delivery_proof', 'tracking_url']",merchant_won
DSP-002029,13.1,Merchandise Not Received,Visa,1217.99,INR,2026-08-29,43,grocery,pickup,True,True,True,both_match,41,1,4,False,True,"['shipping_confirmation', 'delivery_proof', 'tracking_url']",merchant_won
DSP-001454,13.3,Not as Described,Visa,533.55,INR,2026-08-29,21,automotive,standard,True,True,True,both_match,52,0,7,True,True,"['product_description', 'customer_comms', 'return_policy']",merchant_won
DSP-004991,4855,Goods or Services Not Provided,Mastercard,1161.58,INR,2026-08-29,2,sports,same_day,True,True,True,both_match,490,0,3,False,True,"['shipping_confirmation', 'delivery_proof', 'signed_receipt']",merchant_won
DSP-003927,13.1,Merchandise Not Received,Visa,2106.42,INR,2026-08-29,5,electronics,same_day,True,True,True,both_match,12,0,5,False,True,"['shipping_confirmation', 'delivery_proof', 'tracking_url']",merchant_lost
DSP-004607,4837,No Cardholder Authorization,Mastercard,49295.97,INR,2026-08-29,5,fashion,pickup,True,False,False,neither,29,1,1,False,False,"['3ds_authentication', 'avs_cvv', 'ip_match']",merchant_lost
DSP-004968,13.1,Merchandise Not Received,Visa,845.03,INR,2026-08-29,46,grocery,same_day,True,True,True,both_match,46,0,8,True,False,"['shipping_confirmation', 'delivery_proof', 'tracking_url']",merchant_won
DSP-004712,10.5,Fraud - Counterfeit,Visa,1974.68,INR,2026-08-29,24,grocery,standard,False,False,False,neither,37,1,0,False,True,"['emv_chip_data', 'pin_verification']",merchant_lost
DSP-002716,4860,Credit Not Processed (MC),Mastercard,270.8,INR,2026-08-29,24,home,pickup,False,False,True,both_match,163,0,6,True,True,"['refund_receipt', 'refund_arn', 'policy_terms']",merchant_won
DSP-004111,10.4,Fraud - Card Absent,Visa,1387.17,INR,2026-08-29,33,electronics,standard,True,True,False,cvv_only,82,0,3,False,False,"['avs_cvv', 'ip_match', 'delivery_proof', 'device_fingerprint']",merchant_won
DSP-001604,4853,Cardholder Dispute - Defective,Mastercard,959.33,INR,2026-08-29,5,fashion,same_day,True,True,True,both_match,11,0,3,True,True,"['product_description', 'quality_cert', 'customer_comms']",merchant_won
DSP-000333,4837,No Cardholder Authorization,Mastercard,677.0,INR,2026-08-29,10,toys,standard,False,False,False,neither,148,1,2,False,False,"['3ds_authentication', 'avs_cvv', 'ip_match']",merchant_lost
DSP-000646,13.1,Merchandise Not Received,Visa,20371.44,INR,2026-08-29,35,automotive,same_day,True,True,True,both_match,305,0,4,True,True,"['shipping_confirmation', 'delivery_proof', 'tracking_url']",merchant_won
DSP-001868,4860,Credit Not Processed (MC),Mastercard,555.31,INR,2026-08-29,3,automotive,pickup,True,True,True,both_match,94,0,6,False,True,"['refund_receipt', 'refund_arn', 'policy_terms']",merchant_won
DSP-001335,10.4,Fraud - Card Absent,Visa,4724.15,INR,2026-08-29,13,electronics,standard,True,True,True,both_match,98,0,0,True,False,"['avs_cvv', 'ip_match', 'delivery_proof', 'device_fingerprint']",merchant_won
DSP-003260,13.1,Merchandise Not Received,Visa,227.18,INR,2026-08-29,30,health,same_day,True,True,True,both_match,500,0,9,False,True,"['shipping_confirmation', 'delivery_proof', 'tracking_url']",merchant_won
DSP-004768,4855,Goods or Services Not Provided,Mastercard,1681.52,INR,2026-08-29,1,sports,pickup,True,True,True,both_match,92,0,3,True,False,"['shipping_confirmation', 'delivery_proof', 'signed_receipt']",merchant_won
DSP-004522,10.4,Fraud - Card Absent,Visa,8928.88,INR,2026-08-29,20,toys,express,False,False,False,neither,16,1,2,False,True,"['avs_cvv', 'ip_match', 'delivery_proof', 'device_fingerprint']",merchant_lost
DSP-003788,13.6,Credit Not Processed,Visa,1107.99,INR,2026-08-29,1,beauty,standard,True,True,True,both_match,18,0,13,False,True,"['refund_receipt', 'refund_arn', 'policy_terms']",merchant_won
DSP-004766,10.4,Fraud - Card Absent,Visa,861.89,INR,2026-08-29,27,electronics,standard,False,False,True,neither,38,1,1,False,False,"['avs_cvv', 'ip_match', 'delivery_proof', 'device_fingerprint']",merchant_lost
DSP-001003,10.4,Fraud - Card Absent,Visa,1879.34,INR,2026-08-29,0,toys,same_day,True,True,True,neither,64,0,2,False,False,"['avs_cvv', 'ip_match', 'delivery_proof', 'device_fingerprint']",merchant_won
DSP-002332,4837,No Cardholder Authorization,Mastercard,7023.26,INR,2026-08-29,18,sports,same_day,True,False,True,neither,43,0,2,False,False,"['3ds_authentication', 'avs_cvv', 'ip_match']",merchant_won
DSP-004460,13.1,Merchandise Not Received,Visa,858.11,INR,2026-08-29,8,electronics,pickup,True,True,True,both_match,19,0,5,True,True,"['shipping_confirmation', 'delivery_proof', 'tracking_url']",merchant_won
DSP-002017,4860,Credit Not Processed (MC),Mastercard,249.73,INR,2026-08-29,52,sports,standard,True,True,True,both_match,506,0,9,False,False,"['refund_receipt', 'refund_arn', 'policy_terms']",merchant_won
DSP-000715,4855,Goods or Services Not Provided,Mastercard,356.53,INR,2026-08-29,5,sports,same_day,True,True,True,both_match,51,0,6,False,True,"['shipping_confirmation', 'delivery_proof', 'signed_receipt']",merchant_won
DSP-003182,10.5,Fraud - Counterfeit,Visa,1811.8,INR,2026-08-29,79,electronics,pickup,True,True,True,neither,201,1,2,False,False,"['emv_chip_data', 'pin_verification']",merchant_won
DSP-001352,4837,No Cardholder Authorization,Mastercard,1317.58,INR,2026-08-29,17,toys,pickup,False,False,True,neither,46,1,1,False,True,"['3ds_authentication', 'avs_cvv', 'ip_match']",merchant_lost
DSP-001533,13.1,Merchandise Not Received,Visa,3702.9,INR,2026-08-29,13,fashion,pickup,True,True,True,avs_only,150,0,7,True,True,"['shipping_confirmation', 'delivery_proof', 'tracking_url']",merchant_won
DSP-002462,4837,No Cardholder Authorization,Mastercard,9763.37,INR,2026-08-29,87,health,standard,False,False,True,avs_only,87,0,3,False,False,"['3ds_authentication', 'avs_cvv', 'ip_match']",merchant_lost
DSP-004892,4853,Cardholder Dispute - Defective,Mastercard,519.14,INR,2026-08-29,25,books,same_day,True,False,True,both_match,96,0,6,True,True,"['product_description', 'quality_cert', 'customer_comms']",merchant_won
DSP-004721,4837,No Cardholder Authorization,Mastercard,1420.39,INR,2026-08-29,5,automotive,standard,True,True,False,cvv_only,97,0,5,False,False,"['3ds_authentication', 'avs_cvv', 'ip_match']",merchant_won
DSP-002139,13.3,Not as Described,Visa,2399.32,INR,2026-08-29,14,automotive,express,True,False,True,both_match,1212,0,5,False,True,"['product_description', 'customer_comms', 'return_policy']",merchant_lost
DSP-003653,4837,No Cardholder Authorization,Mastercard,3367.52,INR,2026-08-29,19,automotive,pickup,True,False,True,avs_only,198,1,0,True,True,"['3ds_authentication', 'avs_cvv', 'ip_match']",merchant_lost
DSP-004720,10.4,Fraud - Card Absent,Visa,18345.41,INR,2026-08-29,8,toys,standard,True,True,True,cvv_only,315,0,3,False,False,"['avs_cvv', 'ip_match', 'delivery_proof', 'device_fingerprint']",merchant_won
DSP-003198,4837,No Cardholder Authorization,Mastercard,1172.17,INR,2026-08-29,4,books,same_day,False,False,False,both_match,71,0,2,True,False,"['3ds_authentication', 'avs_cvv', 'ip_match']",merchant_lost
DSP-003389,13.3,Not as Described,Visa,1285.35,INR,2026-08-29,45,electronics,same_day,True,True,True,both_match,443,0,7,True,True,"['product_description', 'customer_comms', 'return_policy']",merchant_lost
DSP-004249,13.3,Not as Described,Visa,548.33,INR,2026-08-29,15,home,pickup,True,True,True,both_match,30,0,5,False,True,"['product_description', 'customer_comms', 'return_policy']",merchant_won
DSP-004626,13.1,Merchandise Not Received,Visa,2652.33,INR,2026-08-29,8,grocery,pickup,True,True,True,both_match,796,0,4,True,True,"['shipping_confirmation', 'delivery_proof', 'tracking_url']",merchant_won
DSP-000238,13.3,Not as Described,Visa,1952.22,INR,2026-08-29,4,toys,same_day,True,True,True,avs_only,4,0,6,True,True,"['product_description', 'customer_comms', 'return_policy']",merchant_lost
DSP-003884,10.4,Fraud - Card Absent,Visa,6155.18,INR,2026-08-29,13,toys,pickup,True,True,True,neither,54,0,0,False,False,"['avs_cvv', 'ip_match', 'delivery_proof', 'device_fingerprint']",merchant_lost
DSP-003628,4853,Cardholder Dispute - Defective,Mastercard,667.07,INR,2026-08-29,6,grocery,pickup,True,True,True,both_match,584,0,7,True,False,"['product_description', 'quality_cert', 'customer_comms']",merchant_lost
DSP-000052,4837,No Cardholder Authorization,Mastercard,9211.69,INR,2026-08-29,34,toys,express,False,False,False,cvv_only,116,1,0,False,False,"['3ds_authentication', 'avs_cvv', 'ip_match']",merchant_lost
DSP-004811,4863,Cardholder Does Not Recognize,Mastercard,900.56,INR,2026-08-29,37,automotive,standard,True,False,True,both_match,5,0,1,True,False,"['billing_descriptor', 'customer_comms', 'ip_match']",merchant_won
DSP-001461,4853,Cardholder Dispute - Defective,Mastercard,2770.58,INR,2026-08-29,0,home,express,True,True,True,both_match,20,1,8,True,True,"['product_description', 'quality_cert', 'customer_comms']",merchant_won
DSP-000980,4853,Cardholder Dispute - Defective,Mastercard,115.51,INR,2026-08-29,2,health,pickup,True,True,True,avs_only,17,0,6,False,False,"['product_description', 'quality_cert', 'customer_comms']",merchant_lost
DSP-000824,4853,Cardholder Dispute - Defective,Mastercard,1232.23,INR,2026-08-29,35,home,express,True,True,True,both_match,246,0,4,True,True,"['product_description', 'quality_cert', 'customer_comms']",merchant_lost
DSP-001380,4837,No Cardholder Authorization,Mastercard,17461.13,INR,2026-08-29,30,beauty,standard,True,False,True,both_match,3,0,2,False,False,"['3ds_authentication', 'avs_cvv', 'ip_match']",merchant_lost
DSP-004438,4853,Cardholder Dispute - Defective,Mastercard,220.59,INR,2026-08-29,24,beauty,same_day,True,True,True,both_match,203,0,6,True,True,"['product_description', 'quality_cert', 'customer_comms']",merchant_won
DSP-003565,13.6,Credit Not Processed,Visa,2126.06,INR,2026-08-29,4,automotive,standard,True,False,False,both_match,477,0,7,True,True,"['refund_receipt', 'refund_arn', 'policy_terms']",merchant_won
DSP-003075,4860,Credit Not Processed (MC),Mastercard,160.74,INR,2026-08-29,34,toys,pickup,False,False,True,both_match,79,1,7,False,True,"['refund_receipt', 'refund_arn', 'policy_terms']",merchant_won
DSP-004695,4837,No Cardholder Authorization,Mastercard,2599.39,INR,2026-08-29,21,home,same_day,True,True,True,cvv_only,33,1,3,False,False,"['3ds_authentication', 'avs_cvv', 'ip_match']",merchant_won
DSP-001722,4853,Cardholder Dispute - Defective,Mastercard,352.38,INR,2026-08-29,10,home,standard,True,True,True,both_match,17,0,5,False,False,"['product_description', 'quality_cert', 'customer_comms']",merchant_won
DSP-001202,4853,Cardholder Dispute - Defective,Mastercard,246.09,INR,2026-08-29,24,automotive,pickup,False,False,True,both_match,26,0,5,True,True,"['product_description', 'quality_cert', 'customer_comms']",merchant_won
DSP-002131,4837,No Cardholder Authorization,Mastercard,19040.2,INR,2026-08-29,9,grocery,standard,False,False,True,neither,111,3,2,False,True,"['3ds_authentication', 'avs_cvv', 'ip_match']",merchant_won
DSP-003155,4863,Cardholder Does Not Recognize,Mastercard,3428.84,INR,2026-08-29,13,health,express,True,True,False,neither,180,2,3,False,False,"['billing_descriptor', 'customer_comms', 'ip_match']",merchant_lost
DSP-003687,4863,Cardholder Does Not Recognize,Mastercard,1201.52,INR,2026-08-29,32,health,pickup,True,True,True,neither,84,1,1,False,False,"['billing_descriptor', 'customer_comms', 'ip_match']",merchant_won
DSP-002386,13.1,Merchandise Not Received,Visa,3318.7,INR,2026-08-29,0,books,pickup,True,True,True,both_match,306,0,10,False,False,"['shipping_confirmation', 'delivery_proof', 'tracking_url']",merchant_won
DSP-002855,4863,Cardholder Does Not Recognize,Mastercard,2009.88,INR,2026-08-29,14,electronics,same_day,False,False,True,both_match,137,2,1,False,False,"['billing_descriptor', 'customer_comms', 'ip_match']",merchant_won
DSP-003667,13.3,Not as Described,Visa,3787.3,INR,2026-08-29,5,fashion,same_day,False,False,True,cvv_only,49,0,9,True,False,"['product_description', 'customer_comms', 'return_policy']",merchant_won
DSP-001863,4853,Cardholder Dispute - Defective,Mastercard,2639.2,INR,2026-08-29,7,home,pickup,True,True,True,both_match,83,0,9,False,True,"['product_description', 'quality_cert', 'customer_comms']",merchant_lost
DSP-002914,10.4,Fraud - Card Absent,Visa,1948.5,INR,2026-08-29,3,grocery,pickup,True,True,False,both_match,51,1,3,False,False,"['avs_cvv', 'ip_match', 'delivery_proof', 'device_fingerprint']",merchant_lost
DSP-001108,4860,Credit Not Processed (MC),Mastercard,4634.03,INR,2026-08-29,39,automotive,express,True,True,True,neither,18,0,6,False,True,"['refund_receipt', 'refund_arn', 'policy_terms']",merchant_won
DSP-000074,10.4,Fraud - Card Absent,Visa,4032.58,INR,2026-08-29,49,beauty,same_day,True,False,True,neither,340,2,4,False,False,"['avs_cvv', 'ip_match', 'delivery_proof', 'device_fingerprint']",merchant_won
DSP-002074,4855,Goods or Services Not Provided,Mastercard,4816.67,INR,2026-08-29,26,health,pickup,True,True,True,both_match,170,0,4,False,True,"['shipping_confirmation', 'delivery_proof', 'signed_receipt']",merchant_won
DSP-004986,10.4,Fraud - Card Absent,Visa,5955.45,INR,2026-08-29,2,grocery,pickup,True,True,False,neither,108,1,1,True,False,"['avs_cvv', 'ip_match', 'delivery_proof', 'device_fingerprint']",merchant_won
DSP-003103,4837,No Cardholder Authorization,Mastercard,3126.28,INR,2026-08-29,120,sports,express,False,False,True,both_match,40,2,1,False,False,"['3ds_authentication', 'avs_cvv', 'ip_match']",merchant_won
DSP-000065,4855,Goods or Services Not Provided,Mastercard,114.28,INR,2026-08-29,3,sports,express,True,True,True,both_match,834,0,6,False,True,"['shipping_confirmation', 'delivery_proof', 'signed_receipt']",merchant_won
DSP-002387,13.1,Merchandise Not Received,Visa,2068.5,INR,2026-08-29,6,fashion,standard,True,True,True,both_match,160,2,7,False,True,"['shipping_confirmation', 'delivery_proof', 'tracking_url']",merchant_won
DSP-002653,4855,Goods or Services Not Provided,Mastercard,178.07,INR,2026-08-29,8,books,standard,True,True,True,both_match,65,0,9,True,True,"['shipping_confirmation', 'delivery_proof', 'signed_receipt']",merchant_won
DSP-002024,13.3,Not as Described,Visa,2183.34,INR,2026-08-29,19,beauty,pickup,True,True,True,avs_only,250,0,6,True,False,"['product_description', 'customer_comms', 'return_policy']",merchant_won
DSP-002401,4837,No Cardholder Authorization,Mastercard,1379.03,INR,2026-08-29,1,home,standard,True,True,False,neither,62,0,2,False,False,"['3ds_authentication', 'avs_cvv', 'ip_match']",merchant_won
DSP-004070,4853,Cardholder Dispute - Defective,Mastercard,909.84,INR,2026-08-29,23,health,pickup,True,True,True,cvv_only,112,0,6,True,True,"['product_description', 'quality_cert', 'customer_comms']",merchant_won
DSP-003052,4855,Goods or Services Not Provided,Mastercard,714.07,INR,2026-08-29,4,health,same_day,True,True,True,both_match,63,0,6,True,True,"['shipping_confirmation', 'delivery_proof', 'signed_receipt']",merchant_won
DSP-004074,13.1,Merchandise Not Received,Visa,894.41,INR,2026-08-29,5,books,express,True,True,True,both_match,30,0,5,False,True,"['shipping_confirmation', 'delivery_proof', 'tracking_url']",merchant_won
DSP-003601,4837,No Cardholder Authorization,Mastercard,1078.66,INR,2026-08-29,18,fashion,standard,False,False,False,both_match,60,0,1,False,False,"['3ds_authentication', 'avs_cvv', 'ip_match']",merchant_won
DSP-003240,13.1,Merchandise Not Received,Visa,1682.19,INR,2026-08-29,1,beauty,standard,True,True,True,neither,39,0,6,True,False,"['shipping_confirmation', 'delivery_proof', 'tracking_url']",merchant_won
DSP-000810,4860,Credit Not Processed (MC),Mastercard,1069.78,INR,2026-08-29,28,beauty,express,True,True,True,both_match,473,0,6,False,True,"['refund_receipt', 'refund_arn', 'policy_terms']",merchant_won
DSP-001279,10.5,Fraud - Counterfeit,Visa,3546.68,INR,2026-08-29,63,sports,same_day,True,True,False,both_match,85,1,1,True,True,"['emv_chip_data', 'pin_verification']",merchant_won
DSP-003134,13.1,Merchandise Not Received,Visa,811.57,INR,2026-08-29,29,beauty,pickup,True,True,True,both_match,72,0,7,False,True,"['shipping_confirmation', 'delivery_proof', 'tracking_url']",merchant_won
DSP-000917,4855,Goods or Services Not Provided,Mastercard,1084.21,INR,2026-08-29,32,automotive,standard,True,True,True,both_match,261,0,5,False,True,"['shipping_confirmation', 'delivery_proof', 'signed_receipt']",merchant_won
DSP-002986,4863,Cardholder Does Not Recognize,Mastercard,10520.16,INR,2026-08-29,6,beauty,express,True,True,False,neither,12,1,2,False,True,"['billing_descriptor', 'customer_comms', 'ip_match']",merchant_lost
DSP-004573,10.4,Fraud - Card Absent,Visa,3067.31,INR,2026-08-29,9,health,standard,True,True,True,both_match,20,1,1,False,True,"['avs_cvv', 'ip_match', 'delivery_proof', 'device_fingerprint']",merchant_won
DSP-000309,4853,Cardholder Dispute - Defective,Mastercard,2881.11,INR,2026-08-29,6,books,same_day,True,True,True,both_match,153,1,6,False,False,"['product_description', 'quality_cert', 'customer_comms']",merchant_won
DSP-004988,10.4,Fraud - Card Absent,Visa,1371.09,INR,2026-08-29,2,books,standard,True,True,True,avs_only,239,2,3,False,False,"['avs_cvv', 'ip_match', 'delivery_proof', 'device_fingerprint']",merchant_won
DSP-003757,4837,No Cardholder Authorization,Mastercard,1465.95,INR,2026-08-29,37,electronics,standard,True,True,False,avs_only,140,0,3,False,False,"['3ds_authentication', 'avs_cvv', 'ip_match']",merchant_lost
DSP-001936,4855,Goods or Services Not Provided,Mastercard,436.27,INR,2026-08-29,3,beauty,standard,False,False,True,both_match,919,0,9,False,False,"['shipping_confirmation', 'delivery_proof', 'signed_receipt']",merchant_lost
DSP-000340,4863,Cardholder Does Not Recognize,Mastercard,1581.63,INR,2026-08-29,3,beauty,express,False,False,True,neither,149,0,1,False,False,"['billing_descriptor', 'customer_comms', 'ip_match']",merchant_lost
DSP-002832,10.4,Fraud - Card Absent,Visa,12059.18,INR,2026-08-29,5,grocery,standard,False,False,True,both_match,43,2,0,False,False,"['avs_cvv', 'ip_match', 'delivery_proof', 'device_fingerprint']",merchant_lost
DSP-004208,10.4,Fraud - Card Absent,Visa,2592.44,INR,2026-08-29,120,health,standard,True,False,True,avs_only,45,1,1,False,False,"['avs_cvv', 'ip_match', 'delivery_proof', 'device_fingerprint']",merchant_lost
DSP-003627,4863,Cardholder Does Not Recognize,Mastercard,895.57,INR,2026-08-29,41,health,same_day,False,False,False,cvv_only,8,3,2,False,True,"['billing_descriptor', 'customer_comms', 'ip_match']",merchant_lost
DSP-003737,4837,No Cardholder Authorization,Mastercard,1217.82,INR,2026-08-29,18,toys,standard,True,True,False,avs_only,21,0,1,False,False,"['3ds_authentication', 'avs_cvv', 'ip_match']",merchant_won
DSP-002635,13.1,Merchandise Not Received,Visa,2852.28,INR,2026-08-29,17,automotive,express,False,False,True,cvv_only,7,0,5,False,True,"['shipping_confirmation', 'delivery_proof', 'tracking_url']",merchant_lost
DSP-003914,13.1,Merchandise Not Received,Visa,1527.57,INR,2026-08-29,1,fashion,express,True,True,True,both_match,23,0,7,True,True,"['shipping_confirmation', 'delivery_proof', 'tracking_url']",merchant_won
DSP-002578,4860,Credit Not Processed (MC),Mastercard,552.86,INR,2026-08-29,43,books,same_day,True,True,True,both_match,86,0,6,True,True,"['refund_receipt', 'refund_arn', 'policy_terms']",merchant_won
DSP-004835,4853,Cardholder Dispute - Defective,Mastercard,2304.02,INR,2026-08-29,17,grocery,standard,True,True,True,both_match,437,0,8,False,False,"['product_description', 'quality_cert', 'customer_comms']",merchant_lost
DSP-004715,13.6,Credit Not Processed,Visa,68.26,INR,2026-08-29,2,health,same_day,True,False,True,both_match,68,0,5,True,True,"['refund_receipt', 'refund_arn', 'policy_terms']",merchant_won
DSP-000552,4860,Credit Not Processed (MC),Mastercard,2276.01,INR,2026-08-29,1,automotive,pickup,True,True,True,avs_only,173,0,7,True,True,"['refund_receipt', 'refund_arn', 'policy_terms']",merchant_won
DSP-004469,13.3,Not as Described,Visa,251.09,INR,2026-08-29,6,home,standard,True,True,True,both_match,94,0,5,True,False,"['product_description', 'customer_comms', 'return_policy']",merchant_won
DSP-002077,4837,No Cardholder Authorization,Mastercard,1028.38,INR,2026-08-29,17,grocery,pickup,True,True,False,neither,107,0,0,False,False,"['3ds_authentication', 'avs_cvv', 'ip_match']",merchant_lost
DSP-003493,13.3,Not as Described,Visa,182.9,INR,2026-08-29,18,toys,standard,True,True,True,both_match,282,0,5,True,True,"['product_description', 'customer_comms', 'return_policy']",merchant_won
DSP-003951,4837,No Cardholder Authorization,Mastercard,700.92,INR,2026-08-29,1,automotive,standard,False,False,False,avs_only,426,0,2,False,False,"['3ds_authentication', 'avs_cvv', 'ip_match']",merchant_lost
DSP-000171,13.3,Not as Described,Visa,1376.18,INR,2026-08-29,5,toys,express,True,True,True,avs_only,269,0,3,False,True,"['product_description', 'customer_comms', 'return_policy']",merchant_won
DSP-003278,10.4,Fraud - Card Absent,Visa,4622.97,INR,2026-08-29,12,grocery,express,False,False,False,avs_only,224,1,2,True,False,"['avs_cvv', 'ip_match', 'delivery_proof', 'device_fingerprint']",merchant_lost
DSP-004387,13.3,Not as Described,Visa,608.33,INR,2026-08-29,16,home,pickup,True,True,True,both_match,454,0,6,False,False,"['product_description', 'customer_comms', 'return_policy']",merchant_won
DSP-000707,10.5,Fraud - Counterfeit,Visa,258.37,INR,2026-08-29,41,health,same_day,True,False,False,cvv_only,116,2,0,False,False,"['emv_chip_data', 'pin_verification']",merchant_lost
DSP-004790,4837,No Cardholder Authorization,Mastercard,3989.92,INR,2026-08-29,29,home,pickup,False,False,False,avs_only,17,1,1,False,False,"['3ds_authentication', 'avs_cvv', 'ip_match']",merchant_lost
DSP-002392,13.3,Not as Described,Visa,591.71,INR,2026-08-29,16,toys,pickup,False,False,True,both_match,80,0,11,True,False,"['product_description', 'customer_comms', 'return_policy']",merchant_won
DSP-003880,4863,Cardholder Does Not Recognize,Mastercard,2357.55,INR,2026-08-29,16,grocery,pickup,True,False,False,neither,36,0,3,False,False,"['billing_descriptor', 'customer_comms', 'ip_match']",merchant_lost
DSP-000240,4855,Goods or Services Not Provided,Mastercard,6986.91,INR,2026-08-29,2,books,same_day,True,True,True,both_match,154,0,10,False,True,"['shipping_confirmation', 'delivery_proof', 'signed_receipt']",merchant_lost
DSP-004776,4853,Cardholder Dispute - Defective,Mastercard,5561.05,INR,2026-08-29,2,books,same_day,True,True,False,both_match,870,0,13,False,True,"['product_description', 'quality_cert', 'customer_comms']",merchant_lost
DSP-004603,4837,No Cardholder Authorization,Mastercard,736.71,INR,2026-08-29,5,toys,standard,False,False,True,avs_only,56,1,4,False,False,"['3ds_authentication', 'avs_cvv', 'ip_match']",merchant_won
DSP-003638,13.1,Merchandise Not Received,Visa,2117.49,INR,2026-08-29,22,grocery,same_day,True,True,True,both_match,306,0,7,False,False,"['shipping_confirmation', 'delivery_proof', 'tracking_url']",merchant_won
DSP-000194,4837,No Cardholder Authorization,Mastercard,1150.03,INR,2026-08-29,43,fashion,pickup,False,False,False,both_match,4,1,2,False,True,"['3ds_authentication', 'avs_cvv', 'ip_match']",merchant_lost
DSP-002370,13.6,Credit Not Processed,Visa,1815.55,INR,2026-08-29,1,automotive,pickup,True,True,True,both_match,187,0,10,True,False,"['refund_receipt', 'refund_arn', 'policy_terms']",merchant_won
DSP-003474,4837,No Cardholder Authorization,Mastercard,1668.22,INR,2026-08-29,54,grocery,standard,True,True,False,avs_only,28,1,3,False,False,"['3ds_authentication', 'avs_cvv', 'ip_match']",merchant_won
DSP-003410,10.5,Fraud - Counterfeit,Visa,1218.22,INR,2026-08-29,20,electronics,same_day,True,False,True,cvv_only,148,0,1,True,False,"['emv_chip_data', 'pin_verification']",merchant_won
DSP-002080,4855,Goods or Services Not Provided,Mastercard,427.32,INR,2026-08-29,1,electronics,same_day,True,True,True,both_match,155,0,11,True,True,"['shipping_confirmation', 'delivery_proof', 'signed_receipt']",merchant_won
DSP-002883,10.4,Fraud - Card Absent,Visa,2069.91,INR,2026-08-29,54,books,express,False,False,False,both_match,62,0,2,False,True,"['avs_cvv', 'ip_match', 'delivery_proof', 'device_fingerprint']",merchant_won
DSP-000449,13.3,Not as Described,Visa,1326.97,INR,2026-08-29,7,home,pickup,True,True,True,both_match,26,0,7,True,True,"['product_description', 'customer_comms', 'return_policy']",merchant_won
DSP-004992,13.6,Credit Not Processed,Visa,7750.11,INR,2026-08-29,5,fashion,express,True,False,True,both_match,1668,0,5,True,False,"['refund_receipt', 'refund_arn', 'policy_terms']",merchant_won
DSP-001465,10.4,Fraud - Card Absent,Visa,11873.57,INR,2026-08-29,11,grocery,pickup,True,True,False,neither,28,0,4,False,False,"['avs_cvv', 'ip_match', 'delivery_proof', 'device_fingerprint']",merchant_lost
DSP-002541,4837,No Cardholder Authorization,Mastercard,2348.2,INR,2026-08-29,114,automotive,same_day,False,False,False,neither,23,0,3,False,False,"['3ds_authentication', 'avs_cvv', 'ip_match']",merchant_lost
DSP-001045,4863,Cardholder Does Not Recognize,Mastercard,6825.1,INR,2026-08-29,7,fashion,pickup,True,False,True,neither,53,0,2,False,False,"['billing_descriptor', 'customer_comms', 'ip_match']",merchant_lost
DSP-000192,4853,Cardholder Dispute - Defective,Mastercard,460.96,INR,2026-08-29,24,health,same_day,True,True,True,both_match,142,0,6,True,True,"['product_description', 'quality_cert', 'customer_comms']",merchant_won
DSP-004702,4837,No Cardholder Authorization,Mastercard,1495.7,INR,2026-08-29,98,sports,express,True,True,False,neither,119,1,1,False,False,"['3ds_authentication', 'avs_cvv', 'ip_match']",merchant_lost
DSP-004192,4853,Cardholder Dispute - Defective,Mastercard,246.0,INR,2026-08-29,15,toys,pickup,False,False,True,cvv_only,839,0,5,True,True,"['product_description', 'quality_cert', 'customer_comms']",merchant_won
DSP-004946,4863,Cardholder Does Not Recognize,Mastercard,4621.49,INR,2026-08-29,19,fashion,express,False,False,False,neither,29,1,2,False,False,"['billing_descriptor', 'customer_comms', 'ip_match']",merchant_won
DSP-001092,4853,Cardholder Dispute - Defective,Mastercard,916.25,INR,2026-08-29,3,grocery,express,False,False,True,cvv_only,119,1,6,True,True,"['product_description', 'quality_cert', 'customer_comms']",merchant_lost
DSP-003316,4853,Cardholder Dispute - Defective,Mastercard,164.65,INR,2026-08-29,0,automotive,express,True,True,True,avs_only,392,0,6,True,True,"['product_description', 'quality_cert', 'customer_comms']",merchant_won
DSP-003637,4853,Cardholder Dispute - Defective,Mastercard,580.0,INR,2026-08-29,16,health,same_day,True,True,True,both_match,217,0,5,True,False,"['product_description', 'quality_cert', 'customer_comms']",merchant_won
DSP-001879,4853,Cardholder Dispute - Defective,Mastercard,510.48,INR,2026-08-29,6,home,pickup,True,True,True,both_match,1035,0,5,True,True,"['product_description', 'quality_cert', 'customer_comms']",merchant_won
DSP-002002,13.1,Merchandise Not Received,Visa,2234.18,INR,2026-08-29,10,health,standard,True,False,True,both_match,98,0,4,False,True,"['shipping_confirmation', 'delivery_proof', 'tracking_url']",merchant_lost
DSP-001862,4837,No Cardholder Authorization,Mastercard,9692.67,INR,2026-08-29,53,books,same_day,False,False,False,avs_only,211,3,3,False,True,"['3ds_authentication', 'avs_cvv', 'ip_match']",merchant_won
DSP-003596,13.3,Not as Described,Visa,3293.02,INR,2026-08-29,8,books,express,True,True,True,both_match,162,0,7,False,True,"['product_description', 'customer_comms', 'return_policy']",merchant_won
DSP-003067,10.4,Fraud - Card Absent,Visa,370.64,INR,2026-08-29,1,sports,express,False,False,True,avs_only,177,1,3,False,True,"['avs_cvv', 'ip_match', 'delivery_proof', 'device_fingerprint']",merchant_lost
DSP-003428,13.6,Credit Not Processed,Visa,144.6,INR,2026-08-29,42,toys,express,True,True,True,both_match,1,0,10,False,True,"['refund_receipt', 'refund_arn', 'policy_terms']",merchant_won
DSP-001301,4837,No Cardholder Authorization,Mastercard,200.52,INR,2026-08-29,29,fashion,same_day,False,False,False,neither,54,4,4,False,False,"['3ds_authentication', 'avs_cvv', 'ip_match']",merchant_lost
DSP-004950,4853,Cardholder Dispute - Defective,Mastercard,3864.28,INR,2026-08-29,27,books,standard,True,False,True,avs_only,39,0,5,True,True,"['product_description', 'quality_cert', 'customer_comms']",merchant_won
DSP-003837,4855,Goods or Services Not Provided,Mastercard,12272.71,INR,2026-08-29,14,sports,express,False,False,True,both_match,17,0,10,True,False,"['shipping_confirmation', 'delivery_proof', 'signed_receipt']",merchant_lost
DSP-003448,4853,Cardholder Dispute - Defective,Mastercard,337.75,INR,2026-08-29,18,beauty,same_day,True,True,True,both_match,332,0,1,True,True,"['product_description', 'quality_cert', 'customer_comms']",merchant_won
DSP-001266,10.4,Fraud - Card Absent,Visa,4156.51,INR,2026-08-29,36,home,express,False,False,False,both_match,36,1,4,False,False,"['avs_cvv', 'ip_match', 'delivery_proof', 'device_fingerprint']",merchant_lost
DSP-002290,10.4,Fraud - Card Absent,Visa,1723.01,INR,2026-08-29,4,grocery,standard,False,False,True,neither,8,1,1,False,False,"['avs_cvv', 'ip_match', 'delivery_proof', 'device_fingerprint']",merchant_lost
DSP-000726,4860,Credit Not Processed (MC),Mastercard,543.14,INR,2026-08-29,120,automotive,same_day,True,False,True,neither,1103,0,7,True,True,"['refund_receipt', 'refund_arn', 'policy_terms']",merchant_won
DSP-003623,10.5,Fraud - Counterfeit,Visa,1403.91,INR,2026-08-29,30,beauty,same_day,True,True,False,cvv_only,51,0,1,False,False,"['emv_chip_data', 'pin_verification']",merchant_won
DSP-003135,10.5,Fraud - Counterfeit,Visa,3031.94,INR,2026-08-29,77,books,express,False,False,False,avs_only,61,0,4,True,False,"['emv_chip_data', 'pin_verification']",merchant_lost
DSP-003695,4863,Cardholder Does Not Recognize,Mastercard,764.85,INR,2026-08-29,4,sports,express,False,False,True,neither,223,0,1,False,False,"['billing_descriptor', 'customer_comms', 'ip_match']",merchant_lost
DSP-003577,4855,Goods or Services Not Provided,Mastercard,1424.59,INR,2026-08-29,1,fashion,express,True,True,True,avs_only,123,0,8,True,True,"['shipping_confirmation', 'delivery_proof', 'signed_receipt']",merchant_won
DSP-003285,10.4,Fraud - Card Absent,Visa,954.7,INR,2026-08-29,9,sports,same_day,False,False,False,avs_only,63,1,1,False,False,"['avs_cvv', 'ip_match', 'delivery_proof', 'device_fingerprint']",merchant_lost
DSP-001549,4837,No Cardholder Authorization,Mastercard,7105.47,INR,2026-08-29,19,health,same_day,True,True,False,avs_only,2,1,0,False,False,"['3ds_authentication', 'avs_cvv', 'ip_match']",merchant_lost
DSP-003956,4837,No Cardholder Authorization,Mastercard,538.88,INR,2026-08-29,57,grocery,standard,False,False,False,cvv_only,57,2,3,False,False,"['3ds_authentication', 'avs_cvv', 'ip_match']",merchant_lost
DSP-000033,10.4,Fraud - Card Absent,Visa,5392.03,INR,2026-08-29,4,toys,standard,False,False,False,both_match,363,0,0,True,False,"['avs_cvv', 'ip_match', 'delivery_proof', 'device_fingerprint']",merchant_lost
DSP-000571,10.5,Fraud - Counterfeit,Visa,1700.23,INR,2026-08-29,22,sports,same_day,False,False,True,avs_only,118,0,1,True,False,"['emv_chip_data', 'pin_verification']",merchant_lost
DSP-002829,4837,No Cardholder Authorization,Mastercard,570.6,INR,2026-08-29,14,books,same_day,True,True,False,avs_only,196,0,1,False,False,"['3ds_authentication', 'avs_cvv', 'ip_match']",merchant_lost
DSP-004160,13.6,Credit Not Processed,Visa,265.58,INR,2026-08-29,7,fashion,same_day,True,False,True,both_match,205,0,4,False,False,"['refund_receipt', 'refund_arn', 'policy_terms']",merchant_won
DSP-000655,13.3,Not as Described,Visa,480.83,INR,2026-08-29,59,home,standard,True,True,True,neither,70,0,9,True,True,"['product_description', 'customer_comms', 'return_policy']",merchant_won
DSP-003093,4860,Credit Not Processed (MC),Mastercard,550.45,INR,2026-08-29,15,beauty,standard,True,True,True,both_match,201,0,9,True,True,"['refund_receipt', 'refund_arn', 'policy_terms']",merchant_won
DSP-004634,4853,Cardholder Dispute - Defective,Mastercard,1459.37,INR,2026-08-29,20,automotive,express,False,False,True,both_match,228,0,6,True,False,"['product_description', 'quality_cert', 'customer_comms']",merchant_won
DSP-003368,13.1,Merchandise Not Received,Visa,1336.09,INR,2026-08-29,15,fashion,standard,True,True,True,both_match,38,0,5,True,True,"['shipping_confirmation', 'delivery_proof', 'tracking_url']",merchant_won
DSP-002681,4860,Credit Not Processed (MC),Mastercard,6479.67,INR,2026-08-29,2,beauty,standard,True,True,True,cvv_only,151,0,5,True,True,"['refund_receipt', 'refund_arn', 'policy_terms']",merchant_won
DSP-002941,4837,No Cardholder Authorization,Mastercard,4273.32,INR,2026-08-29,3,grocery,pickup,True,True,False,avs_only,11,0,0,False,True,"['3ds_authentication', 'avs_cvv', 'ip_match']",merchant_lost
DSP-003258,4837,No Cardholder Authorization,Mastercard,1639.78,INR,2026-08-29,49,grocery,standard,False,False,False,avs_only,75,0,2,False,False,"['3ds_authentication', 'avs_cvv', 'ip_match']",merchant_lost
DSP-000968,4863,Cardholder Does Not Recognize,Mastercard,5054.32,INR,2026-08-29,29,toys,express,True,True,False,neither,68,1,1,True,False,"['billing_descriptor', 'customer_comms', 'ip_match']",merchant_won
DSP-002665,13.1,Merchandise Not Received,Visa,4302.71,INR,2026-08-29,15,home,same_day,False,False,True,avs_only,73,0,8,True,False,"['shipping_confirmation', 'delivery_proof', 'tracking_url']",merchant_won
DSP-000303,4837,No Cardholder Authorization,Mastercard,592.07,INR,2026-08-29,5,home,express,True,True,False,neither,100,0,0,False,False,"['3ds_authentication', 'avs_cvv', 'ip_match']",merchant_lost
DSP-003748,4855,Goods or Services Not Provided,Mastercard,11151.68,INR,2026-08-29,5,home,express,True,True,True,both_match,262,0,8,True,True,"['shipping_confirmation', 'delivery_proof', 'signed_receipt']",merchant_won
DSP-003693,13.3,Not as Described,Visa,389.74,INR,2026-08-29,2,electronics,pickup,False,False,True,both_match,86,0,7,True,True,"['product_description', 'customer_comms', 'return_policy']",merchant_lost
DSP-004256,13.1,Merchandise Not Received,Visa,2524.7,INR,2026-08-29,22,sports,standard,True,False,False,neither,269,0,9,True,True,"['shipping_confirmation', 'delivery_proof', 'tracking_url']",merchant_lost
DSP-003409,10.5,Fraud - Counterfeit,Visa,7526.62,INR,2026-08-29,42,home,pickup,True,True,True,neither,54,0,3,True,False,"['emv_chip_data', 'pin_verification']",merchant_won
DSP-003176,10.5,Fraud - Counterfeit,Visa,1660.43,INR,2026-08-29,0,books,standard,True,False,False,cvv_only,20,0,1,False,True,"['emv_chip_data', 'pin_verification']",merchant_lost
DSP-003705,10.5,Fraud - Counterfeit,Visa,3362.73,INR,2026-08-29,20,automotive,same_day,False,False,False,both_match,101,0,3,True,False,"['emv_chip_data', 'pin_verification']",merchant_won
DSP-001730,4863,Cardholder Does Not Recognize,Mastercard,2443.57,INR,2026-08-29,2,home,same_day,False,False,True,both_match,205,0,3,False,False,"['billing_descriptor', 'customer_comms', 'ip_match']",merchant_won
DSP-000784,4855,Goods or Services Not Provided,Mastercard,240.61,INR,2026-08-29,8,fashion,express,True,True,True,both_match,63,0,5,False,True,"['shipping_confirmation', 'delivery_proof', 'signed_receipt']",merchant_won
DSP-004496,13.1,Merchandise Not Received,Visa,5218.27,INR,2026-08-29,5,books,express,True,True,True,cvv_only,52,0,8,False,True,"['shipping_confirmation', 'delivery_proof', 'tracking_url']",merchant_won
DSP-004408,10.4,Fraud - Card Absent,Visa,14297.51,INR,2026-08-29,8,home,standard,True,True,False,neither,84,1,0,False,True,"['avs_cvv', 'ip_match', 'delivery_proof', 'device_fingerprint']",merchant_won
DSP-000487,4863,Cardholder Does Not Recognize,Mastercard,565.18,INR,2026-08-29,42,grocery,same_day,True,True,False,avs_only,23,2,4,False,False,"['billing_descriptor', 'customer_comms', 'ip_match']",merchant_won
DSP-002236,4853,Cardholder Dispute - Defective,Mastercard,2971.16,INR,2026-08-29,7,beauty,pickup,True,True,True,both_match,88,0,13,False,True,"['product_description', 'quality_cert', 'customer_comms']",merchant_won
DSP-001304,4860,Credit Not Processed (MC),Mastercard,272.43,INR,2026-08-29,20,electronics,pickup,False,False,True,both_match,80,0,7,True,True,"['refund_receipt', 'refund_arn', 'policy_terms']",merchant_won
DSP-000020,4855,Goods or Services Not Provided,Mastercard,648.56,INR,2026-08-29,44,automotive,same_day,True,True,True,both_match,21,0,5,True,True,"['shipping_confirmation', 'delivery_proof', 'signed_receipt']",merchant_won
DSP-004072,4863,Cardholder Does Not Recognize,Mastercard,2945.24,INR,2026-08-29,9,fashion,standard,False,False,False,neither,32,0,2,False,False,"['billing_descriptor', 'customer_comms', 'ip_match']",merchant_lost
DSP-001551,13.3,Not as Described,Visa,3462.57,INR,2026-08-29,11,books,express,True,True,True,neither,7,0,2,True,True,"['product_description', 'customer_comms', 'return_policy']",merchant_won
DSP-001389,13.1,Merchandise Not Received,Visa,3063.37,INR,2026-08-29,16,home,express,True,True,True,both_match,113,0,4,True,True,"['shipping_confirmation', 'delivery_proof', 'tracking_url']",merchant_lost
DSP-000084,4853,Cardholder Dispute - Defective,Mastercard,1053.9,INR,2026-08-29,22,home,express,True,False,True,both_match,130,0,9,True,True,"['product_description', 'quality_cert', 'customer_comms']",merchant_won
DSP-004973,4860,Credit Not Processed (MC),Mastercard,15215.8,INR,2026-08-29,1,health,express,True,True,True,both_match,247,0,8,True,False,"['refund_receipt', 'refund_arn', 'policy_terms']",merchant_won
DSP-001544,4855,Goods or Services Not Provided,Mastercard,176.02,INR,2026-08-29,2,health,standard,True,True,True,both_match,338,0,7,False,True,"['shipping_confirmation', 'delivery_proof', 'signed_receipt']",merchant_won
DSP-002003,4837,No Cardholder Authorization,Mastercard,7344.43,INR,2026-08-29,2,sports,standard,True,False,False,avs_only,12,2,5,True,False,"['3ds_authentication', 'avs_cvv', 'ip_match']",merchant_lost
DSP-001640,13.1,Merchandise Not Received,Visa,6316.37,INR,2026-08-29,7,books,same_day,True,True,True,avs_only,116,0,6,True,False,"['shipping_confirmation', 'delivery_proof', 'tracking_url']",merchant_won
DSP-003207,10.4,Fraud - Card Absent,Visa,4475.8,INR,2026-08-29,9,beauty,same_day,False,False,True,both_match,54,0,4,False,False,"['avs_cvv', 'ip_match', 'delivery_proof', 'device_fingerprint']",merchant_won
DSP-003481,13.1,Merchandise Not Received,Visa,7988.85,INR,2026-08-29,15,sports,express,True,True,True,both_match,161,0,9,True,False,"['shipping_confirmation', 'delivery_proof', 'tracking_url']",merchant_won
DSP-001592,10.4,Fraud - Card Absent,Visa,742.65,INR,2026-08-29,10,automotive,pickup,True,True,True,avs_only,25,1,4,False,True,"['avs_cvv', 'ip_match', 'delivery_proof', 'device_fingerprint']",merchant_lost
DSP-003252,4855,Goods or Services Not Provided,Mastercard,205.6,INR,2026-08-29,5,fashion,pickup,True,True,True,both_match,52,0,2,True,True,"['shipping_confirmation', 'delivery_proof', 'signed_receipt']",merchant_won
DSP-003422,13.3,Not as Described,Visa,1001.83,INR,2026-08-29,24,sports,pickup,True,False,True,avs_only,45,0,4,True,True,"['product_description', 'customer_comms', 'return_policy']",merchant_lost
DSP-000493,13.1,Merchandise Not Received,Visa,996.94,INR,2026-08-29,0,health,pickup,True,True,False,both_match,230,0,9,True,True,"['shipping_confirmation', 'delivery_proof', 'tracking_url']",merchant_won
DSP-000657,4855,Goods or Services Not Provided,Mastercard,1258.47,INR,2026-08-29,90,health,standard,True,False,True,both_match,107,0,5,False,False,"['shipping_confirmation', 'delivery_proof', 'signed_receipt']",merchant_lost
DSP-004243,4855,Goods or Services Not Provided,Mastercard,1849.55,INR,2026-08-29,0,sports,express,True,True,True,both_match,33,0,6,False,True,"['shipping_confirmation', 'delivery_proof', 'signed_receipt']",merchant_lost
DSP-003632,13.1,Merchandise Not Received,Visa,983.53,INR,2026-08-29,11,automotive,express,True,True,True,both_match,431,0,7,True,True,"['shipping_confirmation', 'delivery_proof', 'tracking_url']",merchant_won
DSP-000768,10.4,Fraud - Card Absent,Visa,1103.43,INR,2026-08-29,27,fashion,standard,False,False,False,neither,249,0,4,False,True,"['avs_cvv', 'ip_match', 'delivery_proof', 'device_fingerprint']",merchant_won
DSP-002381,13.1,Merchandise Not Received,Visa,129.39,INR,2026-08-29,0,beauty,same_day,True,True,False,both_match,23,0,1,True,True,"['shipping_confirmation', 'delivery_proof', 'tracking_url']",merchant_won
DSP-002312,4837,No Cardholder Authorization,Mastercard,3363.38,INR,2026-08-29,12,grocery,standard,False,False,False,both_match,42,1,1,True,False,"['3ds_authentication', 'avs_cvv', 'ip_match']",merchant_lost
DSP-001538,4863,Cardholder Does Not Recognize,Mastercard,1091.79,INR,2026-08-29,12,books,standard,False,False,False,neither,14,0,5,False,False,"['billing_descriptor', 'customer_comms', 'ip_match']",merchant_won
DSP-003098,4860,Credit Not Processed (MC),Mastercard,273.84,INR,2026-08-29,28,health,same_day,True,True,True,cvv_only,290,0,10,True,True,"['refund_receipt', 'refund_arn', 'policy_terms']",merchant_won
DSP-004789,10.4,Fraud - Card Absent,Visa,1017.66,INR,2026-08-29,44,home,same_day,True,True,False,both_match,143,0,2,True,False,"['avs_cvv', 'ip_match', 'delivery_proof', 'device_fingerprint']",merchant_won
DSP-004784,13.1,Merchandise Not Received,Visa,249.23,INR,2026-08-29,12,toys,express,True,True,True,both_match,92,0,9,False,False,"['shipping_confirmation', 'delivery_proof', 'tracking_url']",merchant_won
DSP-002892,4855,Goods or Services Not Provided,Mastercard,182.34,INR,2026-08-29,15,beauty,pickup,True,True,True,both_match,96,0,8,True,False,"['shipping_confirmation', 'delivery_proof', 'signed_receipt']",merchant_lost
DSP-002481,4853,Cardholder Dispute - Defective,Mastercard,8149.69,INR,2026-08-29,13,home,standard,True,True,True,both_match,38,0,7,True,True,"['product_description', 'quality_cert', 'customer_comms']",merchant_won
DSP-004290,13.1,Merchandise Not Received,Visa,363.38,INR,2026-08-29,14,books,standard,True,False,True,both_match,299,0,6,True,False,"['shipping_confirmation', 'delivery_proof', 'tracking_url']",merchant_won
DSP-002251,4860,Credit Not Processed (MC),Mastercard,451.37,INR,2026-08-29,11,toys,pickup,False,False,True,both_match,100,0,2,True,True,"['refund_receipt', 'refund_arn', 'policy_terms']",merchant_lost
DSP-004747,13.3,Not as Described,Visa,594.82,INR,2026-08-29,0,fashion,express,True,True,True,cvv_only,187,0,4,True,True,"['product_description', 'customer_comms', 'return_policy']",merchant_lost
DSP-004381,10.4,Fraud - Card Absent,Visa,6062.2,INR,2026-08-29,4,home,pickup,False,False,False,neither,241,2,2,False,False,"['avs_cvv', 'ip_match', 'delivery_proof', 'device_fingerprint']",merchant_lost
DSP-002197,13.1,Merchandise Not Received,Visa,417.19,INR,2026-08-29,7,grocery,pickup,True,False,True,neither,136,0,0,False,False,"['shipping_confirmation', 'delivery_proof', 'tracking_url']",merchant_lost
DSP-004406,4853,Cardholder Dispute - Defective,Mastercard,235.37,INR,2026-08-29,18,sports,pickup,True,True,True,both_match,712,0,9,True,True,"['product_description', 'quality_cert', 'customer_comms']",merchant_lost
DSP-001206,13.3,Not as Described,Visa,1961.09,INR,2026-08-29,2,sports,same_day,True,True,True,both_match,84,0,5,True,True,"['product_description', 'customer_comms', 'return_policy']",merchant_won
DSP-004188,10.4,Fraud - Card Absent,Visa,701.91,INR,2026-08-29,8,health,same_day,False,False,True,neither,102,2,3,False,False,"['avs_cvv', 'ip_match', 'delivery_proof', 'device_fingerprint']",merchant_lost
DSP-001605,4860,Credit Not Processed (MC),Mastercard,1959.53,INR,2026-08-29,0,grocery,express,True,True,True,both_match,171,0,7,True,True,"['refund_receipt', 'refund_arn', 'policy_terms']",merchant_won
DSP-002725,4853,Cardholder Dispute - Defective,Mastercard,980.71,INR,2026-08-29,0,sports,standard,True,True,True,both_match,82,0,2,True,False,"['product_description', 'quality_cert', 'customer_comms']",merchant_won
DSP-002175,13.3,Not as Described,Visa,1044.3,INR,2026-08-29,14,electronics,standard,True,True,True,cvv_only,210,0,7,False,True,"['product_description', 'customer_comms', 'return_policy']",merchant_won
DSP-000661,10.5,Fraud - Counterfeit,Visa,1516.32,INR,2026-08-29,24,automotive,express,True,True,False,avs_only,6,2,5,False,False,"['emv_chip_data', 'pin_verification']",merchant_won
DSP-000986,4853,Cardholder Dispute - Defective,Mastercard,58.09,INR,2026-08-29,27,sports,express,True,False,False,both_match,30,0,7,False,True,"['product_description', 'quality_cert', 'customer_comms']",merchant_lost
DSP-002604,4837,No Cardholder Authorization,Mastercard,6873.56,INR,2026-08-29,84,books,pickup,True,True,True,neither,206,2,2,False,True,"['3ds_authentication', 'avs_cvv', 'ip_match']",merchant_won
DSP-002527,4837,No Cardholder Authorization,Mastercard,5820.35,INR,2026-08-29,64,automotive,express,False,False,False,both_match,21,1,0,False,False,"['3ds_authentication', 'avs_cvv', 'ip_match']",merchant_lost
DSP-001935,4837,No Cardholder Authorization,Mastercard,642.76,INR,2026-08-29,26,grocery,same_day,False,False,False,avs_only,56,1,2,False,False,"['3ds_authentication', 'avs_cvv', 'ip_match']",merchant_lost
DSP-002396,10.5,Fraud - Counterfeit,Visa,490.95,INR,2026-08-29,37,health,same_day,False,False,False,both_match,46,1,0,False,True,"['emv_chip_data', 'pin_verification']",merchant_won
DSP-000783,4853,Cardholder Dispute - Defective,Mastercard,426.02,INR,2026-08-29,11,home,standard,True,True,True,avs_only,26,0,5,False,True,"['product_description', 'quality_cert', 'customer_comms']",merchant_won
DSP-002371,10.4,Fraud - Card Absent,Visa,1279.37,INR,2026-08-29,15,sports,express,True,False,False,neither,153,1,3,False,False,"['avs_cvv', 'ip_match', 'delivery_proof', 'device_fingerprint']",merchant_lost
DSP-000750,13.1,Merchandise Not Received,Visa,492.36,INR,2026-08-29,8,toys,same_day,True,True,True,both_match,614,0,10,True,False,"['shipping_confirmation', 'delivery_proof', 'tracking_url']",merchant_won
DSP-000684,4853,Cardholder Dispute - Defective,Mastercard,1554.04,INR,2026-08-29,8,grocery,express,True,True,True,both_match,247,0,8,True,True,"['product_description', 'quality_cert', 'customer_comms']",merchant_won
DSP-004629,4863,Cardholder Does Not Recognize,Mastercard,885.89,INR,2026-08-29,72,books,same_day,True,True,False,both_match,226,1,3,False,True,"['billing_descriptor', 'customer_comms', 'ip_match']",merchant_won
DSP-001472,4837,No Cardholder Authorization,Mastercard,2589.01,INR,2026-08-29,84,automotive,express,False,False,True,neither,122,0,5,False,True,"['3ds_authentication', 'avs_cvv', 'ip_match']",merchant_lost
DSP-000459,4855,Goods or Services Not Provided,Mastercard,716.46,INR,2026-08-29,11,health,pickup,True,False,True,both_match,221,0,6,False,True,"['shipping_confirmation', 'delivery_proof', 'signed_receipt']",merchant_lost
DSP-001391,10.4,Fraud - Card Absent,Visa,944.86,INR,2026-08-29,3,electronics,express,True,True,False,both_match,53,2,1,False,False,"['avs_cvv', 'ip_match', 'delivery_proof', 'device_fingerprint']",merchant_won
DSP-004748,10.4,Fraud - Card Absent,Visa,12739.14,INR,2026-08-29,4,automotive,same_day,False,False,False,both_match,115,0,3,True,False,"['avs_cvv', 'ip_match', 'delivery_proof', 'device_fingerprint']",merchant_lost
DSP-004861,4837,No Cardholder Authorization,Mastercard,918.7,INR,2026-08-29,14,beauty,standard,True,False,True,avs_only,15,0,1,False,False,"['3ds_authentication', 'avs_cvv', 'ip_match']",merchant_won
DSP-001467,13.1,Merchandise Not Received,Visa,305.84,INR,2026-08-29,8,sports,express,True,True,True,both_match,65,0,4,True,True,"['shipping_confirmation', 'delivery_proof', 'tracking_url']",merchant_won
DSP-004107,10.4,Fraud - Card Absent,Visa,26834.02,INR,2026-08-29,9,books,pickup,True,True,False,neither,45,0,2,False,False,"['avs_cvv', 'ip_match', 'delivery_proof', 'device_fingerprint']",merchant_won
DSP-002045,4853,Cardholder Dispute - Defective,Mastercard,1310.84,INR,2026-08-29,4,automotive,same_day,True,True,True,both_match,416,0,5,True,False,"['product_description', 'quality_cert', 'customer_comms']",merchant_won
DSP-000505,4863,Cardholder Does Not Recognize,Mastercard,8493.39,INR,2026-08-29,0,beauty,express,True,False,False,neither,32,1,2,True,False,"['billing_descriptor', 'customer_comms', 'ip_match']",merchant_lost
DSP-004133,4855,Goods or Services Not Provided,Mastercard,704.35,INR,2026-08-29,11,sports,same_day,True,True,True,both_match,66,0,4,False,True,"['shipping_confirmation', 'delivery_proof', 'signed_receipt']",merchant_won
DSP-002299,4855,Goods or Services Not Provided,Mastercard,472.12,INR,2026-08-29,27,fashion,same_day,True,False,True,both_match,86,0,8,False,True,"['shipping_confirmation', 'delivery_proof', 'signed_receipt']",merchant_won
DSP-004600,4837,No Cardholder Authorization,Mastercard,3083.4,INR,2026-08-29,40,fashion,express,False,False,True,neither,12,0,3,False,True,"['3ds_authentication', 'avs_cvv', 'ip_match']",merchant_lost
DSP-000042,13.1,Merchandise Not Received,Visa,2357.43,INR,2026-08-29,6,electronics,same_day,True,True,False,both_match,199,1,4,False,False,"['shipping_confirmation', 'delivery_proof', 'tracking_url']",merchant_lost
DSP-004533,4853,Cardholder Dispute - Defective,Mastercard,688.24,INR,2026-08-29,11,electronics,express,True,True,True,both_match,172,0,8,False,False,"['product_description', 'quality_cert', 'customer_comms']",merchant_lost
DSP-002377,4863,Cardholder Does Not Recognize,Mastercard,168.09,INR,2026-08-29,11,sports,same_day,False,False,True,neither,123,1,0,False,False,"['billing_descriptor', 'customer_comms', 'ip_match']",merchant_lost
DSP-001908,4853,Cardholder Dispute - Defective,Mastercard,597.66,INR,2026-08-29,45,fashion,same_day,True,False,True,both_match,1319,0,6,False,False,"['product_description', 'quality_cert', 'customer_comms']",merchant_won
DSP-001420,4837,No Cardholder Authorization,Mastercard,2219.28,INR,2026-08-29,7,home,pickup,False,False,False,neither,47,1,2,False,True,"['3ds_authentication', 'avs_cvv', 'ip_match']",merchant_lost
DSP-003827,4855,Goods or Services Not Provided,Mastercard,1394.32,INR,2026-08-29,1,electronics,pickup,True,True,True,avs_only,143,0,8,True,True,"['shipping_confirmation', 'delivery_proof', 'signed_receipt']",merchant_won
DSP-000900,4837,No Cardholder Authorization,Mastercard,38.87,INR,2026-08-29,2,sports,same_day,False,False,True,both_match,69,0,1,False,False,"['3ds_authentication', 'avs_cvv', 'ip_match']",merchant_won
DSP-000517,4863,Cardholder Does Not Recognize,Mastercard,1158.33,INR,2026-08-29,28,grocery,express,False,False,True,neither,555,0,3,True,False,"['billing_descriptor', 'customer_comms', 'ip_match']",merchant_lost
DSP-003677,4860,Credit Not Processed (MC),Mastercard,775.67,INR,2026-08-29,1,sports,pickup,True,True,True,both_match,326,0,6,False,True,"['refund_receipt', 'refund_arn', 'policy_terms']",merchant_won
DSP-003257,4855,Goods or Services Not Provided,Mastercard,1018.76,INR,2026-08-29,3,books,standard,True,True,True,both_match,108,0,7,False,False,"['shipping_confirmation', 'delivery_proof', 'signed_receipt']",merchant_won
DSP-004069,4855,Goods or Services Not Provided,Mastercard,1491.19,INR,2026-08-29,36,grocery,same_day,True,True,True,both_match,53,0,8,True,False,"['shipping_confirmation', 'delivery_proof', 'signed_receipt']",merchant_won
DSP-004382,4863,Cardholder Does Not Recognize,Mastercard,372.12,INR,2026-08-29,15,sports,standard,True,False,True,neither,83,0,1,False,True,"['billing_descriptor', 'customer_comms', 'ip_match']",merchant_won
DSP-001537,4860,Credit Not Processed (MC),Mastercard,1034.42,INR,2026-08-29,7,sports,same_day,True,True,True,both_match,394,0,5,False,False,"['refund_receipt', 'refund_arn', 'policy_terms']",merchant_won
DSP-004832,10.4,Fraud - Card Absent,Visa,10991.58,INR,2026-08-29,2,health,pickup,False,False,False,neither,116,0,4,False,True,"['avs_cvv', 'ip_match', 'delivery_proof', 'device_fingerprint']",merchant_won
DSP-001213,13.3,Not as Described,Visa,697.14,INR,2026-08-29,19,toys,express,True,True,True,both_match,165,0,10,True,True,"['product_description', 'customer_comms', 'return_policy']",merchant_lost
DSP-002865,4860,Credit Not Processed (MC),Mastercard,2492.65,INR,2026-08-29,21,grocery,same_day,True,True,True,both_match,44,0,8,False,True,"['refund_receipt', 'refund_arn', 'policy_terms']",merchant_won
DSP-001503,10.4,Fraud - Card Absent,Visa,6568.86,INR,2026-08-29,2,beauty,same_day,False,False,True,neither,100,1,1,False,False,"['avs_cvv', 'ip_match', 'delivery_proof', 'device_fingerprint']",merchant_lost
DSP-003001,4853,Cardholder Dispute - Defective,Mastercard,924.9,INR,2026-08-29,27,fashion,pickup,True,True,True,both_match,62,0,5,False,True,"['product_description', 'quality_cert', 'customer_comms']",merchant_won
DSP-004502,10.4,Fraud - Card Absent,Visa,2056.86,INR,2026-08-29,107,fashion,same_day,False,False,False,neither,168,1,4,True,False,"['avs_cvv', 'ip_match', 'delivery_proof', 'device_fingerprint']",merchant_lost
DSP-000026,10.4,Fraud - Card Absent,Visa,2726.98,INR,2026-08-29,34,home,express,True,True,True,neither,189,0,1,False,False,"['avs_cvv', 'ip_match', 'delivery_proof', 'device_fingerprint']",merchant_won
DSP-000962,4855,Goods or Services Not Provided,Mastercard,1901.28,INR,2026-08-29,0,books,standard,True,False,True,both_match,88,0,4,False,False,"['shipping_confirmation', 'delivery_proof', 'signed_receipt']",merchant_won
DSP-001405,13.6,Credit Not Processed,Visa,2190.61,INR,2026-08-29,0,automotive,same_day,True,True,True,both_match,129,1,7,True,True,"['refund_receipt', 'refund_arn', 'policy_terms']",merchant_won
DSP-001802,4855,Goods or Services Not Provided,Mastercard,1483.22,INR,2026-08-29,2,toys,same_day,True,False,True,both_match,411,0,12,True,False,"['shipping_confirmation', 'delivery_proof', 'signed_receipt']",merchant_lost
DSP-000834,4855,Goods or Services Not Provided,Mastercard,1018.33,INR,2026-08-29,10,grocery,express,True,True,True,both_match,303,0,11,False,True,"['shipping_confirmation', 'delivery_proof', 'signed_receipt']",merchant_won
DSP-004639,10.4,Fraud - Card Absent,Visa,2372.37,INR,2026-08-29,9,home,express,True,True,False,neither,117,1,4,False,False,"['avs_cvv', 'ip_match', 'delivery_proof', 'device_fingerprint']",merchant_won
DSP-000877,4853,Cardholder Dispute - Defective,Mastercard,1924.5,INR,2026-08-29,17,fashion,express,True,True,True,avs_only,295,0,9,False,False,"['product_description', 'quality_cert', 'customer_comms']",merchant_lost
DSP-002497,4855,Goods or Services Not Provided,Mastercard,4224.38,INR,2026-08-29,5,electronics,standard,True,True,False,both_match,241,1,10,True,True,"['shipping_confirmation', 'delivery_proof', 'signed_receipt']",merchant_won
DSP-002925,10.4,Fraud - Card Absent,Visa,697.13,INR,2026-08-29,67,books,standard,False,False,False,avs_only,6,0,1,False,False,"['avs_cvv', 'ip_match', 'delivery_proof', 'device_fingerprint']",merchant_lost
DSP-002477,4860,Credit Not Processed (MC),Mastercard,4033.2,INR,2026-08-29,12,electronics,same_day,True,True,True,both_match,38,0,6,True,True,"['refund_receipt', 'refund_arn', 'policy_terms']",merchant_won
DSP-000443,10.4,Fraud - Card Absent,Visa,2384.61,INR,2026-08-29,12,beauty,express,True,False,True,neither,12,0,0,False,False,"['avs_cvv', 'ip_match', 'delivery_proof', 'device_fingerprint']",merchant_won
DSP-003585,13.6,Credit Not Processed,Visa,1544.29,INR,2026-08-29,4,toys,express,True,True,True,both_match,37,0,6,True,True,"['refund_receipt', 'refund_arn', 'policy_terms']",merchant_won
DSP-004389,13.1,Merchandise Not Received,Visa,16557.45,INR,2026-08-29,36,home,standard,True,True,True,neither,430,0,6,False,True,"['shipping_confirmation', 'delivery_proof', 'tracking_url']",merchant_won
DSP-002018,10.4,Fraud - Card Absent,Visa,1706.7,INR,2026-08-29,7,grocery,same_day,True,True,True,neither,20,0,1,False,False,"['avs_cvv', 'ip_match', 'delivery_proof', 'device_fingerprint']",merchant_lost
DSP-004676,10.5,Fraud - Counterfeit,Visa,479.89,INR,2026-08-29,9,toys,express,False,False,False,neither,130,0,1,False,False,"['emv_chip_data', 'pin_verification']",merchant_won
DSP-000600,4837,No Cardholder Authorization,Mastercard,11510.98,INR,2026-08-29,4,books,standard,True,True,True,cvv_only,80,0,1,False,False,"['3ds_authentication', 'avs_cvv', 'ip_match']",merchant_won
DSP-004722,13.1,Merchandise Not Received,Visa,199.05,INR,2026-08-29,12,sports,same_day,True,True,True,both_match,367,0,5,False,True,"['shipping_confirmation', 'delivery_proof', 'tracking_url']",merchant_won
DSP-001623,4837,No Cardholder Authorization,Mastercard,5871.7,INR,2026-08-29,6,automotive,same_day,False,False,False,neither,24,2,2,True,False,"['3ds_authentication', 'avs_cvv', 'ip_match']",merchant_lost
DSP-001894,4863,Cardholder Does Not Recognize,Mastercard,4414.21,INR,2026-08-29,8,health,standard,False,False,False,cvv_only,211,2,2,True,False,"['billing_descriptor', 'customer_comms', 'ip_match']",merchant_lost
DSP-001799,4855,Goods or Services Not Provided,Mastercard,637.17,INR,2026-08-29,14,sports,express,True,False,True,both_match,149,0,0,False,False,"['shipping_confirmation', 'delivery_proof', 'signed_receipt']",merchant_won
DSP-000139,4863,Cardholder Does Not Recognize,Mastercard,1864.06,INR,2026-08-29,29,health,standard,True,True,False,avs_only,295,0,4,False,False,"['billing_descriptor', 'customer_comms', 'ip_match']",merchant_won
DSP-000412,13.3,Not as Described,Visa,688.66,INR,2026-08-29,22,grocery,express,True,True,True,avs_only,846,2,6,True,True,"['product_description', 'customer_comms', 'return_policy']",merchant_won
DSP-000350,10.5,Fraud - Counterfeit,Visa,1402.29,INR,2026-08-29,15,books,same_day,True,True,False,neither,24,0,1,False,False,"['emv_chip_data', 'pin_verification']",merchant_won
DSP-003061,4855,Goods or Services Not Provided,Mastercard,1560.39,INR,2026-08-29,2,grocery,express,True,True,True,both_match,97,0,11,True,True,"['shipping_confirmation', 'delivery_proof', 'signed_receipt']",merchant_won
DSP-001017,4863,Cardholder Does Not Recognize,Mastercard,3205.44,INR,2026-08-29,27,grocery,standard,True,True,False,avs_only,59,0,4,True,False,"['billing_descriptor', 'customer_comms', 'ip_match']",merchant_lost
DSP-002051,4863,Cardholder Does Not Recognize,Mastercard,605.99,INR,2026-08-29,8,toys,express,False,False,False,neither,5,1,2,False,False,"['billing_descriptor', 'customer_comms', 'ip_match']",merchant_lost
DSP-001418,4860,Credit Not Processed (MC),Mastercard,344.5,INR,2026-08-29,7,toys,express,True,True,True,avs_only,337,0,3,True,True,"['refund_receipt', 'refund_arn', 'policy_terms']",merchant_won
DSP-004601,13.1,Merchandise Not Received,Visa,925.74,INR,2026-08-29,7,grocery,pickup,True,True,True,avs_only,144,1,7,True,True,"['shipping_confirmation', 'delivery_proof', 'tracking_url']",merchant_won
DSP-004490,13.3,Not as Described,Visa,6047.18,INR,2026-08-29,23,fashion,express,True,True,True,cvv_only,223,0,5,True,True,"['product_description', 'customer_comms', 'return_policy']",merchant_won
DSP-004559,10.5,Fraud - Counterfeit,Visa,8841.98,INR,2026-08-29,29,beauty,pickup,False,False,False,cvv_only,118,0,0,True,False,"['emv_chip_data', 'pin_verification']",merchant_lost
DSP-001579,4863,Cardholder Does Not Recognize,Mastercard,5780.16,INR,2026-08-29,39,home,same_day,True,True,False,neither,95,0,2,False,True,"['billing_descriptor', 'customer_comms', 'ip_match']",merchant_lost
DSP-001634,13.3,Not as Described,Visa,432.18,INR,2026-08-29,0,books,express,False,False,True,both_match,88,0,6,True,True,"['product_description', 'customer_comms', 'return_policy']",merchant_won
DSP-002215,13.1,Merchandise Not Received,Visa,166.34,INR,2026-08-29,1,fashion,same_day,False,False,False,both_match,257,0,3,True,True,"['shipping_confirmation', 'delivery_proof', 'tracking_url']",merchant_won
DSP-004778,4863,Cardholder Does Not Recognize,Mastercard,1339.14,INR,2026-08-29,5,health,express,True,True,False,neither,28,0,3,False,False,"['billing_descriptor', 'customer_comms', 'ip_match']",merchant_lost
DSP-001622,4855,Goods or Services Not Provided,Mastercard,282.83,INR,2026-08-29,6,automotive,pickup,True,True,True,both_match,22,0,7,True,True,"['shipping_confirmation', 'delivery_proof', 'signed_receipt']",merchant_won
DSP-004942,4860,Credit Not Processed (MC),Mastercard,475.51,INR,2026-08-29,54,electronics,same_day,True,False,True,both_match,43,0,6,False,True,"['refund_receipt', 'refund_arn', 'policy_terms']",merchant_won
DSP-002760,13.3,Not as Described,Visa,1162.14,INR,2026-08-29,5,grocery,pickup,True,True,True,both_match,99,0,4,True,True,"['product_description', 'customer_comms', 'return_policy']",merchant_won
DSP-003807,4853,Cardholder Dispute - Defective,Mastercard,1964.9,INR,2026-08-29,11,beauty,standard,True,True,True,both_match,97,0,6,True,True,"['product_description', 'quality_cert', 'customer_comms']",merchant_won
DSP-001065,4853,Cardholder Dispute - Defective,Mastercard,1689.19,INR,2026-08-29,2,grocery,standard,True,True,True,cvv_only,27,0,5,True,True,"['product_description', 'quality_cert', 'customer_comms']",merchant_won
DSP-003851,4853,Cardholder Dispute - Defective,Mastercard,1754.39,INR,2026-08-29,39,toys,same_day,True,False,True,both_match,30,0,6,False,True,"['product_description', 'quality_cert', 'customer_comms']",merchant_lost
DSP-003744,10.4,Fraud - Card Absent,Visa,10428.94,INR,2026-08-29,21,health,pickup,False,False,False,neither,38,1,1,False,False,"['avs_cvv', 'ip_match', 'delivery_proof', 'device_fingerprint']",merchant_lost
DSP-001843,13.1,Merchandise Not Received,Visa,1010.33,INR,2026-08-29,4,toys,express,True,False,True,both_match,15,0,3,False,False,"['shipping_confirmation', 'delivery_proof', 'tracking_url']",merchant_won
DSP-003431,4837,No Cardholder Authorization,Mastercard,27064.69,INR,2026-08-29,2,sports,standard,True,True,False,both_match,197,0,3,False,False,"['3ds_authentication', 'avs_cvv', 'ip_match']",merchant_lost
DSP-000103,10.4,Fraud - Card Absent,Visa,545.02,INR,2026-08-29,47,toys,same_day,False,False,False,neither,297,0,2,True,False,"['avs_cvv', 'ip_match', 'delivery_proof', 'device_fingerprint']",merchant_won
DSP-003689,13.1,Merchandise Not Received,Visa,721.33,INR,2026-08-29,28,electronics,same_day,True,True,True,both_match,100,0,6,True,True,"['shipping_confirmation', 'delivery_proof', 'tracking_url']",merchant_won
DSP-004038,10.4,Fraud - Card Absent,Visa,1797.98,INR,2026-08-29,1,beauty,standard,False,False,False,both_match,424,1,3,True,True,"['avs_cvv', 'ip_match', 'delivery_proof', 'device_fingerprint']",merchant_lost
DSP-001986,4837,No Cardholder Authorization,Mastercard,354.61,INR,2026-08-29,70,toys,pickup,True,True,False,neither,242,0,1,False,False,"['3ds_authentication', 'avs_cvv', 'ip_match']",merchant_won
DSP-003639,10.4,Fraud - Card Absent,Visa,2253.88,INR,2026-08-29,33,health,pickup,False,False,False,neither,181,0,1,True,True,"['avs_cvv', 'ip_match', 'delivery_proof', 'device_fingerprint']",merchant_lost
DSP-002968,13.1,Merchandise Not Received,Visa,76.32,INR,2026-08-29,17,toys,same_day,True,True,True,cvv_only,343,0,8,True,False,"['shipping_confirmation', 'delivery_proof', 'tracking_url']",merchant_won
DSP-004120,10.4,Fraud - Card Absent,Visa,2427.05,INR,2026-08-29,38,sports,same_day,False,False,False,neither,0,0,2,True,False,"['avs_cvv', 'ip_match', 'delivery_proof', 'device_fingerprint']",merchant_lost
DSP-001609,13.6,Credit Not Processed,Visa,665.67,INR,2026-08-29,3,electronics,pickup,True,True,True,both_match,140,0,6,False,True,"['refund_receipt', 'refund_arn', 'policy_terms']",merchant_won
DSP-004561,10.4,Fraud - Card Absent,Visa,587.36,INR,2026-08-29,8,health,same_day,False,False,True,both_match,283,1,1,True,False,"['avs_cvv', 'ip_match', 'delivery_proof', 'device_fingerprint']",merchant_won
DSP-004924,4860,Credit Not Processed (MC),Mastercard,52.03,INR,2026-08-29,23,beauty,standard,False,False,True,both_match,118,0,9,True,True,"['refund_receipt', 'refund_arn', 'policy_terms']",merchant_won
DSP-001541,13.3,Not as Described,Visa,159.09,INR,2026-08-29,3,sports,same_day,False,False,True,both_match,77,0,3,True,True,"['product_description', 'customer_comms', 'return_policy']",merchant_won
DSP-000368,4837,No Cardholder Authorization,Mastercard,332.63,INR,2026-08-29,49,home,express,True,True,False,avs_only,106,0,2,False,False,"['3ds_authentication', 'avs_cvv', 'ip_match']",merchant_lost
DSP-001615,4863,Cardholder Does Not Recognize,Mastercard,256.81,INR,2026-08-29,7,fashion,pickup,True,True,False,neither,130,0,0,False,True,"['billing_descriptor', 'customer_comms', 'ip_match']",merchant_won
DSP-004081,4853,Cardholder Dispute - Defective,Mastercard,340.05,INR,2026-08-29,6,beauty,same_day,True,True,True,both_match,86,0,1,True,True,"['product_description', 'quality_cert', 'customer_comms']",merchant_won
DSP-000063,10.4,Fraud - Card Absent,Visa,456.53,INR,2026-08-29,15,home,pickup,False,False,False,neither,73,2,1,False,False,"['avs_cvv', 'ip_match', 'delivery_proof', 'device_fingerprint']",merchant_lost
DSP-000146,10.4,Fraud - Card Absent,Visa,2744.11,INR,2026-08-29,0,grocery,express,False,False,False,both_match,117,0,3,False,True,"['avs_cvv', 'ip_match', 'delivery_proof', 'device_fingerprint']",merchant_won
DSP-002202,4837,No Cardholder Authorization,Mastercard,8208.45,INR,2026-08-29,15,toys,pickup,False,False,True,both_match,175,0,3,True,False,"['3ds_authentication', 'avs_cvv', 'ip_match']",merchant_lost
DSP-000085,4837,No Cardholder Authorization,Mastercard,1505.73,INR,2026-08-29,52,home,express,True,True,True,avs_only,92,0,1,False,False,"['3ds_authentication', 'avs_cvv', 'ip_match']",merchant_won
DSP-002411,13.1,Merchandise Not Received,Visa,3878.45,INR,2026-08-29,11,electronics,express,True,True,True,cvv_only,347,1,4,False,True,"['shipping_confirmation', 'delivery_proof', 'tracking_url']",merchant_lost
DSP-000546,13.1,Merchandise Not Received,Visa,59.92,INR,2026-08-29,1,grocery,express,True,True,True,cvv_only,18,0,5,True,True,"['shipping_confirmation', 'delivery_proof', 'tracking_url']",merchant_lost
DSP-004454,13.1,Merchandise Not Received,Visa,603.6,INR,2026-08-29,3,automotive,express,True,True,True,both_match,64,0,5,True,True,"['shipping_confirmation', 'delivery_proof', 'tracking_url']",merchant_won
DSP-002561,4837,No Cardholder Authorization,Mastercard,966.33,INR,2026-08-29,53,electronics,standard,True,True,True,both_match,224,0,0,False,False,"['3ds_authentication', 'avs_cvv', 'ip_match']",merchant_won
DSP-003142,4863,Cardholder Does Not Recognize,Mastercard,1236.82,INR,2026-08-29,6,automotive,pickup,False,False,True,neither,36,1,1,False,False,"['billing_descriptor', 'customer_comms', 'ip_match']",merchant_won
DSP-000384,13.3,Not as Described,Visa,2318.94,INR,2026-08-29,8,sports,same_day,True,True,True,both_match,5,1,5,False,True,"['product_description', 'customer_comms', 'return_policy']",merchant_won
DSP-003215,4853,Cardholder Dispute - Defective,Mastercard,2420.97,INR,2026-08-29,6,home,same_day,True,True,True,neither,190,0,7,True,True,"['product_description', 'quality_cert', 'customer_comms']",merchant_won
DSP-000282,4860,Credit Not Processed (MC),Mastercard,1676.7,INR,2026-08-29,2,electronics,same_day,True,True,True,both_match,58,0,8,True,False,"['refund_receipt', 'refund_arn', 'policy_terms']",merchant_won
DSP-000597,13.1,Merchandise Not Received,Visa,2174.62,INR,2026-08-29,29,beauty,same_day,True,True,True,both_match,84,0,4,True,False,"['shipping_confirmation', 'delivery_proof', 'tracking_url']",merchant_won
DSP-001090,4863,Cardholder Does Not Recognize,Mastercard,6598.64,INR,2026-08-29,8,fashion,same_day,True,False,False,both_match,1,0,2,False,False,"['billing_descriptor', 'customer_comms', 'ip_match']",merchant_won
DSP-002273,10.4,Fraud - Card Absent,Visa,2048.27,INR,2026-08-29,4,grocery,pickup,True,True,True,avs_only,51,0,1,True,False,"['avs_cvv', 'ip_match', 'delivery_proof', 'device_fingerprint']",merchant_won
DSP-000395,10.4,Fraud - Card Absent,Visa,241.59,INR,2026-08-29,29,health,standard,True,False,False,cvv_only,76,0,2,False,False,"['avs_cvv', 'ip_match', 'delivery_proof', 'device_fingerprint']",merchant_won
DSP-003025,10.4,Fraud - Card Absent,Visa,2559.11,INR,2026-08-29,18,health,same_day,False,False,False,neither,24,0,3,True,False,"['avs_cvv', 'ip_match', 'delivery_proof', 'device_fingerprint']",merchant_lost
DSP-001595,4855,Goods or Services Not Provided,Mastercard,439.38,INR,2026-08-29,11,books,same_day,True,True,True,both_match,255,0,8,True,True,"['shipping_confirmation', 'delivery_proof', 'signed_receipt']",merchant_won
DSP-000623,10.4,Fraud - Card Absent,Visa,2703.71,INR,2026-08-29,13,electronics,same_day,False,False,False,avs_only,11,1,0,False,False,"['avs_cvv', 'ip_match', 'delivery_proof', 'device_fingerprint']",merchant_lost
DSP-003678,10.4,Fraud - Card Absent,Visa,43148.74,INR,2026-08-29,24,beauty,express,False,False,True,neither,149,0,3,True,False,"['avs_cvv', 'ip_match', 'delivery_proof', 'device_fingerprint']",merchant_won
DSP-003269,4853,Cardholder Dispute - Defective,Mastercard,835.56,INR,2026-08-29,17,sports,standard,True,True,True,avs_only,25,0,5,True,True,"['product_description', 'quality_cert', 'customer_comms']",merchant_won
DSP-001550,13.1,Merchandise Not Received,Visa,572.72,INR,2026-08-29,13,home,standard,True,True,True,both_match,330,0,6,True,True,"['shipping_confirmation', 'delivery_proof', 'tracking_url']",merchant_won
DSP-000314,13.1,Merchandise Not Received,Visa,1768.37,INR,2026-08-29,15,grocery,same_day,False,False,True,both_match,138,0,1,False,True,"['shipping_confirmation', 'delivery_proof', 'tracking_url']",merchant_lost
DSP-004703,13.3,Not as Described,Visa,301.06,INR,2026-08-29,18,home,standard,True,True,True,both_match,47,0,6,True,True,"['product_description', 'customer_comms', 'return_policy']",merchant_won
DSP-003372,4863,Cardholder Does Not Recognize,Mastercard,2518.77,INR,2026-08-29,14,electronics,same_day,False,False,True,avs_only,11,0,2,True,True,"['billing_descriptor', 'customer_comms', 'ip_match']",merchant_lost
DSP-000528,4855,Goods or Services Not Provided,Mastercard,432.86,INR,2026-08-29,12,beauty,same_day,True,True,True,both_match,454,0,6,True,True,"['shipping_confirmation', 'delivery_proof', 'signed_receipt']",merchant_won
DSP-001795,4853,Cardholder Dispute - Defective,Mastercard,367.05,INR,2026-08-29,1,toys,same_day,True,True,True,avs_only,220,0,8,True,True,"['product_description', 'quality_cert', 'customer_comms']",merchant_lost
DSP-004385,4863,Cardholder Does Not Recognize,Mastercard,3307.92,INR,2026-08-29,21,home,standard,True,False,True,both_match,62,0,2,True,False,"['billing_descriptor', 'customer_comms', 'ip_match']",merchant_won
DSP-004689,13.1,Merchandise Not Received,Visa,305.35,INR,2026-08-29,7,home,same_day,True,True,True,both_match,206,0,6,True,False,"['shipping_confirmation', 'delivery_proof', 'tracking_url']",merchant_won
DSP-002304,4837,No Cardholder Authorization,Mastercard,3404.49,INR,2026-08-29,9,books,standard,False,False,True,both_match,40,0,1,False,False,"['3ds_authentication', 'avs_cvv', 'ip_match']",merchant_lost
DSP-000275,13.6,Credit Not Processed,Visa,2119.74,INR,2026-08-29,3,home,pickup,True,True,True,both_match,226,0,5,True,True,"['refund_receipt', 'refund_arn', 'policy_terms']",merchant_won
DSP-003576,13.1,Merchandise Not Received,Visa,1791.93,INR,2026-08-29,1,automotive,same_day,True,True,True,both_match,111,0,6,True,True,"['shipping_confirmation', 'delivery_proof', 'tracking_url']",merchant_won
DSP-003130,13.6,Credit Not Processed,Visa,310.66,INR,2026-08-29,28,grocery,same_day,True,True,True,avs_only,161,0,5,True,True,"['refund_receipt', 'refund_arn', 'policy_terms']",merchant_won
DSP-000998,10.4,Fraud - Card Absent,Visa,12203.26,INR,2026-08-29,1,health,express,True,True,False,neither,25,0,3,True,True,"['avs_cvv', 'ip_match', 'delivery_proof', 'device_fingerprint']",merchant_lost
DSP-001367,4837,No Cardholder Authorization,Mastercard,2367.81,INR,2026-08-29,0,home,same_day,True,False,False,both_match,155,0,4,False,False,"['3ds_authentication', 'avs_cvv', 'ip_match']",merchant_won
DSP-000097,4853,Cardholder Dispute - Defective,Mastercard,107.0,INR,2026-08-29,16,health,express,True,True,True,both_match,393,0,6,True,True,"['product_description', 'quality_cert', 'customer_comms']",merchant_lost
DSP-003541,4860,Credit Not Processed (MC),Mastercard,1017.04,INR,2026-08-29,4,sports,standard,True,True,True,both_match,266,0,7,False,True,"['refund_receipt', 'refund_arn', 'policy_terms']",merchant_won
DSP-001443,4837,No Cardholder Authorization,Mastercard,11107.17,INR,2026-08-29,8,health,standard,True,True,False,both_match,55,1,4,False,False,"['3ds_authentication', 'avs_cvv', 'ip_match']",merchant_lost
DSP-000008,13.1,Merchandise Not Received,Visa,359.55,INR,2026-08-29,6,grocery,pickup,True,True,True,neither,86,0,6,True,True,"['shipping_confirmation', 'delivery_proof', 'tracking_url']",merchant_won
DSP-000352,10.4,Fraud - Card Absent,Visa,871.56,INR,2026-08-29,25,automotive,express,False,False,True,neither,242,0,0,True,True,"['avs_cvv', 'ip_match', 'delivery_proof', 'device_fingerprint']",merchant_lost
DSP-003863,10.4,Fraud - Card Absent,Visa,1215.8,INR,2026-08-29,49,books,express,False,False,False,avs_only,92,0,1,False,False,"['avs_cvv', 'ip_match', 'delivery_proof', 'device_fingerprint']",merchant_lost
DSP-002066,10.4,Fraud - Card Absent,Visa,556.27,INR,2026-08-29,12,health,same_day,True,True,False,neither,29,1,4,False,False,"['avs_cvv', 'ip_match', 'delivery_proof', 'device_fingerprint']",merchant_won
DSP-004100,4853,Cardholder Dispute - Defective,Mastercard,534.82,INR,2026-08-29,3,beauty,standard,True,False,True,both_match,108,0,7,True,True,"['product_description', 'quality_cert', 'customer_comms']",merchant_lost
DSP-004898,10.4,Fraud - Card Absent,Visa,514.61,INR,2026-08-29,13,beauty,standard,True,True,False,neither,2,0,5,False,True,"['avs_cvv', 'ip_match', 'delivery_proof', 'device_fingerprint']",merchant_lost
DSP-001743,4863,Cardholder Does Not Recognize,Mastercard,3021.35,INR,2026-08-29,13,health,standard,True,True,False,avs_only,141,0,1,False,True,"['billing_descriptor', 'customer_comms', 'ip_match']",merchant_won
DSP-002730,4863,Cardholder Does Not Recognize,Mastercard,177.71,INR,2026-08-29,3,health,same_day,False,False,False,neither,88,1,2,False,False,"['billing_descriptor', 'customer_comms', 'ip_match']",merchant_lost
DSP-002384,4837,No Cardholder Authorization,Mastercard,2238.24,INR,2026-08-29,9,home,same_day,True,False,False,avs_only,180,1,0,False,True,"['3ds_authentication', 'avs_cvv', 'ip_match']",merchant_lost
DSP-003159,4863,Cardholder Does Not Recognize,Mastercard,1028.03,INR,2026-08-29,1,toys,standard,False,False,False,neither,72,0,4,False,True,"['billing_descriptor', 'customer_comms', 'ip_match']",merchant_lost
DSP-003286,4863,Cardholder Does Not Recognize,Mastercard,3106.28,INR,2026-08-29,45,toys,same_day,False,False,True,avs_only,87,2,3,False,False,"['billing_descriptor', 'customer_comms', 'ip_match']",merchant_lost
DSP-001723,4863,Cardholder Does Not Recognize,Mastercard,1905.7,INR,2026-08-29,66,electronics,pickup,True,False,False,neither,48,0,3,False,True,"['billing_descriptor', 'customer_comms', 'ip_match']",merchant_won
DSP-003047,10.4,Fraud - Card Absent,Visa,1663.2,INR,2026-08-29,1,beauty,same_day,False,False,True,both_match,19,0,1,False,False,"['avs_cvv', 'ip_match', 'delivery_proof', 'device_fingerprint']",merchant_lost
DSP-003985,10.5,Fraud - Counterfeit,Visa,1030.97,INR,2026-08-29,24,health,express,True,False,False,cvv_only,21,0,2,False,False,"['emv_chip_data', 'pin_verification']",merchant_lost
DSP-003163,10.4,Fraud - Card Absent,Visa,4985.12,INR,2026-08-29,94,fashion,express,False,False,False,avs_only,141,0,6,False,False,"['avs_cvv', 'ip_match', 'delivery_proof', 'device_fingerprint']",merchant_lost
DSP-001649,13.1,Merchandise Not Received,Visa,219.38,INR,2026-08-29,0,home,standard,True,True,True,both_match,25,0,7,False,True,"['shipping_confirmation', 'delivery_proof', 'tracking_url']",merchant_won
DSP-003014,13.1,Merchandise Not Received,Visa,1155.19,INR,2026-08-29,7,toys,express,False,False,True,both_match,283,0,4,True,True,"['shipping_confirmation', 'delivery_proof', 'tracking_url']",merchant_lost
DSP-000304,10.4,Fraud - Card Absent,Visa,3660.76,INR,2026-08-29,17,home,express,False,False,False,avs_only,243,1,3,False,False,"['avs_cvv', 'ip_match', 'delivery_proof', 'device_fingerprint']",merchant_won
DSP-000118,4863,Cardholder Does Not Recognize,Mastercard,6576.18,INR,2026-08-29,17,electronics,standard,True,True,False,avs_only,114,0,3,False,False,"['billing_descriptor', 'customer_comms', 'ip_match']",merchant_lost
DSP-001577,13.6,Credit Not Processed,Visa,164.33,INR,2026-08-29,35,toys,pickup,True,True,True,both_match,312,0,4,False,True,"['refund_receipt', 'refund_arn', 'policy_terms']",merchant_won
DSP-001300,13.1,Merchandise Not Received,Visa,261.3,INR,2026-08-29,26,home,pickup,False,False,True,cvv_only,319,0,5,True,True,"['shipping_confirmation', 'delivery_proof', 'tracking_url']",merchant_won
DSP-001225,10.4,Fraud - Card Absent,Visa,13659.64,INR,2026-08-29,11,beauty,standard,True,True,False,neither,148,2,1,False,False,"['avs_cvv', 'ip_match', 'delivery_proof', 'device_fingerprint']",merchant_won
DSP-002985,13.3,Not as Described,Visa,805.14,INR,2026-08-29,15,sports,express,True,True,True,both_match,237,0,6,False,True,"['product_description', 'customer_comms', 'return_policy']",merchant_won
DSP-002193,10.4,Fraud - Card Absent,Visa,3453.0,INR,2026-08-29,7,electronics,standard,True,True,False,avs_only,75,1,2,True,False,"['avs_cvv', 'ip_match', 'delivery_proof', 'device_fingerprint']",merchant_lost
DSP-000551,4837,No Cardholder Authorization,Mastercard,2300.36,INR,2026-08-29,73,health,express,False,False,True,neither,105,2,1,False,False,"['3ds_authentication', 'avs_cvv', 'ip_match']",merchant_lost
DSP-001183,4855,Goods or Services Not Provided,Mastercard,1055.63,INR,2026-08-29,14,beauty,express,True,True,True,both_match,16,0,8,True,True,"['shipping_confirmation', 'delivery_proof', 'signed_receipt']",merchant_won
DSP-000220,4853,Cardholder Dispute - Defective,Mastercard,1947.31,INR,2026-08-29,17,grocery,pickup,True,False,True,both_match,116,1,3,False,False,"['product_description', 'quality_cert', 'customer_comms']",merchant_won
DSP-000697,4853,Cardholder Dispute - Defective,Mastercard,2768.93,INR,2026-08-29,19,home,standard,True,True,True,both_match,141,0,6,True,True,"['product_description', 'quality_cert', 'customer_comms']",merchant_won
DSP-000882,13.1,Merchandise Not Received,Visa,940.98,INR,2026-08-29,15,fashion,pickup,True,True,True,both_match,63,0,8,False,True,"['shipping_confirmation', 'delivery_proof', 'tracking_url']",merchant_won
DSP-000826,13.3,Not as Described,Visa,817.51,INR,2026-08-29,7,electronics,express,True,True,True,neither,124,0,5,False,True,"['product_description', 'customer_comms', 'return_policy']",merchant_won
DSP-001386,10.5,Fraud - Counterfeit,Visa,7144.99,INR,2026-08-29,58,books,standard,True,False,False,neither,19,0,0,False,False,"['emv_chip_data', 'pin_verification']",merchant_lost
DSP-003947,4837,No Cardholder Authorization,Mastercard,3821.74,INR,2026-08-29,2,fashion,express,False,False,False,neither,24,1,0,False,False,"['3ds_authentication', 'avs_cvv', 'ip_match']",merchant_lost
DSP-003506,4855,Goods or Services Not Provided,Mastercard,765.89,INR,2026-08-29,20,beauty,express,True,False,True,both_match,57,1,8,False,True,"['shipping_confirmation', 'delivery_proof', 'signed_receipt']",merchant_lost
DSP-002090,4855,Goods or Services Not Provided,Mastercard,828.08,INR,2026-08-29,18,health,express,True,True,True,both_match,225,0,6,False,True,"['shipping_confirmation', 'delivery_proof', 'signed_receipt']",merchant_won
DSP-003906,4837,No Cardholder Authorization,Mastercard,2242.4,INR,2026-08-29,1,sports,express,True,False,True,neither,74,0,2,True,True,"['3ds_authentication', 'avs_cvv', 'ip_match']",merchant_lost
DSP-000728,4860,Credit Not Processed (MC),Mastercard,4296.08,INR,2026-08-29,20,electronics,same_day,True,False,False,both_match,43,1,4,False,True,"['refund_receipt', 'refund_arn', 'policy_terms']",merchant_won
DSP-003504,13.1,Merchandise Not Received,Visa,1326.72,INR,2026-08-29,1,toys,same_day,True,True,True,both_match,408,0,9,True,True,"['shipping_confirmation', 'delivery_proof', 'tracking_url']",merchant_won
DSP-001675,4837,No Cardholder Authorization,Mastercard,2756.36,INR,2026-08-29,7,home,pickup,True,True,False,neither,381,0,0,True,False,"['3ds_authentication', 'avs_cvv', 'ip_match']",merchant_won
DSP-003283,4837,No Cardholder Authorization,Mastercard,494.42,INR,2026-08-29,10,toys,pickup,True,False,True,neither,252,1,2,False,False,"['3ds_authentication', 'avs_cvv', 'ip_match']",merchant_lost
DSP-004183,13.3,Not as Described,Visa,332.38,INR,2026-08-29,7,health,express,True,True,True,both_match,444,0,4,True,True,"['product_description', 'customer_comms', 'return_policy']",merchant_won
DSP-002242,13.6,Credit Not Processed,Visa,209.41,INR,2026-08-29,24,sports,standard,True,True,True,both_match,94,0,5,True,False,"['refund_receipt', 'refund_arn', 'policy_terms']",merchant_won
DSP-002298,13.1,Merchandise Not Received,Visa,232.6,INR,2026-08-29,19,health,same_day,True,True,True,both_match,51,0,7,True,True,"['shipping_confirmation', 'delivery_proof', 'tracking_url']",merchant_won
DSP-003651,13.6,Credit Not Processed,Visa,122.06,INR,2026-08-29,19,books,express,True,True,True,both_match,247,1,5,False,False,"['refund_receipt', 'refund_arn', 'policy_terms']",merchant_won
DSP-000851,10.4,Fraud - Card Absent,Visa,1882.4,INR,2026-08-29,46,home,pickup,True,True,False,avs_only,51,0,5,False,False,"['avs_cvv', 'ip_match', 'delivery_proof', 'device_fingerprint']",merchant_won
DSP-003247,4860,Credit Not Processed (MC),Mastercard,644.22,INR,2026-08-29,35,toys,pickup,True,True,True,both_match,349,0,7,False,True,"['refund_receipt', 'refund_arn', 'policy_terms']",merchant_won
DSP-000489,4855,Goods or Services Not Provided,Mastercard,3429.75,INR,2026-08-29,4,books,express,True,True,True,both_match,123,0,10,False,False,"['shipping_confirmation', 'delivery_proof', 'signed_receipt']",merchant_won
DSP-001635,4853,Cardholder Dispute - Defective,Mastercard,4356.86,INR,2026-08-29,3,health,same_day,True,True,True,both_match,112,0,6,True,False,"['product_description', 'quality_cert', 'customer_comms']",merchant_won
DSP-000292,4853,Cardholder Dispute - Defective,Mastercard,975.98,INR,2026-08-29,8,health,express,True,True,True,cvv_only,392,0,9,True,False,"['product_description', 'quality_cert', 'customer_comms']",merchant_won
DSP-004164,10.5,Fraud - Counterfeit,Visa,1525.2,INR,2026-08-29,3,beauty,express,True,False,False,neither,120,0,1,True,False,"['emv_chip_data', 'pin_verification']",merchant_won
DSP-001974,13.3,Not as Described,Visa,1049.09,INR,2026-08-29,37,automotive,standard,True,True,True,both_match,358,0,9,True,True,"['product_description', 'customer_comms', 'return_policy']",merchant_won
DSP-001161,4853,Cardholder Dispute - Defective,Mastercard,414.85,INR,2026-08-29,16,books,pickup,False,False,True,both_match,272,0,9,True,False,"['product_description', 'quality_cert', 'customer_comms']",merchant_lost
DSP-001037,13.6,Credit Not Processed,Visa,1101.96,INR,2026-08-29,17,sports,same_day,True,True,True,neither,47,0,4,False,True,"['refund_receipt', 'refund_arn', 'policy_terms']",merchant_won
DSP-001343,4855,Goods or Services Not Provided,Mastercard,1674.39,INR,2026-08-29,0,beauty,same_day,True,True,True,both_match,903,0,8,True,True,"['shipping_confirmation', 'delivery_proof', 'signed_receipt']",merchant_won
DSP-003305,4863,Cardholder Does Not Recognize,Mastercard,2102.9,INR,2026-08-29,18,automotive,standard,True,True,True,neither,72,1,1,False,True,"['billing_descriptor', 'customer_comms', 'ip_match']",merchant_lost
DSP-004187,13.1,Merchandise Not Received,Visa,2517.88,INR,2026-08-29,10,grocery,same_day,True,True,True,both_match,219,1,6,True,True,"['shipping_confirmation', 'delivery_proof', 'tracking_url']",merchant_lost
DSP-003643,4855,Goods or Services Not Provided,Mastercard,163.06,INR,2026-08-29,17,toys,express,True,True,True,both_match,298,0,5,True,True,"['shipping_confirmation', 'delivery_proof', 'signed_receipt']",merchant_won
DSP-001765,10.4,Fraud - Card Absent,Visa,2471.53,INR,2026-08-29,39,grocery,pickup,True,True,False,neither,15,1,4,False,False,"['avs_cvv', 'ip_match', 'delivery_proof', 'device_fingerprint']",merchant_won
DSP-001259,4853,Cardholder Dispute - Defective,Mastercard,1935.9,INR,2026-08-29,11,fashion,standard,True,True,True,cvv_only,112,0,6,True,True,"['product_description', 'quality_cert', 'customer_comms']",merchant_won
DSP-001766,13.1,Merchandise Not Received,Visa,1571.09,INR,2026-08-29,1,sports,standard,True,True,True,avs_only,1178,0,12,True,True,"['shipping_confirmation', 'delivery_proof', 'tracking_url']",merchant_won
DSP-003205,4837,No Cardholder Authorization,Mastercard,737.64,INR,2026-08-29,8,home,same_day,True,True,False,neither,10,1,3,False,False,"['3ds_authentication', 'avs_cvv', 'ip_match']",merchant_lost
DSP-002390,13.1,Merchandise Not Received,Visa,774.54,INR,2026-08-29,28,beauty,same_day,True,True,False,both_match,228,0,8,True,True,"['shipping_confirmation', 'delivery_proof', 'tracking_url']",merchant_won
DSP-004730,10.5,Fraud - Counterfeit,Visa,3565.56,INR,2026-08-29,70,books,express,True,False,False,cvv_only,103,1,2,False,True,"['emv_chip_data', 'pin_verification']",merchant_won
DSP-003844,4855,Goods or Services Not Provided,Mastercard,2523.72,INR,2026-08-29,5,automotive,standard,False,False,True,both_match,17,0,6,True,True,"['shipping_confirmation', 'delivery_proof', 'signed_receipt']",merchant_won
DSP-004830,10.5,Fraud - Counterfeit,Visa,939.7,INR,2026-08-29,2,electronics,pickup,True,True,False,both_match,137,3,1,False,False,"['emv_chip_data', 'pin_verification']",merchant_won
DSP-001333,4853,Cardholder Dispute - Defective,Mastercard,2290.28,INR,2026-08-29,3,toys,express,True,True,False,both_match,1,0,7,True,True,"['product_description', 'quality_cert', 'customer_comms']",merchant_lost
DSP-000322,4837,No Cardholder Authorization,Mastercard,2916.67,INR,2026-08-29,2,electronics,pickup,False,False,False,neither,52,0,2,False,False,"['3ds_authentication', 'avs_cvv', 'ip_match']",merchant_lost
DSP-000837,13.6,Credit Not Processed,Visa,263.28,INR,2026-08-29,17,beauty,standard,True,True,True,both_match,189,0,6,True,True,"['refund_receipt', 'refund_arn', 'policy_terms']",merchant_won
DSP-003681,4853,Cardholder Dispute - Defective,Mastercard,236.99,INR,2026-08-29,35,electronics,express,True,True,True,both_match,327,0,8,True,True,"['product_description', 'quality_cert', 'customer_comms']",merchant_lost
DSP-002601,13.1,Merchandise Not Received,Visa,553.72,INR,2026-08-29,2,sports,express,True,True,True,both_match,145,0,4,True,True,"['shipping_confirmation', 'delivery_proof', 'tracking_url']",merchant_won
DSP-004909,13.1,Merchandise Not Received,Visa,13538.74,INR,2026-08-29,54,grocery,same_day,True,True,True,both_match,229,0,6,True,True,"['shipping_confirmation', 'delivery_proof', 'tracking_url']",merchant_lost
DSP-001534,4863,Cardholder Does Not Recognize,Mastercard,6408.25,INR,2026-08-29,27,sports,standard,False,False,False,neither,34,0,0,True,False,"['billing_descriptor', 'customer_comms', 'ip_match']",merchant_lost
DSP-000829,4853,Cardholder Dispute - Defective,Mastercard,10122.03,INR,2026-08-29,0,beauty,express,True,False,True,both_match,0,2,10,True,False,"['product_description', 'quality_cert', 'customer_comms']",merchant_lost
DSP-004735,4853,Cardholder Dispute - Defective,Mastercard,122.31,INR,2026-08-29,7,electronics,standard,True,True,True,avs_only,24,0,5,False,True,"['product_description', 'quality_cert', 'customer_comms']",merchant_won
DSP-000121,13.1,Merchandise Not Received,Visa,613.5,INR,2026-08-29,1,grocery,pickup,True,True,True,both_match,190,0,3,True,True,"['shipping_confirmation', 'delivery_proof', 'tracking_url']",merchant_won
DSP-004444,4863,Cardholder Does Not Recognize,Mastercard,3160.96,INR,2026-08-29,8,books,express,False,False,True,neither,46,1,2,False,False,"['billing_descriptor', 'customer_comms', 'ip_match']",merchant_lost
DSP-001617,4863,Cardholder Does Not Recognize,Mastercard,1215.76,INR,2026-08-29,30,books,pickup,True,False,False,avs_only,38,2,2,False,False,"['billing_descriptor', 'customer_comms', 'ip_match']",merchant_lost
DSP-001172,13.6,Credit Not Processed,Visa,342.02,INR,2026-08-29,28,grocery,pickup,True,True,True,cvv_only,67,0,7,True,False,"['refund_receipt', 'refund_arn', 'policy_terms']",merchant_won
DSP-003740,13.1,Merchandise Not Received,Visa,2469.32,INR,2026-08-29,8,grocery,same_day,True,True,True,both_match,176,0,3,False,True,"['shipping_confirmation', 'delivery_proof', 'tracking_url']",merchant_won
DSP-001562,4853,Cardholder Dispute - Defective,Mastercard,1293.94,INR,2026-08-29,0,home,pickup,True,True,True,both_match,474,0,4,True,False,"['product_description', 'quality_cert', 'customer_comms']",merchant_won
DSP-003808,4860,Credit Not Processed (MC),Mastercard,432.56,INR,2026-08-29,4,fashion,same_day,False,False,True,cvv_only,75,0,5,True,True,"['refund_receipt', 'refund_arn', 'policy_terms']",merchant_won
DSP-003441,10.4,Fraud - Card Absent,Visa,2572.77,INR,2026-08-29,0,toys,express,True,True,False,both_match,158,0,3,True,False,"['avs_cvv', 'ip_match', 'delivery_proof', 'device_fingerprint']",merchant_won
DSP-002710,10.4,Fraud - Card Absent,Visa,278.44,INR,2026-08-29,7,fashion,pickup,True,True,False,cvv_only,15,0,2,False,False,"['avs_cvv', 'ip_match', 'delivery_proof', 'device_fingerprint']",merchant_lost
DSP-002582,4853,Cardholder Dispute - Defective,Mastercard,310.49,INR,2026-08-29,4,electronics,pickup,True,True,True,both_match,473,0,11,False,True,"['product_description', 'quality_cert', 'customer_comms']",merchant_lost
DSP-001529,10.4,Fraud - Card Absent,Visa,7480.47,INR,2026-08-29,9,automotive,standard,True,True,False,cvv_only,62,0,1,False,False,"['avs_cvv', 'ip_match', 'delivery_proof', 'device_fingerprint']",merchant_lost
DSP-003065,10.4,Fraud - Card Absent,Visa,479.41,INR,2026-08-29,43,health,express,False,False,False,avs_only,49,2,1,True,False,"['avs_cvv', 'ip_match', 'delivery_proof', 'device_fingerprint']",merchant_lost
DSP-003181,10.5,Fraud - Counterfeit,Visa,7825.62,INR,2026-08-29,33,health,standard,True,False,True,both_match,34,0,6,True,False,"['emv_chip_data', 'pin_verification']",merchant_lost
DSP-001488,4855,Goods or Services Not Provided,Mastercard,1256.32,INR,2026-08-29,13,books,pickup,True,True,True,both_match,47,1,5,True,True,"['shipping_confirmation', 'delivery_proof', 'signed_receipt']",merchant_won
DSP-004121,13.1,Merchandise Not Received,Visa,651.45,INR,2026-08-29,15,sports,standard,True,False,True,both_match,239,0,8,False,True,"['shipping_confirmation', 'delivery_proof', 'tracking_url']",merchant_won
DSP-003203,4837,No Cardholder Authorization,Mastercard,3879.68,INR,2026-08-29,19,books,pickup,False,False,True,cvv_only,55,0,0,False,False,"['3ds_authentication', 'avs_cvv', 'ip_match']",merchant_lost
DSP-001559,4837,No Cardholder Authorization,Mastercard,3381.15,INR,2026-08-29,42,automotive,express,True,True,False,neither,51,1,2,False,False,"['3ds_authentication', 'avs_cvv', 'ip_match']",merchant_lost
DSP-003099,13.6,Credit Not Processed,Visa,3617.88,INR,2026-08-29,0,electronics,standard,False,False,False,both_match,37,0,7,True,True,"['refund_receipt', 'refund_arn', 'policy_terms']",merchant_won
DSP-000371,4837,No Cardholder Authorization,Mastercard,7316.5,INR,2026-08-29,56,grocery,standard,False,False,False,neither,202,0,2,False,False,"['3ds_authentication', 'avs_cvv', 'ip_match']",merchant_lost
DSP-004238,4853,Cardholder Dispute - Defective,Mastercard,869.61,INR,2026-08-29,7,toys,pickup,True,True,True,both_match,86,1,6,False,False,"['product_description', 'quality_cert', 'customer_comms']",merchant_won
DSP-003786,13.1,Merchandise Not Received,Visa,672.73,INR,2026-08-29,32,automotive,pickup,True,True,True,both_match,115,0,5,True,False,"['shipping_confirmation', 'delivery_proof', 'tracking_url']",merchant_lost
DSP-003908,4853,Cardholder Dispute - Defective,Mastercard,9929.39,INR,2026-08-29,9,automotive,pickup,True,True,False,both_match,32,1,7,True,True,"['product_description', 'quality_cert', 'customer_comms']",merchant_won
DSP-001845,13.3,Not as Described,Visa,2481.89,INR,2026-08-29,48,sports,standard,True,True,True,both_match,197,0,6,False,True,"['product_description', 'customer_comms', 'return_policy']",merchant_won
DSP-000263,4863,Cardholder Does Not Recognize,Mastercard,1063.6,INR,2026-08-29,13,beauty,standard,True,True,False,neither,201,1,4,True,False,"['billing_descriptor', 'customer_comms', 'ip_match']",merchant_won
DSP-003926,10.4,Fraud - Card Absent,Visa,13375.35,INR,2026-08-29,11,books,pickup,False,False,False,avs_only,62,1,2,True,False,"['avs_cvv', 'ip_match', 'delivery_proof', 'device_fingerprint']",merchant_lost
DSP-002213,13.3,Not as Described,Visa,13892.65,INR,2026-08-29,5,fashion,standard,True,True,True,neither,294,0,11,False,True,"['product_description', 'customer_comms', 'return_policy']",merchant_won
DSP-003833,10.4,Fraud - Card Absent,Visa,2247.43,INR,2026-08-29,75,books,standard,True,True,False,cvv_only,128,1,1,False,False,"['avs_cvv', 'ip_match', 'delivery_proof', 'device_fingerprint']",merchant_won
DSP-003178,4863,Cardholder Does Not Recognize,Mastercard,1018.21,INR,2026-08-29,105,grocery,pickup,True,True,False,both_match,32,0,5,False,True,"['billing_descriptor', 'customer_comms', 'ip_match']",merchant_lost
DSP-004318,10.5,Fraud - Counterfeit,Visa,3797.13,INR,2026-08-29,10,grocery,same_day,False,False,True,avs_only,67,0,2,True,False,"['emv_chip_data', 'pin_verification']",merchant_won
DSP-003949,13.1,Merchandise Not Received,Visa,787.26,INR,2026-08-29,25,beauty,pickup,True,True,True,both_match,283,0,7,True,True,"['shipping_confirmation', 'delivery_proof', 'tracking_url']",merchant_won
DSP-004368,4863,Cardholder Does Not Recognize,Mastercard,734.12,INR,2026-08-29,10,home,same_day,True,False,True,both_match,46,2,1,True,False,"['billing_descriptor', 'customer_comms', 'ip_match']",merchant_won
DSP-004763,13.1,Merchandise Not Received,Visa,822.38,INR,2026-08-29,2,automotive,same_day,True,True,True,both_match,176,0,6,True,True,"['shipping_confirmation', 'delivery_proof', 'tracking_url']",merchant_won
DSP-000210,4853,Cardholder Dispute - Defective,Mastercard,1034.28,INR,2026-08-29,16,sports,same_day,True,True,True,avs_only,71,0,6,True,False,"['product_description', 'quality_cert', 'customer_comms']",merchant_won
DSP-004413,13.3,Not as Described,Visa,1262.46,INR,2026-08-29,1,beauty,pickup,True,True,True,both_match,773,0,2,False,True,"['product_description', 'customer_comms', 'return_policy']",merchant_lost
DSP-001764,4860,Credit Not Processed (MC),Mastercard,3957.93,INR,2026-08-29,20,sports,pickup,True,True,True,avs_only,58,0,8,True,False,"['refund_receipt', 'refund_arn', 'policy_terms']",merchant_won
DSP-004800,4837,No Cardholder Authorization,Mastercard,4104.42,INR,2026-08-29,41,electronics,express,False,False,False,neither,9,1,3,True,False,"['3ds_authentication', 'avs_cvv', 'ip_match']",merchant_lost
DSP-003085,4863,Cardholder Does Not Recognize,Mastercard,7021.74,INR,2026-08-29,2,books,same_day,False,False,True,neither,50,0,2,False,False,"['billing_descriptor', 'customer_comms', 'ip_match']",merchant_lost
DSP-004994,10.4,Fraud - Card Absent,Visa,380.68,INR,2026-08-29,42,books,pickup,True,True,True,cvv_only,13,0,2,False,False,"['avs_cvv', 'ip_match', 'delivery_proof', 'device_fingerprint']",merchant_lost
DSP-000105,13.6,Credit Not Processed,Visa,297.97,INR,2026-08-29,11,sports,express,False,False,True,both_match,75,1,8,True,False,"['refund_receipt', 'refund_arn', 'policy_terms']",merchant_won
DSP-002502,4863,Cardholder Does Not Recognize,Mastercard,1847.93,INR,2026-08-29,2,electronics,express,True,False,False,cvv_only,56,1,2,False,False,"['billing_descriptor', 'customer_comms', 'ip_match']",merchant_lost
DSP-004989,4837,No Cardholder Authorization,Mastercard,2152.68,INR,2026-08-29,11,home,standard,False,False,True,neither,58,2,4,False,True,"['3ds_authentication', 'avs_cvv', 'ip_match']",merchant_lost
DSP-002803,4855,Goods or Services Not Provided,Mastercard,1092.3,INR,2026-08-29,23,sports,pickup,True,True,True,both_match,118,0,5,False,True,"['shipping_confirmation', 'delivery_proof', 'signed_receipt']",merchant_won
DSP-000197,4853,Cardholder Dispute - Defective,Mastercard,920.2,INR,2026-08-29,16,fashion,standard,True,False,True,both_match,183,0,7,False,True,"['product_description', 'quality_cert', 'customer_comms']",merchant_won
DSP-001008,4863,Cardholder Does Not Recognize,Mastercard,78.44,INR,2026-08-29,59,grocery,same_day,False,False,True,avs_only,19,0,3,False,False,"['billing_descriptor', 'customer_comms', 'ip_match']",merchant_lost
DSP-003433,13.1,Merchandise Not Received,Visa,383.99,INR,2026-08-29,49,books,express,True,True,True,both_match,421,0,10,True,False,"['shipping_confirmation', 'delivery_proof', 'tracking_url']",merchant_won
DSP-004643,4837,No Cardholder Authorization,Mastercard,1073.78,INR,2026-08-29,12,beauty,pickup,True,True,False,both_match,78,0,1,True,False,"['3ds_authentication', 'avs_cvv', 'ip_match']",merchant_lost
DSP-003021,13.6,Credit Not Processed,Visa,3542.86,INR,2026-08-29,13,beauty,express,True,True,True,both_match,53,0,5,False,True,"['refund_receipt', 'refund_arn', 'policy_terms']",merchant_lost
DSP-000745,4863,Cardholder Does Not Recognize,Mastercard,3866.71,INR,2026-08-29,31,toys,express,True,True,True,cvv_only,34,0,1,False,False,"['billing_descriptor', 'customer_comms', 'ip_match']",merchant_won
DSP-000436,10.4,Fraud - Card Absent,Visa,1792.33,INR,2026-08-29,6,electronics,express,False,False,False,both_match,104,0,2,False,False,"['avs_cvv', 'ip_match', 'delivery_proof', 'device_fingerprint']",merchant_lost
DSP-000188,13.1,Merchandise Not Received,Visa,1071.75,INR,2026-08-29,13,automotive,standard,True,True,True,both_match,192,0,3,True,False,"['shipping_confirmation', 'delivery_proof', 'tracking_url']",merchant_won
DSP-004902,10.5,Fraud - Counterfeit,Visa,764.45,INR,2026-08-29,7,beauty,standard,True,True,False,avs_only,71,0,0,True,False,"['emv_chip_data', 'pin_verification']",merchant_won
DSP-003522,4853,Cardholder Dispute - Defective,Mastercard,3086.32,INR,2026-08-29,9,sports,same_day,True,True,True,both_match,133,0,4,False,True,"['product_description', 'quality_cert', 'customer_comms']",merchant_won
DSP-003427,4863,Cardholder Does Not Recognize,Mastercard,278.39,INR,2026-08-29,10,beauty,same_day,False,False,True,neither,40,0,0,True,True,"['billing_descriptor', 'customer_comms', 'ip_match']",merchant_won
DSP-003029,4860,Credit Not Processed (MC),Mastercard,4803.17,INR,2026-08-29,21,automotive,pickup,False,False,True,cvv_only,230,0,7,True,True,"['refund_receipt', 'refund_arn', 'policy_terms']",merchant_won
DSP-000029,4853,Cardholder Dispute - Defective,Mastercard,520.84,INR,2026-08-29,7,books,standard,True,True,True,both_match,93,0,4,True,True,"['product_description', 'quality_cert', 'customer_comms']",merchant_won
DSP-003226,4853,Cardholder Dispute - Defective,Mastercard,4966.68,INR,2026-08-29,31,automotive,same_day,False,False,True,avs_only,32,1,3,True,False,"['product_description', 'quality_cert', 'customer_comms']",merchant_lost
DSP-002909,13.1,Merchandise Not Received,Visa,660.37,INR,2026-08-29,12,sports,standard,False,False,True,both_match,424,0,7,True,True,"['shipping_confirmation', 'delivery_proof', 'tracking_url']",merchant_lost
DSP-004560,4860,Credit Not Processed (MC),Mastercard,2631.5,INR,2026-08-29,26,automotive,pickup,True,True,True,both_match,345,0,7,False,False,"['refund_receipt', 'refund_arn', 'policy_terms']",merchant_won
DSP-000301,10.4,Fraud - Card Absent,Visa,1109.54,INR,2026-08-29,37,home,pickup,False,False,False,avs_only,26,1,1,False,False,"['avs_cvv', 'ip_match', 'delivery_proof', 'device_fingerprint']",merchant_lost
DSP-000417,4860,Credit Not Processed (MC),Mastercard,1765.73,INR,2026-08-29,4,health,express,True,True,True,neither,641,0,4,True,True,"['refund_receipt', 'refund_arn', 'policy_terms']",merchant_won
DSP-003633,4863,Cardholder Does Not Recognize,Mastercard,494.29,INR,2026-08-29,22,automotive,pickup,True,True,False,neither,185,1,2,False,False,"['billing_descriptor', 'customer_comms', 'ip_match']",merchant_won
DSP-000519,4860,Credit Not Processed (MC),Mastercard,694.54,INR,2026-08-29,4,toys,express,True,True,True,both_match,577,0,7,True,True,"['refund_receipt', 'refund_arn', 'policy_terms']",merchant_won
DSP-002564,4860,Credit Not Processed (MC),Mastercard,3057.54,INR,2026-08-29,12,automotive,same_day,True,True,True,cvv_only,668,0,7,False,True,"['refund_receipt', 'refund_arn', 'policy_terms']",merchant_won
DSP-004958,10.5,Fraud - Counterfeit,Visa,1866.68,INR,2026-08-29,11,fashion,pickup,True,False,True,both_match,6,0,3,True,True,"['emv_chip_data', 'pin_verification']",merchant_won
DSP-003507,13.3,Not as Described,Visa,1043.87,INR,2026-08-29,7,grocery,same_day,True,False,True,both_match,98,0,5,False,True,"['product_description', 'customer_comms', 'return_policy']",merchant_won
DSP-002248,4863,Cardholder Does Not Recognize,Mastercard,682.48,INR,2026-08-29,15,beauty,express,False,False,False,both_match,4,0,1,False,False,"['billing_descriptor', 'customer_comms', 'ip_match']",merchant_lost
DSP-000327,4863,Cardholder Does Not Recognize,Mastercard,221.3,INR,2026-08-29,25,health,express,True,True,False,avs_only,51,0,2,False,True,"['billing_descriptor', 'customer_comms', 'ip_match']",merchant_lost
DSP-004906,4837,No Cardholder Authorization,Mastercard,7150.12,INR,2026-08-29,11,beauty,pickup,False,False,True,both_match,10,0,1,False,False,"['3ds_authentication', 'avs_cvv', 'ip_match']",merchant_lost
DSP-001273,13.6,Credit Not Processed,Visa,599.69,INR,2026-08-29,2,electronics,express,False,False,False,both_match,72,0,5,False,True,"['refund_receipt', 'refund_arn', 'policy_terms']",merchant_won
DSP-003721,13.3,Not as Described,Visa,232.0,INR,2026-08-29,43,health,standard,True,True,True,both_match,30,0,7,False,True,"['product_description', 'customer_comms', 'return_policy']",merchant_won
DSP-004332,4853,Cardholder Dispute - Defective,Mastercard,261.19,INR,2026-08-29,3,health,express,True,True,True,avs_only,66,0,4,False,True,"['product_description', 'quality_cert', 'customer_comms']",merchant_lost
DSP-003672,4837,No Cardholder Authorization,Mastercard,5154.76,INR,2026-08-29,13,health,express,True,True,True,both_match,74,2,3,False,False,"['3ds_authentication', 'avs_cvv', 'ip_match']",merchant_lost
DSP-002810,4863,Cardholder Does Not Recognize,Mastercard,133.25,INR,2026-08-29,20,health,pickup,False,False,False,neither,97,1,4,False,True,"['billing_descriptor', 'customer_comms', 'ip_match']",merchant_won
DSP-000570,13.6,Credit Not Processed,Visa,1297.83,INR,2026-08-29,6,fashion,express,True,True,True,avs_only,82,1,3,True,True,"['refund_receipt', 'refund_arn', 'policy_terms']",merchant_won
DSP-004805,13.1,Merchandise Not Received,Visa,1873.89,INR,2026-08-29,21,health,express,True,True,True,both_match,247,0,7,False,True,"['shipping_confirmation', 'delivery_proof', 'tracking_url']",merchant_lost
DSP-004922,4837,No Cardholder Authorization,Mastercard,2477.52,INR,2026-08-29,16,books,express,False,False,True,both_match,45,0,0,False,False,"['3ds_authentication', 'avs_cvv', 'ip_match']",merchant_won
DSP-002836,13.3,Not as Described,Visa,3777.64,INR,2026-08-29,27,home,standard,True,True,True,both_match,708,0,8,True,True,"['product_description', 'customer_comms', 'return_policy']",merchant_won
DSP-003294,13.1,Merchandise Not Received,Visa,3361.63,INR,2026-08-29,11,health,same_day,True,True,True,both_match,9,0,2,False,False,"['shipping_confirmation', 'delivery_proof', 'tracking_url']",merchant_won
DSP-001567,13.1,Merchandise Not Received,Visa,440.82,INR,2026-08-29,2,books,same_day,True,True,True,both_match,98,0,5,True,True,"['shipping_confirmation', 'delivery_proof', 'tracking_url']",merchant_won
DSP-000545,4853,Cardholder Dispute - Defective,Mastercard,3694.54,INR,2026-08-29,7,electronics,pickup,True,True,True,both_match,25,0,3,True,True,"['product_description', 'quality_cert', 'customer_comms']",merchant_lost
DSP-004508,13.1,Merchandise Not Received,Visa,505.26,INR,2026-08-29,16,automotive,express,False,False,True,both_match,578,0,7,True,False,"['shipping_confirmation', 'delivery_proof', 'tracking_url']",merchant_won
DSP-001109,10.4,Fraud - Card Absent,Visa,1322.77,INR,2026-08-29,10,grocery,standard,False,False,False,both_match,38,1,3,False,False,"['avs_cvv', 'ip_match', 'delivery_proof', 'device_fingerprint']",merchant_lost
DSP-002016,4863,Cardholder Does Not Recognize,Mastercard,646.79,INR,2026-08-29,22,beauty,pickup,False,False,False,both_match,65,1,1,False,True,"['billing_descriptor', 'customer_comms', 'ip_match']",merchant_won
DSP-002650,4860,Credit Not Processed (MC),Mastercard,79.24,INR,2026-08-29,0,books,same_day,True,True,True,both_match,202,0,6,False,True,"['refund_receipt', 'refund_arn', 'policy_terms']",merchant_won
DSP-001058,13.6,Credit Not Processed,Visa,199.74,INR,2026-08-29,5,fashion,express,True,False,False,avs_only,70,0,5,False,True,"['refund_receipt', 'refund_arn', 'policy_terms']",merchant_won
DSP-001140,4855,Goods or Services Not Provided,Mastercard,131.45,INR,2026-08-29,37,fashion,standard,True,True,True,both_match,262,0,6,False,True,"['shipping_confirmation', 'delivery_proof', 'signed_receipt']",merchant_won
DSP-001180,10.4,Fraud - Card Absent,Visa,2158.12,INR,2026-08-29,6,fashion,standard,False,False,False,neither,44,0,2,True,True,"['avs_cvv', 'ip_match', 'delivery_proof', 'device_fingerprint']",merchant_lost
DSP-001886,10.4,Fraud - Card Absent,Visa,1220.92,INR,2026-08-29,14,sports,pickup,False,False,False,avs_only,245,0,1,True,False,"['avs_cvv', 'ip_match', 'delivery_proof', 'device_fingerprint']",merchant_lost
DSP-002817,13.1,Merchandise Not Received,Visa,1095.25,INR,2026-08-29,6,health,same_day,True,True,False,both_match,68,0,3,True,False,"['shipping_confirmation', 'delivery_proof', 'tracking_url']",merchant_lost
DSP-001364,13.3,Not as Described,Visa,8940.43,INR,2026-08-29,32,automotive,standard,True,True,True,avs_only,121,0,3,True,True,"['product_description', 'customer_comms', 'return_policy']",merchant_won
DSP-001531,13.3,Not as Described,Visa,2257.64,INR,2026-08-29,18,electronics,standard,True,True,True,both_match,137,1,4,False,True,"['product_description', 'customer_comms', 'return_policy']",merchant_lost
DSP-003754,4853,Cardholder Dispute - Defective,Mastercard,581.46,INR,2026-08-29,45,electronics,same_day,True,True,True,both_match,53,0,6,True,True,"['product_description', 'quality_cert', 'customer_comms']",merchant_won
DSP-001990,4855,Goods or Services Not Provided,Mastercard,845.64,INR,2026-08-29,4,automotive,pickup,False,False,True,both_match,35,0,6,True,True,"['shipping_confirmation', 'delivery_proof', 'signed_receipt']",merchant_won
DSP-000386,13.3,Not as Described,Visa,628.76,INR,2026-08-29,21,grocery,same_day,True,True,True,neither,190,1,7,False,True,"['product_description', 'customer_comms', 'return_policy']",merchant_lost
DSP-001847,13.1,Merchandise Not Received,Visa,2490.19,INR,2026-08-29,46,books,pickup,True,True,True,cvv_only,84,1,7,True,True,"['shipping_confirmation', 'delivery_proof', 'tracking_url']",merchant_won
DSP-002954,4837,No Cardholder Authorization,Mastercard,498.08,INR,2026-08-29,2,sports,pickup,False,False,True,neither,14,2,4,True,False,"['3ds_authentication', 'avs_cvv', 'ip_match']",merchant_lost
DSP-002400,4863,Cardholder Does Not Recognize,Mastercard,2590.79,INR,2026-08-29,13,beauty,pickup,True,True,True,avs_only,244,1,3,False,True,"['billing_descriptor', 'customer_comms', 'ip_match']",merchant_won
DSP-000594,4860,Credit Not Processed (MC),Mastercard,63.43,INR,2026-08-29,14,fashion,standard,False,False,True,cvv_only,115,0,13,True,True,"['refund_receipt', 'refund_arn', 'policy_terms']",merchant_lost
DSP-004593,4837,No Cardholder Authorization,Mastercard,5411.73,INR,2026-08-29,12,fashion,pickup,True,True,False,neither,65,0,1,False,False,"['3ds_authentication', 'avs_cvv', 'ip_match']",merchant_lost
DSP-004804,13.3,Not as Described,Visa,1279.68,INR,2026-08-29,4,fashion,express,True,True,True,both_match,128,0,2,True,False,"['product_description', 'customer_comms', 'return_policy']",merchant_lost
DSP-002023,4855,Goods or Services Not Provided,Mastercard,5582.73,INR,2026-08-29,13,toys,same_day,True,True,True,both_match,107,1,8,True,False,"['shipping_confirmation', 'delivery_proof', 'signed_receipt']",merchant_won
DSP-004452,4853,Cardholder Dispute - Defective,Mastercard,2311.63,INR,2026-08-29,0,books,same_day,True,True,True,both_match,745,0,6,True,True,"['product_description', 'quality_cert', 'customer_comms']",merchant_won
DSP-003241,13.1,Merchandise Not Received,Visa,2761.3,INR,2026-08-29,8,automotive,standard,True,True,True,both_match,178,0,5,False,False,"['shipping_confirmation', 'delivery_proof', 'tracking_url']",merchant_won
DSP-003900,4860,Credit Not Processed (MC),Mastercard,377.69,INR,2026-08-29,5,beauty,same_day,True,True,True,neither,1232,0,7,False,False,"['refund_receipt', 'refund_arn', 'policy_terms']",merchant_won
DSP-003960,13.3,Not as Described,Visa,887.53,INR,2026-08-29,2,home,express,True,True,True,both_match,28,0,6,True,True,"['product_description', 'customer_comms', 'return_policy']",merchant_won
DSP-002944,4853,Cardholder Dispute - Defective,Mastercard,169.06,INR,2026-08-29,22,automotive,express,True,True,True,both_match,491,0,8,True,True,"['product_description', 'quality_cert', 'customer_comms']",merchant_won
DSP-002750,13.1,Merchandise Not Received,Visa,102.88,INR,2026-08-29,27,grocery,express,True,True,True,neither,225,0,2,True,True,"['shipping_confirmation', 'delivery_proof', 'tracking_url']",merchant_lost
DSP-004140,4860,Credit Not Processed (MC),Mastercard,6595.67,INR,2026-08-29,60,toys,pickup,True,True,False,both_match,138,1,2,False,True,"['refund_receipt', 'refund_arn', 'policy_terms']",merchant_won
DSP-000975,4855,Goods or Services Not Provided,Mastercard,3082.54,INR,2026-08-29,50,automotive,same_day,True,False,True,both_match,245,0,4,True,True,"['shipping_confirmation', 'delivery_proof', 'signed_receipt']",merchant_won
DSP-000231,4853,Cardholder Dispute - Defective,Mastercard,417.41,INR,2026-08-29,29,grocery,express,True,False,True,cvv_only,82,0,11,True,True,"['product_description', 'quality_cert', 'customer_comms']",merchant_won
DSP-000273,4853,Cardholder Dispute - Defective,Mastercard,1422.43,INR,2026-08-29,12,sports,standard,True,True,True,both_match,81,0,5,True,True,"['product_description', 'quality_cert', 'customer_comms']",merchant_won
DSP-001707,13.1,Merchandise Not Received,Visa,1373.19,INR,2026-08-29,0,grocery,pickup,True,True,True,avs_only,298,0,5,True,True,"['shipping_confirmation', 'delivery_proof', 'tracking_url']",merchant_won
DSP-002303,10.5,Fraud - Counterfeit,Visa,4672.47,INR,2026-08-29,45,toys,express,True,True,True,neither,121,0,3,False,False,"['emv_chip_data', 'pin_verification']",merchant_lost
DSP-004012,13.1,Merchandise Not Received,Visa,760.07,INR,2026-08-29,3,books,pickup,True,True,True,both_match,36,0,9,True,False,"['shipping_confirmation', 'delivery_proof', 'tracking_url']",merchant_won
DSP-001568,4860,Credit Not Processed (MC),Mastercard,24.81,INR,2026-08-29,4,toys,same_day,False,False,True,both_match,453,0,9,True,True,"['refund_receipt', 'refund_arn', 'policy_terms']",merchant_won
DSP-003123,13.3,Not as Described,Visa,1865.07,INR,2026-08-29,2,automotive,pickup,True,True,True,both_match,19,0,5,True,True,"['product_description', 'customer_comms', 'return_policy']",merchant_won
DSP-001683,4860,Credit Not Processed (MC),Mastercard,2694.58,INR,2026-08-29,5,health,standard,False,False,True,both_match,34,0,5,False,False,"['refund_receipt', 'refund_arn', 'policy_terms']",merchant_won
DSP-002646,4837,No Cardholder Authorization,Mastercard,4634.51,INR,2026-08-29,27,home,pickup,False,False,False,neither,2,1,2,False,False,"['3ds_authentication', 'avs_cvv', 'ip_match']",merchant_lost
DSP-001133,4853,Cardholder Dispute - Defective,Mastercard,2909.73,INR,2026-08-29,84,books,pickup,False,False,True,both_match,201,0,9,True,True,"['product_description', 'quality_cert', 'customer_comms']",merchant_won
DSP-003980,10.4,Fraud - Card Absent,Visa,519.94,INR,2026-08-29,50,automotive,same_day,False,False,False,neither,20,2,0,False,False,"['avs_cvv', 'ip_match', 'delivery_proof', 'device_fingerprint']",merchant_lost
DSP-004225,13.1,Merchandise Not Received,Visa,850.77,INR,2026-08-29,5,sports,standard,True,True,True,both_match,121,0,6,False,False,"['shipping_confirmation', 'delivery_proof', 'tracking_url']",merchant_won
DSP-002606,4853,Cardholder Dispute - Defective,Mastercard,1249.76,INR,2026-08-29,2,grocery,express,True,False,True,both_match,14,0,3,True,True,"['product_description', 'quality_cert', 'customer_comms']",merchant_won
DSP-002150,13.1,Merchandise Not Received,Visa,7815.48,INR,2026-08-29,16,sports,pickup,True,True,True,both_match,127,0,5,True,False,"['shipping_confirmation', 'delivery_proof', 'tracking_url']",merchant_won
DSP-004348,4860,Credit Not Processed (MC),Mastercard,923.24,INR,2026-08-29,11,books,standard,True,True,True,both_match,108,0,5,False,True,"['refund_receipt', 'refund_arn', 'policy_terms']",merchant_won
DSP-004018,4853,Cardholder Dispute - Defective,Mastercard,4831.62,INR,2026-08-29,0,health,express,True,True,True,cvv_only,9,0,1,False,True,"['product_description', 'quality_cert', 'customer_comms']",merchant_won
DSP-002590,13.6,Credit Not Processed,Visa,431.82,INR,2026-08-29,5,fashion,pickup,True,True,True,both_match,232,0,8,False,False,"['refund_receipt', 'refund_arn', 'policy_terms']",merchant_won
DSP-004471,10.4,Fraud - Card Absent,Visa,159.28,INR,2026-08-29,24,books,standard,False,False,True,both_match,52,0,4,False,False,"['avs_cvv', 'ip_match', 'delivery_proof', 'device_fingerprint']",merchant_won
DSP-003772,4855,Goods or Services Not Provided,Mastercard,512.12,INR,2026-08-29,8,health,same_day,True,True,True,both_match,40,0,5,False,True,"['shipping_confirmation', 'delivery_proof', 'signed_receipt']",merchant_won
DSP-000503,4860,Credit Not Processed (MC),Mastercard,464.52,INR,2026-08-29,0,fashion,same_day,False,False,True,both_match,36,0,4,False,True,"['refund_receipt', 'refund_arn', 'policy_terms']",merchant_won
DSP-004541,4860,Credit Not Processed (MC),Mastercard,242.62,INR,2026-08-29,4,health,same_day,False,False,True,both_match,153,1,8,True,True,"['refund_receipt', 'refund_arn', 'policy_terms']",merchant_won
DSP-001480,13.1,Merchandise Not Received,Visa,322.64,INR,2026-08-29,33,books,pickup,True,True,True,both_match,133,0,10,True,True,"['shipping_confirmation', 'delivery_proof', 'tracking_url']",merchant_won
DSP-001646,4855,Goods or Services Not Provided,Mastercard,150.72,INR,2026-08-29,4,electronics,pickup,True,True,False,both_match,12,0,3,False,True,"['shipping_confirmation', 'delivery_proof', 'signed_receipt']",merchant_won
DSP-000787,4837,No Cardholder Authorization,Mastercard,4602.19,INR,2026-08-29,13,automotive,same_day,False,False,False,cvv_only,9,0,1,False,False,"['3ds_authentication', 'avs_cvv', 'ip_match']",merchant_won
DSP-002443,4837,No Cardholder Authorization,Mastercard,2111.19,INR,2026-08-29,32,fashion,express,False,False,True,both_match,152,0,3,False,False,"['3ds_authentication', 'avs_cvv', 'ip_match']",merchant_lost
DSP-002864,4860,Credit Not Processed (MC),Mastercard,433.73,INR,2026-08-29,24,automotive,standard,True,True,True,both_match,605,0,10,True,True,"['refund_receipt', 'refund_arn', 'policy_terms']",merchant_won
DSP-002234,10.4,Fraud - Card Absent,Visa,1596.69,INR,2026-08-29,3,electronics,pickup,False,False,False,avs_only,199,0,3,True,True,"['avs_cvv', 'ip_match', 'delivery_proof', 'device_fingerprint']",merchant_lost
DSP-003819,13.3,Not as Described,Visa,936.64,INR,2026-08-29,17,electronics,express,True,True,True,both_match,801,0,8,False,True,"['product_description', 'customer_comms', 'return_policy']",merchant_lost
DSP-004170,10.5,Fraud - Counterfeit,Visa,3307.25,INR,2026-08-29,0,grocery,pickup,False,False,True,neither,9,1,2,False,True,"['emv_chip_data', 'pin_verification']",merchant_lost
DSP-003330,13.6,Credit Not Processed,Visa,363.05,INR,2026-08-29,4,fashion,express,True,True,True,both_match,16,0,2,True,True,"['refund_receipt', 'refund_arn', 'policy_terms']",merchant_won
DSP-000599,13.1,Merchandise Not Received,Visa,18658.49,INR,2026-08-29,26,toys,pickup,True,True,True,both_match,462,1,3,False,True,"['shipping_confirmation', 'delivery_proof', 'tracking_url']",merchant_won
DSP-001439,4863,Cardholder Does Not Recognize,Mastercard,2002.13,INR,2026-08-29,36,home,same_day,True,True,False,neither,112,0,0,False,False,"['billing_descriptor', 'customer_comms', 'ip_match']",merchant_lost
DSP-001409,4853,Cardholder Dispute - Defective,Mastercard,475.11,INR,2026-08-29,12,sports,pickup,True,True,True,both_match,12,0,6,False,True,"['product_description', 'quality_cert', 'customer_comms']",merchant_won
DSP-000053,4863,Cardholder Does Not Recognize,Mastercard,1174.59,INR,2026-08-29,19,sports,standard,True,False,False,neither,67,0,5,False,False,"['billing_descriptor', 'customer_comms', 'ip_match']",merchant_won
DSP-001794,10.4,Fraud - Card Absent,Visa,1811.66,INR,2026-08-29,63,toys,standard,True,True,True,avs_only,587,1,3,True,False,"['avs_cvv', 'ip_match', 'delivery_proof', 'device_fingerprint']",merchant_lost
DSP-003185,4853,Cardholder Dispute - Defective,Mastercard,828.38,INR,2026-08-29,2,health,express,True,True,True,cvv_only,767,0,6,True,True,"['product_description', 'quality_cert', 'customer_comms']",merchant_won
DSP-001748,13.1,Merchandise Not Received,Visa,152.75,INR,2026-08-29,77,fashion,standard,True,True,True,both_match,35,0,11,False,True,"['shipping_confirmation', 'delivery_proof', 'tracking_url']",merchant_won
DSP-003893,4853,Cardholder Dispute - Defective,Mastercard,394.95,INR,2026-08-29,63,books,pickup,True,True,True,both_match,196,0,4,True,False,"['product_description', 'quality_cert', 'customer_comms']",merchant_won
DSP-003830,13.1,Merchandise Not Received,Visa,861.82,INR,2026-08-29,8,books,pickup,True,True,True,both_match,861,0,6,False,True,"['shipping_confirmation', 'delivery_proof', 'tracking_url']",merchant_won
DSP-002309,4853,Cardholder Dispute - Defective,Mastercard,1084.79,INR,2026-08-29,3,beauty,express,True,True,True,neither,34,0,9,False,True,"['product_description', 'quality_cert', 'customer_comms']",merchant_won
DSP-004941,13.1,Merchandise Not Received,Visa,1177.75,INR,2026-08-29,39,health,pickup,True,True,True,avs_only,1,0,4,False,False,"['shipping_confirmation', 'delivery_proof', 'tracking_url']",merchant_won
DSP-003476,4853,Cardholder Dispute - Defective,Mastercard,789.14,INR,2026-08-29,20,fashion,same_day,True,True,True,both_match,9,0,9,False,True,"['product_description', 'quality_cert', 'customer_comms']",merchant_won
DSP-002667,4837,No Cardholder Authorization,Mastercard,29000.41,INR,2026-08-29,61,toys,standard,False,False,True,cvv_only,104,0,0,False,True,"['3ds_authentication', 'avs_cvv', 'ip_match']",merchant_lost
DSP-004948,4837,No Cardholder Authorization,Mastercard,1457.26,INR,2026-08-29,16,sports,express,True,True,True,neither,173,0,3,False,True,"['3ds_authentication', 'avs_cvv', 'ip_match']",merchant_lost
DSP-003129,13.6,Credit Not Processed,Visa,4985.26,INR,2026-08-29,11,fashion,standard,True,True,False,both_match,517,0,12,True,False,"['refund_receipt', 'refund_arn', 'policy_terms']",merchant_won
DSP-001945,4855,Goods or Services Not Provided,Mastercard,1506.04,INR,2026-08-29,18,beauty,standard,True,False,True,both_match,124,0,5,False,False,"['shipping_confirmation', 'delivery_proof', 'signed_receipt']",merchant_won
DSP-003885,10.5,Fraud - Counterfeit,Visa,582.28,INR,2026-08-29,56,electronics,standard,False,False,False,both_match,123,1,5,False,True,"['emv_chip_data', 'pin_verification']",merchant_lost
DSP-003417,4860,Credit Not Processed (MC),Mastercard,729.14,INR,2026-08-29,11,grocery,standard,True,True,True,cvv_only,154,0,4,False,True,"['refund_receipt', 'refund_arn', 'policy_terms']",merchant_won
DSP-004244,10.4,Fraud - Card Absent,Visa,667.75,INR,2026-08-29,47,home,pickup,True,True,False,neither,251,0,2,False,False,"['avs_cvv', 'ip_match', 'delivery_proof', 'device_fingerprint']",merchant_won
DSP-000527,10.4,Fraud - Card Absent,Visa,933.72,INR,2026-08-29,3,sports,same_day,True,False,False,neither,143,0,2,False,False,"['avs_cvv', 'ip_match', 'delivery_proof', 'device_fingerprint']",merchant_lost
DSP-004489,13.1,Merchandise Not Received,Visa,378.11,INR,2026-08-29,2,automotive,standard,True,True,True,both_match,269,0,4,True,True,"['shipping_confirmation', 'delivery_proof', 'tracking_url']",merchant_won
DSP-001074,10.5,Fraud - Counterfeit,Visa,2724.23,INR,2026-08-29,3,health,pickup,True,True,True,neither,16,1,4,False,False,"['emv_chip_data', 'pin_verification']",merchant_lost
DSP-002126,4860,Credit Not Processed (MC),Mastercard,879.48,INR,2026-08-29,10,beauty,same_day,True,False,True,both_match,143,0,5,True,True,"['refund_receipt', 'refund_arn', 'policy_terms']",merchant_won
DSP-003408,4855,Goods or Services Not Provided,Mastercard,485.2,INR,2026-08-29,11,electronics,pickup,True,True,True,avs_only,60,0,6,True,True,"['shipping_confirmation', 'delivery_proof', 'signed_receipt']",merchant_lost
DSP-001313,4860,Credit Not Processed (MC),Mastercard,636.32,INR,2026-08-29,1,sports,standard,True,True,True,both_match,55,0,8,True,True,"['refund_receipt', 'refund_arn', 'policy_terms']",merchant_won
DSP-004044,4853,Cardholder Dispute - Defective,Mastercard,2558.06,INR,2026-08-29,3,health,same_day,True,True,True,both_match,318,2,5,True,True,"['product_description', 'quality_cert', 'customer_comms']",merchant_lost
DSP-001769,13.1,Merchandise Not Received,Visa,5010.22,INR,2026-08-29,36,home,express,True,True,True,cvv_only,51,0,4,False,False,"['shipping_confirmation', 'delivery_proof', 'tracking_url']",merchant_won
DSP-000937,13.1,Merchandise Not Received,Visa,213.43,INR,2026-08-29,4,beauty,express,True,True,True,both_match,320,0,1,True,True,"['shipping_confirmation', 'delivery_proof', 'tracking_url']",merchant_won
DSP-001975,10.5,Fraud - Counterfeit,Visa,2097.31,INR,2026-08-29,70,sports,pickup,True,False,False,neither,1,1,1,False,False,"['emv_chip_data', 'pin_verification']",merchant_lost
DSP-002979,4853,Cardholder Dispute - Defective,Mastercard,556.94,INR,2026-08-29,0,grocery,express,True,True,True,both_match,63,0,7,False,False,"['product_description', 'quality_cert', 'customer_comms']",merchant_won
DSP-003383,10.4,Fraud - Card Absent,Visa,3608.99,INR,2026-08-29,19,electronics,same_day,False,False,False,neither,334,1,2,True,False,"['avs_cvv', 'ip_match', 'delivery_proof', 'device_fingerprint']",merchant_lost
DSP-001870,13.1,Merchandise Not Received,Visa,616.31,INR,2026-08-29,7,electronics,same_day,True,True,True,both_match,43,0,10,True,True,"['shipping_confirmation', 'delivery_proof', 'tracking_url']",merchant_won
DSP-002882,10.5,Fraud - Counterfeit,Visa,1536.12,INR,2026-08-29,88,beauty,standard,True,True,True,both_match,61,0,3,False,False,"['emv_chip_data', 'pin_verification']",merchant_won
DSP-000838,13.1,Merchandise Not Received,Visa,4231.29,INR,2026-08-29,35,grocery,same_day,True,True,True,both_match,300,0,5,True,True,"['shipping_confirmation', 'delivery_proof', 'tracking_url']",merchant_won
DSP-002219,13.1,Merchandise Not Received,Visa,323.51,INR,2026-08-29,20,grocery,pickup,True,True,True,avs_only,426,0,2,True,True,"['shipping_confirmation', 'delivery_proof', 'tracking_url']",merchant_won
DSP-004642,10.5,Fraud - Counterfeit,Visa,10310.85,INR,2026-08-29,5,home,pickup,False,False,False,avs_only,216,0,3,False,True,"['emv_chip_data', 'pin_verification']",merchant_won
DSP-004826,13.6,Credit Not Processed,Visa,3578.25,INR,2026-08-29,13,books,standard,True,True,True,both_match,105,0,7,False,True,"['refund_receipt', 'refund_arn', 'policy_terms']",merchant_won
DSP-001985,4853,Cardholder Dispute - Defective,Mastercard,3905.88,INR,2026-08-29,4,beauty,pickup,True,True,False,neither,58,0,11,True,True,"['product_description', 'quality_cert', 'customer_comms']",merchant_lost
DSP-000173,4855,Goods or Services Not Provided,Mastercard,143.58,INR,2026-08-29,14,toys,pickup,False,False,True,neither,9,0,5,True,False,"['shipping_confirmation', 'delivery_proof', 'signed_receipt']",merchant_won
DSP-003787,4860,Credit Not Processed (MC),Mastercard,3744.11,INR,2026-08-29,1,toys,pickup,True,True,True,cvv_only,218,0,7,True,True,"['refund_receipt', 'refund_arn', 'policy_terms']",merchant_won
DSP-003292,4855,Goods or Services Not Provided,Mastercard,990.17,INR,2026-08-29,1,toys,same_day,True,True,True,both_match,687,0,6,False,True,"['shipping_confirmation', 'delivery_proof', 'signed_receipt']",merchant_won
DSP-001838,4863,Cardholder Does Not Recognize,Mastercard,1935.45,INR,2026-08-29,5,toys,standard,False,False,True,neither,56,1,1,False,True,"['billing_descriptor', 'customer_comms', 'ip_match']",merchant_lost
DSP-000050,10.4,Fraud - Card Absent,Visa,13173.65,INR,2026-08-29,22,electronics,standard,False,False,False,both_match,140,1,2,False,False,"['avs_cvv', 'ip_match', 'delivery_proof', 'device_fingerprint']",merchant_lost
DSP-002654,4860,Credit Not Processed (MC),Mastercard,5727.19,INR,2026-08-29,27,grocery,pickup,True,True,True,both_match,261,0,4,True,True,"['refund_receipt', 'refund_arn', 'policy_terms']",merchant_won
DSP-000658,13.1,Merchandise Not Received,Visa,2065.63,INR,2026-08-29,6,fashion,same_day,True,True,True,both_match,183,0,9,True,False,"['shipping_confirmation', 'delivery_proof', 'tracking_url']",merchant_won
DSP-004537,4853,Cardholder Dispute - Defective,Mastercard,454.02,INR,2026-08-29,59,health,same_day,False,False,True,both_match,87,0,7,True,False,"['product_description', 'quality_cert', 'customer_comms']",merchant_lost
DSP-004375,10.4,Fraud - Card Absent,Visa,200.2,INR,2026-08-29,19,toys,same_day,False,False,True,neither,74,1,0,False,False,"['avs_cvv', 'ip_match', 'delivery_proof', 'device_fingerprint']",merchant_lost
DSP-001585,10.5,Fraud - Counterfeit,Visa,747.38,INR,2026-08-29,23,grocery,express,True,True,False,neither,172,0,0,False,False,"['emv_chip_data', 'pin_verification']",merchant_lost
DSP-000089,4853,Cardholder Dispute - Defective,Mastercard,422.63,INR,2026-08-29,2,books,standard,True,True,True,both_match,85,0,4,True,True,"['product_description', 'quality_cert', 'customer_comms']",merchant_won
DSP-000677,10.4,Fraud - Card Absent,Visa,187.29,INR,2026-08-29,8,beauty,express,False,False,False,neither,151,1,3,True,False,"['avs_cvv', 'ip_match', 'delivery_proof', 'device_fingerprint']",merchant_lost
DSP-004690,13.3,Not as Described,Visa,9708.57,INR,2026-08-29,36,health,standard,False,False,False,both_match,31,0,4,False,True,"['product_description', 'customer_comms', 'return_policy']",merchant_won
DSP-000887,4863,Cardholder Does Not Recognize,Mastercard,4374.17,INR,2026-08-29,114,fashion,pickup,False,False,True,cvv_only,13,0,2,True,False,"['billing_descriptor', 'customer_comms', 'ip_match']",merchant_won
DSP-000289,4837,No Cardholder Authorization,Mastercard,2069.08,INR,2026-08-29,23,beauty,same_day,True,True,True,cvv_only,44,1,3,False,False,"['3ds_authentication', 'avs_cvv', 'ip_match']",merchant_lost
DSP-000104,13.1,Merchandise Not Received,Visa,2595.48,INR,2026-08-29,59,home,same_day,True,True,True,both_match,63,1,6,False,True,"['shipping_confirmation', 'delivery_proof', 'tracking_url']",merchant_won
DSP-002831,4853,Cardholder Dispute - Defective,Mastercard,498.99,INR,2026-08-29,3,home,express,False,False,True,both_match,160,0,7,True,True,"['product_description', 'quality_cert', 'customer_comms']",merchant_lost
DSP-001321,4837,No Cardholder Authorization,Mastercard,12754.63,INR,2026-08-29,3,fashion,express,False,False,False,neither,141,1,2,True,False,"['3ds_authentication', 'avs_cvv', 'ip_match']",merchant_lost
DSP-004255,13.1,Merchandise Not Received,Visa,960.0,INR,2026-08-29,9,home,standard,True,True,True,both_match,568,0,6,True,True,"['shipping_confirmation', 'delivery_proof', 'tracking_url']",merchant_won
DSP-004823,4863,Cardholder Does Not Recognize,Mastercard,1457.1,INR,2026-08-29,22,grocery,express,True,False,True,both_match,12,0,1,False,False,"['billing_descriptor', 'customer_comms', 'ip_match']",merchant_lost
DSP-000064,4855,Goods or Services Not Provided,Mastercard,2614.65,INR,2026-08-29,8,automotive,pickup,True,False,True,both_match,283,1,4,True,True,"['shipping_confirmation', 'delivery_proof', 'signed_receipt']",merchant_lost
DSP-002958,4860,Credit Not Processed (MC),Mastercard,1068.89,INR,2026-08-29,6,fashion,standard,True,True,True,both_match,103,0,2,True,True,"['refund_receipt', 'refund_arn', 'policy_terms']",merchant_won
DSP-003281,4863,Cardholder Does Not Recognize,Mastercard,1455.21,INR,2026-08-29,31,electronics,pickup,True,False,False,neither,296,0,4,False,False,"['billing_descriptor', 'customer_comms', 'ip_match']",merchant_won
DSP-001234,4855,Goods or Services Not Provided,Mastercard,793.83,INR,2026-08-29,49,toys,express,True,True,True,both_match,205,1,9,True,True,"['shipping_confirmation', 'delivery_proof', 'signed_receipt']",merchant_won
DSP-000312,4837,No Cardholder Authorization,Mastercard,1138.19,INR,2026-08-29,43,grocery,express,True,True,True,avs_only,272,1,3,True,False,"['3ds_authentication', 'avs_cvv', 'ip_match']",merchant_won
DSP-000400,4860,Credit Not Processed (MC),Mastercard,2336.01,INR,2026-08-29,13,grocery,standard,True,True,True,both_match,38,0,8,True,False,"['refund_receipt', 'refund_arn', 'policy_terms']",merchant_won
DSP-003223,4853,Cardholder Dispute - Defective,Mastercard,866.08,INR,2026-08-29,13,grocery,pickup,True,True,True,cvv_only,60,0,6,False,True,"['product_description', 'quality_cert', 'customer_comms']",merchant_lost
DSP-001457,13.3,Not as Described,Visa,4667.16,INR,2026-08-29,6,books,same_day,True,True,True,neither,504,0,7,True,True,"['product_description', 'customer_comms', 'return_policy']",merchant_won
DSP-000576,4853,Cardholder Dispute - Defective,Mastercard,1406.21,INR,2026-08-29,1,health,standard,True,True,False,both_match,257,0,6,False,True,"['product_description', 'quality_cert', 'customer_comms']",merchant_lost
DSP-003664,4837,No Cardholder Authorization,Mastercard,3253.6,INR,2026-08-29,18,electronics,pickup,True,False,True,avs_only,83,0,4,False,False,"['3ds_authentication', 'avs_cvv', 'ip_match']",merchant_lost
DSP-000083,4863,Cardholder Does Not Recognize,Mastercard,279.24,INR,2026-08-29,99,books,pickup,False,False,False,both_match,87,0,0,False,True,"['billing_descriptor', 'customer_comms', 'ip_match']",merchant_won
DSP-003314,13.6,Credit Not Processed,Visa,672.75,INR,2026-08-29,3,toys,pickup,True,True,True,avs_only,252,0,9,False,False,"['refund_receipt', 'refund_arn', 'policy_terms']",merchant_won
DSP-000911,13.6,Credit Not Processed,Visa,7740.48,INR,2026-08-29,54,automotive,standard,True,True,True,both_match,85,0,6,False,True,"['refund_receipt', 'refund_arn', 'policy_terms']",merchant_won
DSP-002994,10.5,Fraud - Counterfeit,Visa,620.06,INR,2026-08-29,10,electronics,express,True,True,True,neither,5,2,1,False,False,"['emv_chip_data', 'pin_verification']",merchant_won
DSP-002850,13.1,Merchandise Not Received,Visa,402.95,INR,2026-08-29,3,sports,express,False,False,True,both_match,67,0,8,False,False,"['shipping_confirmation', 'delivery_proof', 'tracking_url']",merchant_won
DSP-002593,4837,No Cardholder Authorization,Mastercard,7044.62,INR,2026-08-29,15,home,pickup,True,False,False,neither,301,0,0,False,False,"['3ds_authentication', 'avs_cvv', 'ip_match']",merchant_lost
DSP-004326,4860,Credit Not Processed (MC),Mastercard,375.95,INR,2026-08-29,4,books,standard,True,False,True,both_match,886,0,4,False,True,"['refund_receipt', 'refund_arn', 'policy_terms']",merchant_won
DSP-002355,10.4,Fraud - Card Absent,Visa,4326.8,INR,2026-08-29,21,books,same_day,False,False,False,neither,93,0,1,False,False,"['avs_cvv', 'ip_match', 'delivery_proof', 'device_fingerprint']",merchant_lost
DSP-003486,4837,No Cardholder Authorization,Mastercard,2713.67,INR,2026-08-29,9,sports,same_day,False,False,True,cvv_only,324,0,1,False,False,"['3ds_authentication', 'avs_cvv', 'ip_match']",merchant_lost
DSP-001353,4860,Credit Not Processed (MC),Mastercard,1753.77,INR,2026-08-29,39,home,same_day,True,True,True,neither,15,0,5,True,True,"['refund_receipt', 'refund_arn', 'policy_terms']",merchant_won
DSP-003423,4863,Cardholder Does Not Recognize,Mastercard,2488.07,INR,2026-08-29,7,health,same_day,True,True,True,both_match,15,0,1,True,False,"['billing_descriptor', 'customer_comms', 'ip_match']",merchant_lost
DSP-003045,4853,Cardholder Dispute - Defective,Mastercard,704.23,INR,2026-08-29,2,sports,same_day,True,True,True,cvv_only,17,0,10,True,True,"['product_description', 'quality_cert', 'customer_comms']",merchant_won
DSP-001078,4855,Goods or Services Not Provided,Mastercard,333.86,INR,2026-08-29,27,grocery,same_day,True,False,True,both_match,22,0,3,False,False,"['shipping_confirmation', 'delivery_proof', 'signed_receipt']",merchant_won
DSP-001729,10.4,Fraud - Card Absent,Visa,319.8,INR,2026-08-29,5,health,same_day,True,False,True,both_match,77,0,2,False,True,"['avs_cvv', 'ip_match', 'delivery_proof', 'device_fingerprint']",merchant_won
DSP-003583,4837,No Cardholder Authorization,Mastercard,5377.66,INR,2026-08-29,44,beauty,standard,False,False,False,neither,62,0,2,False,False,"['3ds_authentication', 'avs_cvv', 'ip_match']",merchant_lost
DSP-001922,4853,Cardholder Dispute - Defective,Mastercard,2953.08,INR,2026-08-29,18,grocery,pickup,True,True,True,both_match,73,0,6,True,True,"['product_description', 'quality_cert', 'customer_comms']",merchant_won
DSP-003969,13.1,Merchandise Not Received,Visa,702.09,INR,2026-08-29,18,health,same_day,True,True,True,both_match,64,0,6,False,True,"['shipping_confirmation', 'delivery_proof', 'tracking_url']",merchant_won
DSP-002369,4837,No Cardholder Authorization,Mastercard,679.1,INR,2026-08-29,7,beauty,pickup,False,False,False,neither,98,1,1,True,True,"['3ds_authentication', 'avs_cvv', 'ip_match']",merchant_lost
DSP-004621,4855,Goods or Services Not Provided,Mastercard,247.3,INR,2026-08-29,2,electronics,pickup,True,True,True,both_match,684,0,7,False,False,"['shipping_confirmation', 'delivery_proof', 'signed_receipt']",merchant_won
DSP-002200,13.3,Not as Described,Visa,183.15,INR,2026-08-29,1,grocery,pickup,False,False,True,both_match,674,0,6,False,True,"['product_description', 'customer_comms', 'return_policy']",merchant_lost
DSP-003895,4837,No Cardholder Authorization,Mastercard,3112.67,INR,2026-08-29,14,automotive,same_day,False,False,True,both_match,87,0,3,True,False,"['3ds_authentication', 'avs_cvv', 'ip_match']",merchant_lost
DSP-003073,10.4,Fraud - Card Absent,Visa,3304.76,INR,2026-08-29,11,home,same_day,False,False,True,cvv_only,107,0,2,False,True,"['avs_cvv', 'ip_match', 'delivery_proof', 'device_fingerprint']",merchant_lost
DSP-001159,13.6,Credit Not Processed,Visa,3302.62,INR,2026-08-29,6,fashion,standard,True,True,True,cvv_only,202,0,3,False,False,"['refund_receipt', 'refund_arn', 'policy_terms']",merchant_won
DSP-003058,13.3,Not as Described,Visa,1258.58,INR,2026-08-29,14,books,pickup,True,False,True,both_match,104,1,8,False,True,"['product_description', 'customer_comms', 'return_policy']",merchant_lost
DSP-003603,4855,Goods or Services Not Provided,Mastercard,150.35,INR,2026-08-29,1,health,pickup,True,True,True,both_match,861,0,7,False,True,"['shipping_confirmation', 'delivery_proof', 'signed_receipt']",merchant_won
DSP-004631,13.6,Credit Not Processed,Visa,2730.76,INR,2026-08-29,0,fashion,standard,True,True,True,both_match,353,1,7,False,False,"['refund_receipt', 'refund_arn', 'policy_terms']",merchant_won
DSP-002642,4860,Credit Not Processed (MC),Mastercard,614.34,INR,2026-08-29,10,automotive,express,True,True,True,both_match,124,0,6,True,True,"['refund_receipt', 'refund_arn', 'policy_terms']",merchant_won
DSP-002275,4853,Cardholder Dispute - Defective,Mastercard,163.28,INR,2026-08-29,20,automotive,express,True,True,True,both_match,347,0,3,True,False,"['product_description', 'quality_cert', 'customer_comms']",merchant_won
DSP-002790,13.6,Credit Not Processed,Visa,1102.14,INR,2026-08-29,40,home,pickup,True,False,True,both_match,431,1,4,True,True,"['refund_receipt', 'refund_arn', 'policy_terms']",merchant_won
DSP-002869,4855,Goods or Services Not Provided,Mastercard,192.96,INR,2026-08-29,4,beauty,same_day,True,True,True,both_match,290,0,7,False,False,"['shipping_confirmation', 'delivery_proof', 'signed_receipt']",merchant_won
DSP-004905,4863,Cardholder Does Not Recognize,Mastercard,2345.19,INR,2026-08-29,97,books,pickup,True,True,False,both_match,163,0,0,False,False,"['billing_descriptor', 'customer_comms', 'ip_match']",merchant_lost
DSP-003656,13.1,Merchandise Not Received,Visa,415.63,INR,2026-08-29,6,beauty,same_day,True,True,False,both_match,51,0,6,True,False,"['shipping_confirmation', 'delivery_proof', 'tracking_url']",merchant_won
DSP-001041,4853,Cardholder Dispute - Defective,Mastercard,218.57,INR,2026-08-29,3,automotive,same_day,True,False,True,both_match,154,1,5,False,True,"['product_description', 'quality_cert', 'customer_comms']",merchant_lost
DSP-001883,10.4,Fraud - Card Absent,Visa,567.99,INR,2026-08-29,52,sports,pickup,True,True,False,avs_only,205,2,0,False,False,"['avs_cvv', 'ip_match', 'delivery_proof', 'device_fingerprint']",merchant_won
DSP-000827,13.6,Credit Not Processed,Visa,476.83,INR,2026-08-29,8,grocery,same_day,True,True,True,both_match,174,0,7,True,False,"['refund_receipt', 'refund_arn', 'policy_terms']",merchant_won
DSP-001574,10.4,Fraud - Card Absent,Visa,11893.0,INR,2026-08-29,75,automotive,express,False,False,False,neither,1,2,4,False,True,"['avs_cvv', 'ip_match', 'delivery_proof', 'device_fingerprint']",merchant_lost
DSP-003333,13.6,Credit Not Processed,Visa,1182.31,INR,2026-08-29,13,health,same_day,True,True,True,both_match,379,1,8,False,False,"['refund_receipt', 'refund_arn', 'policy_terms']",merchant_won
DSP-004951,4863,Cardholder Does Not Recognize,Mastercard,11014.99,INR,2026-08-29,46,toys,express,True,False,True,avs_only,205,0,3,False,False,"['billing_descriptor', 'customer_comms', 'ip_match']",merchant_lost
DSP-003140,10.4,Fraud - Card Absent,Visa,6111.12,INR,2026-08-29,65,books,express,False,False,True,cvv_only,165,0,3,False,False,"['avs_cvv', 'ip_match', 'delivery_proof', 'device_fingerprint']",merchant_lost
DSP-000964,13.6,Credit Not Processed,Visa,1060.98,INR,2026-08-29,10,sports,standard,True,True,True,both_match,35,0,4,True,False,"['refund_receipt', 'refund_arn', 'policy_terms']",merchant_won
DSP-003229,4853,Cardholder Dispute - Defective,Mastercard,622.55,INR,2026-08-29,1,toys,express,True,True,True,both_match,371,0,6,False,True,"['product_description', 'quality_cert', 'customer_comms']",merchant_won
DSP-003242,4860,Credit Not Processed (MC),Mastercard,2349.11,INR,2026-08-29,0,health,pickup,True,True,True,both_match,328,0,11,False,False,"['refund_receipt', 'refund_arn', 'policy_terms']",merchant_won
DSP-002068,4853,Cardholder Dispute - Defective,Mastercard,5932.04,INR,2026-08-29,15,sports,pickup,True,False,True,both_match,653,0,3,False,True,"['product_description', 'quality_cert', 'customer_comms']",merchant_won
DSP-001288,10.4,Fraud - Card Absent,Visa,490.57,INR,2026-08-29,7,home,same_day,False,False,False,neither,14,1,2,False,False,"['avs_cvv', 'ip_match', 'delivery_proof', 'device_fingerprint']",merchant_lost
DSP-002268,4855,Goods or Services Not Provided,Mastercard,1059.88,INR,2026-08-29,22,sports,standard,True,True,False,avs_only,59,1,8,True,False,"['shipping_confirmation', 'delivery_proof', 'signed_receipt']",merchant_won
DSP-003798,4855,Goods or Services Not Provided,Mastercard,3331.99,INR,2026-08-29,1,sports,standard,True,False,False,both_match,144,0,4,True,False,"['shipping_confirmation', 'delivery_proof', 'signed_receipt']",merchant_won
DSP-003497,13.1,Merchandise Not Received,Visa,932.37,INR,2026-08-29,14,health,express,True,True,True,avs_only,196,0,6,True,True,"['shipping_confirmation', 'delivery_proof', 'tracking_url']",merchant_lost
DSP-001521,13.3,Not as Described,Visa,835.07,INR,2026-08-29,54,beauty,standard,True,True,True,both_match,50,0,7,False,False,"['product_description', 'customer_comms', 'return_policy']",merchant_won
DSP-001123,13.3,Not as Described,Visa,302.08,INR,2026-08-29,15,health,standard,False,False,False,both_match,89,0,9,True,True,"['product_description', 'customer_comms', 'return_policy']",merchant_won
DSP-000958,4860,Credit Not Processed (MC),Mastercard,899.1,INR,2026-08-29,0,sports,same_day,False,False,True,avs_only,137,0,9,True,True,"['refund_receipt', 'refund_arn', 'policy_terms']",merchant_won
DSP-002198,4853,Cardholder Dispute - Defective,Mastercard,2482.17,INR,2026-08-29,19,fashion,standard,True,True,True,both_match,770,0,2,False,True,"['product_description', 'quality_cert', 'customer_comms']",merchant_won
DSP-001516,13.1,Merchandise Not Received,Visa,2003.52,INR,2026-08-29,3,books,pickup,False,False,True,both_match,4,0,5,True,True,"['shipping_confirmation', 'delivery_proof', 'tracking_url']",merchant_lost
DSP-001824,10.4,Fraud - Card Absent,Visa,4898.51,INR,2026-08-29,75,fashion,express,True,False,False,avs_only,7,0,0,False,False,"['avs_cvv', 'ip_match', 'delivery_proof', 'device_fingerprint']",merchant_lost
DSP-003539,13.1,Merchandise Not Received,Visa,688.51,INR,2026-08-29,1,sports,standard,True,True,True,both_match,630,0,2,True,False,"['shipping_confirmation', 'delivery_proof', 'tracking_url']",merchant_won
DSP-004260,4863,Cardholder Does Not Recognize,Mastercard,1329.25,INR,2026-08-29,0,toys,same_day,True,True,True,cvv_only,5,0,1,True,True,"['billing_descriptor', 'customer_comms', 'ip_match']",merchant_won
DSP-003645,13.6,Credit Not Processed,Visa,472.04,INR,2026-08-29,2,fashion,same_day,False,False,True,both_match,141,0,6,True,False,"['refund_receipt', 'refund_arn', 'policy_terms']",merchant_won
DSP-004913,13.1,Merchandise Not Received,Visa,2031.23,INR,2026-08-29,1,books,same_day,True,True,True,neither,216,0,7,True,True,"['shipping_confirmation', 'delivery_proof', 'tracking_url']",merchant_lost
DSP-002025,4837,No Cardholder Authorization,Mastercard,1543.92,INR,2026-08-29,89,electronics,pickup,True,True,False,neither,28,0,1,False,False,"['3ds_authentication', 'avs_cvv', 'ip_match']",merchant_won
DSP-004545,4853,Cardholder Dispute - Defective,Mastercard,1993.15,INR,2026-08-29,37,toys,pickup,True,True,True,both_match,228,0,4,False,True,"['product_description', 'quality_cert', 'customer_comms']",merchant_won
DSP-000016,4855,Goods or Services Not Provided,Mastercard,996.13,INR,2026-08-29,2,home,standard,True,True,True,both_match,137,1,5,False,True,"['shipping_confirmation', 'delivery_proof', 'signed_receipt']",merchant_won
DSP-001597,4837,No Cardholder Authorization,Mastercard,531.27,INR,2026-08-29,8,automotive,standard,False,False,False,neither,199,0,1,False,False,"['3ds_authentication', 'avs_cvv', 'ip_match']",merchant_lost
DSP-001949,4860,Credit Not Processed (MC),Mastercard,1430.93,INR,2026-08-29,0,electronics,express,True,False,True,both_match,419,0,5,True,True,"['refund_receipt', 'refund_arn', 'policy_terms']",merchant_lost
DSP-003317,4860,Credit Not Processed (MC),Mastercard,2108.2,INR,2026-08-29,23,books,pickup,True,True,True,cvv_only,119,0,7,False,True,"['refund_receipt', 'refund_arn', 'policy_terms']",merchant_won
DSP-003168,13.6,Credit Not Processed,Visa,288.95,INR,2026-08-29,3,beauty,express,True,False,True,avs_only,171,0,6,True,True,"['refund_receipt', 'refund_arn', 'policy_terms']",merchant_won
DSP-003975,13.3,Not as Described,Visa,3393.66,INR,2026-08-29,7,beauty,express,True,True,True,both_match,69,0,8,True,False,"['product_description', 'customer_comms', 'return_policy']",merchant_won
DSP-001296,13.3,Not as Described,Visa,289.1,INR,2026-08-29,5,toys,pickup,True,True,True,both_match,221,0,9,True,True,"['product_description', 'customer_comms', 'return_policy']",merchant_won
DSP-003758,13.1,Merchandise Not Received,Visa,1430.96,INR,2026-08-29,20,fashion,standard,True,True,True,both_match,170,0,2,False,True,"['shipping_confirmation', 'delivery_proof', 'tracking_url']",merchant_won
DSP-003043,4860,Credit Not Processed (MC),Mastercard,9968.53,INR,2026-08-29,4,sports,express,True,True,True,both_match,134,0,4,True,True,"['refund_receipt', 'refund_arn', 'policy_terms']",merchant_won
DSP-000081,10.5,Fraud - Counterfeit,Visa,894.92,INR,2026-08-29,42,sports,pickup,True,False,True,neither,52,1,2,False,False,"['emv_chip_data', 'pin_verification']",merchant_lost
DSP-004724,4855,Goods or Services Not Provided,Mastercard,163.11,INR,2026-08-29,22,electronics,same_day,True,True,True,both_match,27,0,8,False,False,"['shipping_confirmation', 'delivery_proof', 'signed_receipt']",merchant_won
DSP-003728,13.6,Credit Not Processed,Visa,347.31,INR,2026-08-29,5,sports,pickup,True,True,True,cvv_only,436,0,6,False,True,"['refund_receipt', 'refund_arn', 'policy_terms']",merchant_won
DSP-003049,4837,No Cardholder Authorization,Mastercard,566.63,INR,2026-08-29,52,electronics,express,True,False,False,neither,50,0,2,False,False,"['3ds_authentication', 'avs_cvv', 'ip_match']",merchant_won
DSP-002403,4855,Goods or Services Not Provided,Mastercard,1080.62,INR,2026-08-29,4,toys,express,True,True,True,both_match,263,1,7,False,True,"['shipping_confirmation', 'delivery_proof', 'signed_receipt']",merchant_won
DSP-000828,4853,Cardholder Dispute - Defective,Mastercard,293.56,INR,2026-08-29,17,sports,express,True,True,True,both_match,209,0,6,False,True,"['product_description', 'quality_cert', 'customer_comms']",merchant_won
DSP-003529,4837,No Cardholder Authorization,Mastercard,6980.42,INR,2026-08-29,2,beauty,express,True,False,True,avs_only,117,1,1,False,False,"['3ds_authentication', 'avs_cvv', 'ip_match']",merchant_won
DSP-003405,10.4,Fraud - Card Absent,Visa,2556.88,INR,2026-08-29,11,beauty,express,True,False,True,cvv_only,110,1,1,False,False,"['avs_cvv', 'ip_match', 'delivery_proof', 'device_fingerprint']",merchant_lost
DSP-000254,4853,Cardholder Dispute - Defective,Mastercard,1554.67,INR,2026-08-29,5,beauty,standard,True,True,True,both_match,84,0,8,False,True,"['product_description', 'quality_cert', 'customer_comms']",merchant_won
DSP-004550,4863,Cardholder Does Not Recognize,Mastercard,527.96,INR,2026-08-29,13,automotive,pickup,False,False,False,neither,50,0,1,False,False,"['billing_descriptor', 'customer_comms', 'ip_match']",merchant_lost
DSP-001920,4855,Goods or Services Not Provided,Mastercard,11595.59,INR,2026-08-29,29,automotive,express,True,True,True,both_match,158,0,3,True,True,"['shipping_confirmation', 'delivery_proof', 'signed_receipt']",merchant_won
DSP-002519,4855,Goods or Services Not Provided,Mastercard,1823.71,INR,2026-08-29,40,fashion,pickup,True,True,True,both_match,160,0,2,False,False,"['shipping_confirmation', 'delivery_proof', 'signed_receipt']",merchant_won
DSP-000091,10.4,Fraud - Card Absent,Visa,376.28,INR,2026-08-29,45,grocery,standard,False,False,True,cvv_only,120,2,2,False,False,"['avs_cvv', 'ip_match', 'delivery_proof', 'device_fingerprint']",merchant_lost
DSP-003508,13.1,Merchandise Not Received,Visa,1100.59,INR,2026-08-29,4,home,same_day,True,True,True,both_match,75,0,5,False,True,"['shipping_confirmation', 'delivery_proof', 'tracking_url']",merchant_won
DSP-001237,13.3,Not as Described,Visa,4601.06,INR,2026-08-29,20,sports,express,True,False,True,both_match,207,0,6,False,False,"['product_description', 'customer_comms', 'return_policy']",merchant_lost
DSP-000447,10.4,Fraud - Card Absent,Visa,173.83,INR,2026-08-29,7,automotive,express,True,True,False,both_match,219,0,5,False,False,"['avs_cvv', 'ip_match', 'delivery_proof', 'device_fingerprint']",merchant_lost
DSP-003499,13.3,Not as Described,Visa,870.52,INR,2026-08-29,2,sports,standard,True,True,True,avs_only,68,0,2,True,False,"['product_description', 'customer_comms', 'return_policy']",merchant_won
DSP-000573,13.6,Credit Not Processed,Visa,1509.1,INR,2026-08-29,4,automotive,same_day,True,True,False,both_match,30,0,7,False,True,"['refund_receipt', 'refund_arn', 'policy_terms']",merchant_won
DSP-001698,10.4,Fraud - Card Absent,Visa,2529.59,INR,2026-08-29,22,health,same_day,True,True,False,both_match,47,1,0,False,False,"['avs_cvv', 'ip_match', 'delivery_proof', 'device_fingerprint']",merchant_won
DSP-001860,13.6,Credit Not Processed,Visa,1922.42,INR,2026-08-29,4,automotive,express,True,False,False,both_match,229,0,4,False,False,"['refund_receipt', 'refund_arn', 'policy_terms']",merchant_won
DSP-001295,13.6,Credit Not Processed,Visa,349.65,INR,2026-08-29,24,books,express,False,False,True,avs_only,111,2,6,True,False,"['refund_receipt', 'refund_arn', 'policy_terms']",merchant_won
DSP-003251,4863,Cardholder Does Not Recognize,Mastercard,3400.02,INR,2026-08-29,22,sports,pickup,False,False,False,both_match,360,1,2,True,True,"['billing_descriptor', 'customer_comms', 'ip_match']",merchant_won
DSP-002084,4860,Credit Not Processed (MC),Mastercard,339.01,INR,2026-08-29,16,books,standard,True,True,True,both_match,337,0,4,False,True,"['refund_receipt', 'refund_arn', 'policy_terms']",merchant_won
DSP-000577,13.6,Credit Not Processed,Visa,4886.75,INR,2026-08-29,17,sports,same_day,True,True,True,avs_only,0,0,8,True,True,"['refund_receipt', 'refund_arn', 'policy_terms']",merchant_won
DSP-000299,13.3,Not as Described,Visa,304.59,INR,2026-08-29,48,books,pickup,True,True,True,both_match,75,0,5,True,True,"['product_description', 'customer_comms', 'return_policy']",merchant_won
DSP-004662,4863,Cardholder Does Not Recognize,Mastercard,15049.26,INR,2026-08-29,16,grocery,standard,False,False,True,neither,125,1,3,False,False,"['billing_descriptor', 'customer_comms', 'ip_match']",merchant_lost
DSP-002232,4837,No Cardholder Authorization,Mastercard,2256.33,INR,2026-08-29,11,beauty,express,True,True,False,both_match,84,1,2,False,False,"['3ds_authentication', 'avs_cvv', 'ip_match']",merchant_won
DSP-003328,4837,No Cardholder Authorization,Mastercard,15559.51,INR,2026-08-29,25,beauty,standard,True,True,True,neither,70,0,2,False,False,"['3ds_authentication', 'avs_cvv', 'ip_match']",merchant_won
DSP-000245,10.4,Fraud - Card Absent,Visa,701.2,INR,2026-08-29,62,books,same_day,False,False,False,neither,122,2,2,True,False,"['avs_cvv', 'ip_match', 'delivery_proof', 'device_fingerprint']",merchant_lost
DSP-004284,4860,Credit Not Processed (MC),Mastercard,1148.34,INR,2026-08-29,1,sports,pickup,True,True,True,both_match,43,0,8,True,True,"['refund_receipt', 'refund_arn', 'policy_terms']",merchant_won
DSP-002000,4860,Credit Not Processed (MC),Mastercard,192.06,INR,2026-08-29,7,beauty,express,True,False,True,avs_only,263,1,5,True,False,"['refund_receipt', 'refund_arn', 'policy_terms']",merchant_lost
DSP-001735,10.5,Fraud - Counterfeit,Visa,3147.65,INR,2026-08-29,5,beauty,standard,False,False,True,neither,37,0,1,False,False,"['emv_chip_data', 'pin_verification']",merchant_lost
DSP-001768,13.1,Merchandise Not Received,Visa,3848.1,INR,2026-08-29,3,beauty,standard,True,False,True,both_match,321,0,8,False,True,"['shipping_confirmation', 'delivery_proof', 'tracking_url']",merchant_lost
DSP-001689,4853,Cardholder Dispute - Defective,Mastercard,2242.35,INR,2026-08-29,34,fashion,pickup,True,True,True,cvv_only,305,0,9,False,True,"['product_description', 'quality_cert', 'customer_comms']",merchant_won
DSP-002545,4855,Goods or Services Not Provided,Mastercard,3044.11,INR,2026-08-29,7,toys,standard,True,True,True,both_match,122,0,7,False,True,"['shipping_confirmation', 'delivery_proof', 'signed_receipt']",merchant_won
DSP-003805,4853,Cardholder Dispute - Defective,Mastercard,3221.11,INR,2026-08-29,9,toys,standard,True,False,True,both_match,37,0,8,False,True,"['product_description', 'quality_cert', 'customer_comms']",merchant_won
DSP-000255,10.4,Fraud - Card Absent,Visa,5076.19,INR,2026-08-29,12,automotive,standard,True,False,False,neither,34,0,3,False,True,"['avs_cvv', 'ip_match', 'delivery_proof', 'device_fingerprint']",merchant_lost
DSP-004184,13.1,Merchandise Not Received,Visa,567.35,INR,2026-08-29,14,books,pickup,True,False,True,both_match,494,0,6,False,True,"['shipping_confirmation', 'delivery_proof', 'tracking_url']",merchant_won
DSP-000928,13.3,Not as Described,Visa,529.74,INR,2026-08-29,18,books,express,True,True,True,both_match,188,0,1,True,True,"['product_description', 'customer_comms', 'return_policy']",merchant_lost
DSP-002759,13.1,Merchandise Not Received,Visa,509.98,INR,2026-08-29,22,electronics,standard,True,True,True,both_match,241,0,11,True,True,"['shipping_confirmation', 'delivery_proof', 'tracking_url']",merchant_won
DSP-000843,4853,Cardholder Dispute - Defective,Mastercard,970.68,INR,2026-08-29,16,toys,pickup,False,False,True,cvv_only,87,0,7,True,True,"['product_description', 'quality_cert', 'customer_comms']",merchant_lost
DSP-002373,4855,Goods or Services Not Provided,Mastercard,881.49,INR,2026-08-29,7,sports,express,True,True,True,cvv_only,36,0,6,False,True,"['shipping_confirmation', 'delivery_proof', 'signed_receipt']",merchant_won
DSP-003262,4837,No Cardholder Authorization,Mastercard,2857.02,INR,2026-08-29,27,books,pickup,False,False,True,cvv_only,3,0,1,False,False,"['3ds_authentication', 'avs_cvv', 'ip_match']",merchant_lost
DSP-000614,13.1,Merchandise Not Received,Visa,1310.24,INR,2026-08-29,6,electronics,same_day,True,False,False,avs_only,772,0,12,False,True,"['shipping_confirmation', 'delivery_proof', 'tracking_url']",merchant_won
DSP-003491,4863,Cardholder Does Not Recognize,Mastercard,817.38,INR,2026-08-29,60,beauty,express,False,False,False,avs_only,25,0,4,False,True,"['billing_descriptor', 'customer_comms', 'ip_match']",merchant_lost
DSP-004215,4863,Cardholder Does Not Recognize,Mastercard,1635.21,INR,2026-08-29,10,automotive,express,False,False,True,neither,26,1,3,False,False,"['billing_descriptor', 'customer_comms', 'ip_match']",merchant_lost
DSP-002675,4837,No Cardholder Authorization,Mastercard,1988.69,INR,2026-08-29,39,grocery,standard,False,False,False,avs_only,306,1,2,True,False,"['3ds_authentication', 'avs_cvv', 'ip_match']",merchant_won
DSP-003971,4853,Cardholder Dispute - Defective,Mastercard,479.45,INR,2026-08-29,4,fashion,same_day,False,False,True,both_match,87,0,1,False,False,"['product_description', 'quality_cert', 'customer_comms']",merchant_won
DSP-000637,4837,No Cardholder Authorization,Mastercard,3944.69,INR,2026-08-29,4,health,pickup,False,False,True,neither,73,0,0,False,False,"['3ds_authentication', 'avs_cvv', 'ip_match']",merchant_lost
DSP-001476,4853,Cardholder Dispute - Defective,Mastercard,1179.09,INR,2026-08-29,24,health,pickup,True,True,False,avs_only,160,0,6,False,True,"['product_description', 'quality_cert', 'customer_comms']",merchant_won
DSP-003478,4863,Cardholder Does Not Recognize,Mastercard,2131.24,INR,2026-08-29,5,beauty,standard,False,False,False,neither,145,0,4,False,False,"['billing_descriptor', 'customer_comms', 'ip_match']",merchant_lost
DSP-001523,13.1,Merchandise Not Received,Visa,74.59,INR,2026-08-29,8,fashion,same_day,True,False,True,cvv_only,567,0,12,False,True,"['shipping_confirmation', 'delivery_proof', 'tracking_url']",merchant_lost
DSP-002158,13.1,Merchandise Not Received,Visa,1543.19,INR,2026-08-29,3,fashion,pickup,True,True,True,neither,376,0,10,True,False,"['shipping_confirmation', 'delivery_proof', 'tracking_url']",merchant_won
DSP-004655,4855,Goods or Services Not Provided,Mastercard,8724.58,INR,2026-08-29,2,toys,standard,True,True,True,both_match,93,0,10,False,False,"['shipping_confirmation', 'delivery_proof', 'signed_receipt']",merchant_won
DSP-002146,4837,No Cardholder Authorization,Mastercard,1621.75,INR,2026-08-29,17,sports,same_day,False,False,False,cvv_only,41,0,2,False,False,"['3ds_authentication', 'avs_cvv', 'ip_match']",merchant_lost
DSP-002660,4837,No Cardholder Authorization,Mastercard,11554.77,INR,2026-08-29,3,sports,pickup,True,True,True,neither,80,2,1,False,False,"['3ds_authentication', 'avs_cvv', 'ip_match']",merchant_lost
DSP-000586,13.6,Credit Not Processed,Visa,399.98,INR,2026-08-29,32,books,pickup,True,True,True,avs_only,74,0,4,False,False,"['refund_receipt', 'refund_arn', 'policy_terms']",merchant_won
DSP-001190,4853,Cardholder Dispute - Defective,Mastercard,5058.46,INR,2026-08-29,44,beauty,same_day,True,False,True,both_match,188,0,10,False,True,"['product_description', 'quality_cert', 'customer_comms']",merchant_won
DSP-001859,10.4,Fraud - Card Absent,Visa,325.14,INR,2026-08-29,0,health,express,False,False,False,neither,33,1,1,False,False,"['avs_cvv', 'ip_match', 'delivery_proof', 'device_fingerprint']",merchant_lost
DSP-004563,4837,No Cardholder Authorization,Mastercard,2597.81,INR,2026-08-29,44,health,express,True,True,False,neither,26,0,3,True,False,"['3ds_authentication', 'avs_cvv', 'ip_match']",merchant_lost
DSP-002778,13.1,Merchandise Not Received,Visa,77.11,INR,2026-08-29,0,beauty,express,True,True,False,both_match,194,0,6,True,True,"['shipping_confirmation', 'delivery_proof', 'tracking_url']",merchant_won
DSP-001665,4860,Credit Not Processed (MC),Mastercard,499.65,INR,2026-08-29,45,books,express,True,False,True,cvv_only,20,0,7,True,False,"['refund_receipt', 'refund_arn', 'policy_terms']",merchant_lost
DSP-001455,13.1,Merchandise Not Received,Visa,588.05,INR,2026-08-29,15,fashion,express,True,True,True,both_match,252,0,4,True,True,"['shipping_confirmation', 'delivery_proof', 'tracking_url']",merchant_won
DSP-000788,4855,Goods or Services Not Provided,Mastercard,4458.5,INR,2026-08-29,7,toys,pickup,False,False,True,both_match,313,0,8,True,True,"['shipping_confirmation', 'delivery_proof', 'signed_receipt']",merchant_won
DSP-004938,4853,Cardholder Dispute - Defective,Mastercard,1175.14,INR,2026-08-29,0,grocery,pickup,True,True,True,both_match,53,0,5,True,False,"['product_description', 'quality_cert', 'customer_comms']",merchant_won
DSP-003255,4853,Cardholder Dispute - Defective,Mastercard,2230.3,INR,2026-08-29,2,health,pickup,True,True,True,both_match,138,0,5,False,True,"['product_description', 'quality_cert', 'customer_comms']",merchant_won
DSP-000511,10.4,Fraud - Card Absent,Visa,577.77,INR,2026-08-29,25,toys,pickup,False,False,True,neither,23,0,3,False,False,"['avs_cvv', 'ip_match', 'delivery_proof', 'device_fingerprint']",merchant_won
DSP-001264,4837,No Cardholder Authorization,Mastercard,2331.53,INR,2026-08-29,40,automotive,same_day,False,False,False,cvv_only,16,0,1,False,False,"['3ds_authentication', 'avs_cvv', 'ip_match']",merchant_won
DSP-002375,13.3,Not as Described,Visa,691.57,INR,2026-08-29,20,home,standard,True,True,True,cvv_only,193,0,6,True,False,"['product_description', 'customer_comms', 'return_policy']",merchant_won
DSP-001107,13.1,Merchandise Not Received,Visa,321.27,INR,2026-08-29,8,sports,express,True,True,True,both_match,103,0,4,False,True,"['shipping_confirmation', 'delivery_proof', 'tracking_url']",merchant_won
DSP-002471,4853,Cardholder Dispute - Defective,Mastercard,103.14,INR,2026-08-29,14,automotive,standard,True,False,True,both_match,111,0,9,True,True,"['product_description', 'quality_cert', 'customer_comms']",merchant_won
DSP-002691,4853,Cardholder Dispute - Defective,Mastercard,2110.69,INR,2026-08-29,0,grocery,standard,True,True,True,avs_only,644,0,4,False,True,"['product_description', 'quality_cert', 'customer_comms']",merchant_won
DSP-002812,13.3,Not as Described,Visa,2985.07,INR,2026-08-29,39,health,standard,True,True,True,both_match,212,0,9,False,False,"['product_description', 'customer_comms', 'return_policy']",merchant_won
DSP-001383,4837,No Cardholder Authorization,Mastercard,3607.96,INR,2026-08-29,30,electronics,pickup,True,False,False,neither,18,1,1,True,False,"['3ds_authentication', 'avs_cvv', 'ip_match']",merchant_lost
DSP-003526,4853,Cardholder Dispute - Defective,Mastercard,933.51,INR,2026-08-29,9,books,pickup,True,True,False,cvv_only,26,0,5,True,True,"['product_description', 'quality_cert', 'customer_comms']",merchant_won
DSP-004725,13.1,Merchandise Not Received,Visa,2430.44,INR,2026-08-29,12,grocery,same_day,False,False,True,both_match,44,0,8,True,True,"['shipping_confirmation', 'delivery_proof', 'tracking_url']",merchant_won
DSP-001339,4853,Cardholder Dispute - Defective,Mastercard,4648.87,INR,2026-08-29,20,home,standard,True,True,True,neither,245,0,10,False,True,"['product_description', 'quality_cert', 'customer_comms']",merchant_won
DSP-003753,13.3,Not as Described,Visa,615.88,INR,2026-08-29,24,home,pickup,True,False,True,cvv_only,304,0,7,False,True,"['product_description', 'customer_comms', 'return_policy']",merchant_won
DSP-004066,4837,No Cardholder Authorization,Mastercard,7321.11,INR,2026-08-29,39,books,express,False,False,True,avs_only,175,1,0,False,True,"['3ds_authentication', 'avs_cvv', 'ip_match']",merchant_lost
DSP-001424,10.4,Fraud - Card Absent,Visa,4657.52,INR,2026-08-29,8,beauty,same_day,True,True,False,avs_only,26,0,3,False,True,"['avs_cvv', 'ip_match', 'delivery_proof', 'device_fingerprint']",merchant_won
DSP-004096,4853,Cardholder Dispute - Defective,Mastercard,1972.8,INR,2026-08-29,57,books,express,True,True,True,both_match,291,0,5,False,True,"['product_description', 'quality_cert', 'customer_comms']",merchant_lost
DSP-000316,10.4,Fraud - Card Absent,Visa,1280.33,INR,2026-08-29,14,toys,same_day,True,True,False,avs_only,5,1,2,False,True,"['avs_cvv', 'ip_match', 'delivery_proof', 'device_fingerprint']",merchant_lost
DSP-003221,13.3,Not as Described,Visa,1271.53,INR,2026-08-29,0,grocery,standard,True,True,True,avs_only,188,0,2,True,True,"['product_description', 'customer_comms', 'return_policy']",merchant_won
DSP-004250,4863,Cardholder Does Not Recognize,Mastercard,5562.38,INR,2026-08-29,11,toys,same_day,False,False,True,neither,19,1,2,False,False,"['billing_descriptor', 'customer_comms', 'ip_match']",merchant_won
DSP-003381,4837,No Cardholder Authorization,Mastercard,1028.21,INR,2026-08-29,52,grocery,pickup,False,False,False,neither,140,1,0,False,True,"['3ds_authentication', 'avs_cvv', 'ip_match']",merchant_lost
DSP-002030,4863,Cardholder Does Not Recognize,Mastercard,5172.84,INR,2026-08-29,50,electronics,pickup,False,False,False,neither,88,0,2,True,False,"['billing_descriptor', 'customer_comms', 'ip_match']",merchant_lost
DSP-002840,4863,Cardholder Does Not Recognize,Mastercard,881.07,INR,2026-08-29,28,fashion,pickup,False,False,False,neither,48,0,1,True,False,"['billing_descriptor', 'customer_comms', 'ip_match']",merchant_lost
DSP-000408,4863,Cardholder Does Not Recognize,Mastercard,45323.8,INR,2026-08-29,20,grocery,express,False,False,True,both_match,42,1,1,False,False,"['billing_descriptor', 'customer_comms', 'ip_match']",merchant_won
DSP-002996,4855,Goods or Services Not Provided,Mastercard,265.72,INR,2026-08-29,4,automotive,standard,True,False,False,both_match,558,0,6,False,True,"['shipping_confirmation', 'delivery_proof', 'signed_receipt']",merchant_won
DSP-002794,13.6,Credit Not Processed,Visa,807.44,INR,2026-08-29,6,toys,express,True,False,True,both_match,40,0,4,False,True,"['refund_receipt', 'refund_arn', 'policy_terms']",merchant_won
DSP-000288,4860,Credit Not Processed (MC),Mastercard,151.47,INR,2026-08-29,22,sports,standard,True,True,True,both_match,4,0,6,True,True,"['refund_receipt', 'refund_arn', 'policy_terms']",merchant_won
DSP-003780,13.6,Credit Not Processed,Visa,2647.96,INR,2026-08-29,9,fashion,express,True,True,True,avs_only,386,0,3,True,False,"['refund_receipt', 'refund_arn', 'policy_terms']",merchant_won
DSP-002851,4853,Cardholder Dispute - Defective,Mastercard,209.84,INR,2026-08-29,37,health,same_day,True,False,True,both_match,221,0,6,False,False,"['product_description', 'quality_cert', 'customer_comms']",merchant_lost
DSP-001348,4837,No Cardholder Authorization,Mastercard,905.41,INR,2026-08-29,30,electronics,pickup,True,False,False,both_match,103,1,1,True,False,"['3ds_authentication', 'avs_cvv', 'ip_match']",merchant_lost
DSP-000645,13.3,Not as Described,Visa,236.22,INR,2026-08-29,32,sports,same_day,False,False,True,both_match,27,0,12,True,True,"['product_description', 'customer_comms', 'return_policy']",merchant_won
DSP-002448,4837,No Cardholder Authorization,Mastercard,169.24,INR,2026-08-29,34,automotive,express,True,True,False,neither,37,0,2,False,True,"['3ds_authentication', 'avs_cvv', 'ip_match']",merchant_lost
DSP-001426,4860,Credit Not Processed (MC),Mastercard,995.33,INR,2026-08-29,6,toys,pickup,True,True,True,both_match,15,0,7,False,True,"['refund_receipt', 'refund_arn', 'policy_terms']",merchant_won
DSP-004564,4837,No Cardholder Authorization,Mastercard,586.79,INR,2026-08-29,13,electronics,standard,True,False,False,both_match,89,0,1,False,False,"['3ds_authentication', 'avs_cvv', 'ip_match']",merchant_lost
DSP-004067,10.4,Fraud - Card Absent,Visa,1248.85,INR,2026-08-29,6,automotive,express,False,False,True,cvv_only,13,2,2,False,False,"['avs_cvv', 'ip_match', 'delivery_proof', 'device_fingerprint']",merchant_lost
DSP-002707,13.6,Credit Not Processed,Visa,1044.88,INR,2026-08-29,4,grocery,pickup,True,True,True,avs_only,359,0,5,False,True,"['refund_receipt', 'refund_arn', 'policy_terms']",merchant_won
DSP-004646,13.1,Merchandise Not Received,Visa,122.23,INR,2026-08-29,48,electronics,express,True,True,True,both_match,241,0,5,False,False,"['shipping_confirmation', 'delivery_proof', 'tracking_url']",merchant_won
DSP-004863,4837,No Cardholder Authorization,Mastercard,757.73,INR,2026-08-29,19,toys,express,True,False,False,both_match,34,1,2,False,True,"['3ds_authentication', 'avs_cvv', 'ip_match']",merchant_lost
DSP-000434,4853,Cardholder Dispute - Defective,Mastercard,2612.52,INR,2026-08-29,24,books,pickup,True,True,True,avs_only,21,0,5,False,True,"['product_description', 'quality_cert', 'customer_comms']",merchant_won
DSP-003874,4860,Credit Not Processed (MC),Mastercard,2515.86,INR,2026-08-29,9,fashion,standard,True,True,True,both_match,51,0,9,True,True,"['refund_receipt', 'refund_arn', 'policy_terms']",merchant_won
DSP-001705,4837,No Cardholder Authorization,Mastercard,9618.65,INR,2026-08-29,2,automotive,standard,True,True,False,avs_only,144,0,1,False,False,"['3ds_authentication', 'avs_cvv', 'ip_match']",merchant_lost
DSP-004728,4860,Credit Not Processed (MC),Mastercard,482.24,INR,2026-08-29,50,home,express,True,True,True,both_match,285,0,6,False,True,"['refund_receipt', 'refund_arn', 'policy_terms']",merchant_won
DSP-000634,13.1,Merchandise Not Received,Visa,369.14,INR,2026-08-29,0,home,same_day,True,True,True,both_match,417,0,10,False,True,"['shipping_confirmation', 'delivery_proof', 'tracking_url']",merchant_won
DSP-003563,10.5,Fraud - Counterfeit,Visa,2851.99,INR,2026-08-29,2,automotive,standard,True,True,False,cvv_only,301,1,1,False,False,"['emv_chip_data', 'pin_verification']",merchant_won
DSP-004293,10.4,Fraud - Card Absent,Visa,478.28,INR,2026-08-29,29,electronics,express,False,False,False,neither,333,0,2,False,False,"['avs_cvv', 'ip_match', 'delivery_proof', 'device_fingerprint']",merchant_lost
DSP-000903,10.5,Fraud - Counterfeit,Visa,3356.57,INR,2026-08-29,95,home,express,True,True,True,neither,59,1,3,False,False,"['emv_chip_data', 'pin_verification']",merchant_lost
DSP-003547,4837,No Cardholder Authorization,Mastercard,5873.9,INR,2026-08-29,4,grocery,pickup,False,False,True,avs_only,8,1,3,True,False,"['3ds_authentication', 'avs_cvv', 'ip_match']",merchant_lost
DSP-004364,4860,Credit Not Processed (MC),Mastercard,196.04,INR,2026-08-29,11,electronics,standard,False,False,True,avs_only,34,0,5,True,False,"['refund_receipt', 'refund_arn', 'policy_terms']",merchant_won
DSP-000330,10.4,Fraud - Card Absent,Visa,1106.43,INR,2026-08-29,42,fashion,express,False,False,True,neither,23,0,2,False,False,"['avs_cvv', 'ip_match', 'delivery_proof', 'device_fingerprint']",merchant_lost
DSP-004860,10.4,Fraud - Card Absent,Visa,1503.2,INR,2026-08-29,53,beauty,pickup,True,True,False,neither,40,1,2,False,True,"['avs_cvv', 'ip_match', 'delivery_proof', 'device_fingerprint']",merchant_lost
DSP-003920,4863,Cardholder Does Not Recognize,Mastercard,1264.57,INR,2026-08-29,11,home,same_day,True,True,True,cvv_only,85,1,1,False,True,"['billing_descriptor', 'customer_comms', 'ip_match']",merchant_lost
DSP-001666,13.1,Merchandise Not Received,Visa,1854.08,INR,2026-08-29,3,electronics,express,False,False,True,both_match,107,0,7,False,True,"['shipping_confirmation', 'delivery_proof', 'tracking_url']",merchant_won
DSP-000797,10.5,Fraud - Counterfeit,Visa,132.07,INR,2026-08-29,67,sports,pickup,False,False,False,avs_only,155,2,4,True,True,"['emv_chip_data', 'pin_verification']",merchant_lost
DSP-000253,13.3,Not as Described,Visa,679.42,INR,2026-08-29,7,grocery,express,True,True,True,both_match,93,0,10,False,True,"['product_description', 'customer_comms', 'return_policy']",merchant_won
DSP-001618,10.4,Fraud - Card Absent,Visa,956.04,INR,2026-08-29,4,health,express,True,True,False,cvv_only,10,2,1,False,False,"['avs_cvv', 'ip_match', 'delivery_proof', 'device_fingerprint']",merchant_lost
DSP-003730,10.4,Fraud - Card Absent,Visa,459.77,INR,2026-08-29,70,health,standard,False,False,False,neither,173,1,4,False,False,"['avs_cvv', 'ip_match', 'delivery_proof', 'device_fingerprint']",merchant_lost
DSP-004339,4855,Goods or Services Not Provided,Mastercard,2330.17,INR,2026-08-29,14,sports,pickup,True,True,True,both_match,597,0,4,False,False,"['shipping_confirmation', 'delivery_proof', 'signed_receipt']",merchant_won
DSP-004315,4855,Goods or Services Not Provided,Mastercard,2061.81,INR,2026-08-29,39,fashion,express,False,False,True,both_match,285,0,8,False,True,"['shipping_confirmation', 'delivery_proof', 'signed_receipt']",merchant_lost
DSP-001932,13.3,Not as Described,Visa,1235.25,INR,2026-08-29,12,beauty,express,False,False,True,both_match,84,0,5,True,True,"['product_description', 'customer_comms', 'return_policy']",merchant_won
DSP-004716,4860,Credit Not Processed (MC),Mastercard,1415.01,INR,2026-08-29,9,toys,standard,True,True,True,both_match,257,0,5,False,True,"['refund_receipt', 'refund_arn', 'policy_terms']",merchant_won
DSP-000137,4853,Cardholder Dispute - Defective,Mastercard,645.09,INR,2026-08-29,3,sports,standard,True,True,True,both_match,75,0,7,True,True,"['product_description', 'quality_cert', 'customer_comms']",merchant_lost
DSP-002890,13.1,Merchandise Not Received,Visa,430.81,INR,2026-08-29,9,sports,standard,True,True,True,cvv_only,43,0,11,True,True,"['shipping_confirmation', 'delivery_proof', 'tracking_url']",merchant_won
DSP-000856,13.1,Merchandise Not Received,Visa,804.31,INR,2026-08-29,5,home,same_day,True,True,True,both_match,307,0,10,False,True,"['shipping_confirmation', 'delivery_proof', 'tracking_url']",merchant_won
DSP-004165,13.3,Not as Described,Visa,271.95,INR,2026-08-29,0,sports,same_day,True,True,True,both_match,45,0,3,False,True,"['product_description', 'customer_comms', 'return_policy']",merchant_won
DSP-003121,4855,Goods or Services Not Provided,Mastercard,237.1,INR,2026-08-29,1,sports,standard,True,False,True,both_match,101,0,8,True,True,"['shipping_confirmation', 'delivery_proof', 'signed_receipt']",merchant_won
DSP-003845,13.6,Credit Not Processed,Visa,511.45,INR,2026-08-29,0,fashion,same_day,True,True,True,both_match,1052,0,4,True,True,"['refund_receipt', 'refund_arn', 'policy_terms']",merchant_won
DSP-001968,4853,Cardholder Dispute - Defective,Mastercard,10016.29,INR,2026-08-29,4,beauty,express,True,True,True,avs_only,14,0,8,True,True,"['product_description', 'quality_cert', 'customer_comms']",merchant_won
DSP-004581,4860,Credit Not Processed (MC),Mastercard,585.34,INR,2026-08-29,15,fashion,same_day,True,True,True,cvv_only,60,0,3,False,True,"['refund_receipt', 'refund_arn', 'policy_terms']",merchant_won
DSP-002521,13.1,Merchandise Not Received,Visa,2221.05,INR,2026-08-29,2,grocery,express,True,True,False,both_match,56,0,5,False,True,"['shipping_confirmation', 'delivery_proof', 'tracking_url']",merchant_won
DSP-002161,10.4,Fraud - Card Absent,Visa,572.25,INR,2026-08-29,57,health,express,True,False,False,avs_only,37,1,6,False,True,"['avs_cvv', 'ip_match', 'delivery_proof', 'device_fingerprint']",merchant_lost
DSP-000169,10.4,Fraud - Card Absent,Visa,792.46,INR,2026-08-29,29,electronics,pickup,False,False,False,avs_only,22,2,1,False,False,"['avs_cvv', 'ip_match', 'delivery_proof', 'device_fingerprint']",merchant_lost
DSP-003152,13.6,Credit Not Processed,Visa,420.55,INR,2026-08-29,47,toys,standard,True,True,True,neither,167,0,5,True,True,"['refund_receipt', 'refund_arn', 'policy_terms']",merchant_lost
DSP-002055,10.4,Fraud - Card Absent,Visa,1852.62,INR,2026-08-29,30,toys,standard,True,False,False,neither,39,2,0,True,False,"['avs_cvv', 'ip_match', 'delivery_proof', 'device_fingerprint']",merchant_won
DSP-002330,10.4,Fraud - Card Absent,Visa,3369.51,INR,2026-08-29,3,toys,express,True,False,True,avs_only,119,1,2,False,False,"['avs_cvv', 'ip_match', 'delivery_proof', 'device_fingerprint']",merchant_won
DSP-002815,4860,Credit Not Processed (MC),Mastercard,397.97,INR,2026-08-29,8,beauty,standard,False,False,True,both_match,953,0,7,False,False,"['refund_receipt', 'refund_arn', 'policy_terms']",merchant_lost
DSP-004464,13.3,Not as Described,Visa,3298.44,INR,2026-08-29,22,toys,express,True,True,True,avs_only,56,1,1,False,True,"['product_description', 'customer_comms', 'return_policy']",merchant_won
DSP-002741,4855,Goods or Services Not Provided,Mastercard,3791.1,INR,2026-08-29,12,electronics,same_day,True,True,True,both_match,518,0,4,False,True,"['shipping_confirmation', 'delivery_proof', 'signed_receipt']",merchant_lost
DSP-000027,4837,No Cardholder Authorization,Mastercard,17922.92,INR,2026-08-29,0,sports,same_day,False,False,False,neither,138,2,6,True,False,"['3ds_authentication', 'avs_cvv', 'ip_match']",merchant_lost
DSP-000540,4855,Goods or Services Not Provided,Mastercard,9705.47,INR,2026-08-29,2,grocery,pickup,True,True,True,both_match,219,0,7,False,True,"['shipping_confirmation', 'delivery_proof', 'signed_receipt']",merchant_won
DSP-000363,4837,No Cardholder Authorization,Mastercard,2278.72,INR,2026-08-29,29,sports,same_day,False,False,True,neither,68,0,1,False,True,"['3ds_authentication', 'avs_cvv', 'ip_match']",merchant_lost
DSP-004981,4863,Cardholder Does Not Recognize,Mastercard,101.58,INR,2026-08-29,29,sports,standard,False,False,True,cvv_only,59,1,1,True,False,"['billing_descriptor', 'customer_comms', 'ip_match']",merchant_lost
DSP-003968,4863,Cardholder Does Not Recognize,Mastercard,4009.1,INR,2026-08-29,26,electronics,standard,False,False,True,both_match,113,1,2,False,False,"['billing_descriptor', 'customer_comms', 'ip_match']",merchant_lost
DSP-001981,4853,Cardholder Dispute - Defective,Mastercard,606.35,INR,2026-08-29,13,toys,express,True,True,False,both_match,45,0,3,True,True,"['product_description', 'quality_cert', 'customer_comms']",merchant_won
DSP-003666,4863,Cardholder Does Not Recognize,Mastercard,3014.61,INR,2026-08-29,3,automotive,pickup,False,False,False,neither,86,0,4,True,False,"['billing_descriptor', 'customer_comms', 'ip_match']",merchant_lost
DSP-003452,4863,Cardholder Does Not Recognize,Mastercard,1292.63,INR,2026-08-29,25,sports,standard,False,False,False,neither,354,0,3,True,False,"['billing_descriptor', 'customer_comms', 'ip_match']",merchant_won
DSP-001613,4837,No Cardholder Authorization,Mastercard,2767.4,INR,2026-08-29,2,health,same_day,False,False,True,avs_only,22,0,1,False,True,"['3ds_authentication', 'avs_cvv', 'ip_match']",merchant_lost
DSP-003250,4837,No Cardholder Authorization,Mastercard,4832.0,INR,2026-08-29,42,home,standard,True,False,False,both_match,193,2,0,True,False,"['3ds_authentication', 'avs_cvv', 'ip_match']",merchant_lost
DSP-000486,4863,Cardholder Does Not Recognize,Mastercard,4248.62,INR,2026-08-29,38,sports,pickup,False,False,True,avs_only,35,0,1,False,False,"['billing_descriptor', 'customer_comms', 'ip_match']",merchant_won
DSP-000871,13.1,Merchandise Not Received,Visa,443.94,INR,2026-08-29,22,toys,express,True,True,True,both_match,245,1,4,True,False,"['shipping_confirmation', 'delivery_proof', 'tracking_url']",merchant_won
DSP-003397,4863,Cardholder Does Not Recognize,Mastercard,5595.73,INR,2026-08-29,39,home,pickup,False,False,True,both_match,0,1,2,False,True,"['billing_descriptor', 'customer_comms', 'ip_match']",merchant_lost
DSP-000310,4863,Cardholder Does Not Recognize,Mastercard,4313.68,INR,2026-08-29,17,toys,express,False,False,False,both_match,46,0,4,False,False,"['billing_descriptor', 'customer_comms', 'ip_match']",merchant_won
DSP-001345,4855,Goods or Services Not Provided,Mastercard,385.08,INR,2026-08-29,3,books,express,True,True,True,both_match,230,0,4,False,True,"['shipping_confirmation', 'delivery_proof', 'signed_receipt']",merchant_won
DSP-002518,4853,Cardholder Dispute - Defective,Mastercard,2890.46,INR,2026-08-29,25,sports,same_day,False,False,True,both_match,176,0,9,True,True,"['product_description', 'quality_cert', 'customer_comms']",merchant_won
DSP-004953,4853,Cardholder Dispute - Defective,Mastercard,3643.58,INR,2026-08-29,11,fashion,same_day,True,True,True,both_match,291,1,5,False,True,"['product_description', 'quality_cert', 'customer_comms']",merchant_won
DSP-002584,4863,Cardholder Does Not Recognize,Mastercard,363.1,INR,2026-08-29,38,health,standard,True,False,True,neither,87,0,2,False,True,"['billing_descriptor', 'customer_comms', 'ip_match']",merchant_lost
DSP-003263,4855,Goods or Services Not Provided,Mastercard,1870.2,INR,2026-08-29,32,toys,express,True,True,True,both_match,14,0,12,True,False,"['shipping_confirmation', 'delivery_proof', 'signed_receipt']",merchant_won
DSP-003848,4853,Cardholder Dispute - Defective,Mastercard,268.81,INR,2026-08-29,12,grocery,express,True,True,True,both_match,117,0,9,False,True,"['product_description', 'quality_cert', 'customer_comms']",merchant_won
DSP-003846,4853,Cardholder Dispute - Defective,Mastercard,1862.83,INR,2026-08-29,15,beauty,standard,True,False,False,both_match,69,0,8,False,False,"['product_description', 'quality_cert', 'customer_comms']",merchant_lost
DSP-003967,4837,No Cardholder Authorization,Mastercard,228.04,INR,2026-08-29,5,grocery,same_day,True,False,False,both_match,95,1,2,False,False,"['3ds_authentication', 'avs_cvv', 'ip_match']",merchant_lost
DSP-004677,13.1,Merchandise Not Received,Visa,2631.16,INR,2026-08-29,39,fashion,standard,True,True,True,avs_only,597,0,4,False,True,"['shipping_confirmation', 'delivery_proof', 'tracking_url']",merchant_won
DSP-002614,4853,Cardholder Dispute - Defective,Mastercard,959.23,INR,2026-08-29,11,automotive,same_day,True,True,True,both_match,102,0,6,False,True,"['product_description', 'quality_cert', 'customer_comms']",merchant_won
DSP-000129,10.4,Fraud - Card Absent,Visa,2141.21,INR,2026-08-29,19,fashion,express,True,True,True,both_match,111,2,2,True,False,"['avs_cvv', 'ip_match', 'delivery_proof', 'device_fingerprint']",merchant_won
DSP-003235,10.4,Fraud - Card Absent,Visa,961.37,INR,2026-08-29,21,electronics,standard,False,False,False,avs_only,343,0,4,True,False,"['avs_cvv', 'ip_match', 'delivery_proof', 'device_fingerprint']",merchant_lost
DSP-002789,13.6,Credit Not Processed,Visa,333.08,INR,2026-08-29,2,health,same_day,True,True,True,both_match,389,0,7,False,True,"['refund_receipt', 'refund_arn', 'policy_terms']",merchant_won
DSP-001357,4863,Cardholder Does Not Recognize,Mastercard,2010.3,INR,2026-08-29,6,sports,pickup,True,True,False,cvv_only,242,1,5,True,False,"['billing_descriptor', 'customer_comms', 'ip_match']",merchant_lost
DSP-000204,13.1,Merchandise Not Received,Visa,2039.39,INR,2026-08-29,5,health,standard,True,True,True,both_match,581,0,2,True,False,"['shipping_confirmation', 'delivery_proof', 'tracking_url']",merchant_lost
DSP-001911,4863,Cardholder Does Not Recognize,Mastercard,4705.18,INR,2026-08-29,1,beauty,pickup,True,True,False,both_match,0,2,2,False,False,"['billing_descriptor', 'customer_comms', 'ip_match']",merchant_lost
DSP-001648,4837,No Cardholder Authorization,Mastercard,746.98,INR,2026-08-29,71,fashion,standard,True,True,True,cvv_only,44,1,2,False,False,"['3ds_authentication', 'avs_cvv', 'ip_match']",merchant_won
DSP-004770,4860,Credit Not Processed (MC),Mastercard,421.22,INR,2026-08-29,0,beauty,pickup,True,True,True,both_match,445,0,6,False,False,"['refund_receipt', 'refund_arn', 'policy_terms']",merchant_won
DSP-001103,13.3,Not as Described,Visa,608.71,INR,2026-08-29,1,home,pickup,True,True,True,both_match,234,1,3,True,True,"['product_description', 'customer_comms', 'return_policy']",merchant_won
DSP-002631,13.6,Credit Not Processed,Visa,2705.18,INR,2026-08-29,5,grocery,standard,False,False,False,both_match,355,0,7,True,False,"['refund_receipt', 'refund_arn', 'policy_terms']",merchant_won
DSP-001548,4837,No Cardholder Authorization,Mastercard,445.84,INR,2026-08-29,10,toys,pickup,False,False,False,avs_only,130,1,3,False,False,"['3ds_authentication', 'avs_cvv', 'ip_match']",merchant_lost
DSP-004042,4863,Cardholder Does Not Recognize,Mastercard,436.46,INR,2026-08-29,40,grocery,pickup,False,False,False,cvv_only,101,0,3,False,False,"['billing_descriptor', 'customer_comms', 'ip_match']",merchant_won
DSP-002763,4863,Cardholder Does Not Recognize,Mastercard,1352.25,INR,2026-08-29,16,electronics,pickup,True,True,True,avs_only,246,1,1,False,False,"['billing_descriptor', 'customer_comms', 'ip_match']",merchant_won
DSP-004853,4855,Goods or Services Not Provided,Mastercard,418.72,INR,2026-08-29,24,books,express,True,True,True,both_match,501,0,16,True,True,"['shipping_confirmation', 'delivery_proof', 'signed_receipt']",merchant_won
DSP-003027,13.1,Merchandise Not Received,Visa,1310.04,INR,2026-08-29,0,home,express,True,True,True,both_match,225,0,6,True,True,"['shipping_confirmation', 'delivery_proof', 'tracking_url']",merchant_won
DSP-002406,10.4,Fraud - Card Absent,Visa,5781.53,INR,2026-08-29,83,health,standard,False,False,True,neither,22,0,1,False,False,"['avs_cvv', 'ip_match', 'delivery_proof', 'device_fingerprint']",merchant_lost
DSP-003479,13.1,Merchandise Not Received,Visa,10078.27,INR,2026-08-29,1,toys,same_day,True,True,True,both_match,33,0,7,True,True,"['shipping_confirmation', 'delivery_proof', 'tracking_url']",merchant_won
DSP-003856,13.6,Credit Not Processed,Visa,4909.93,INR,2026-08-29,33,home,express,True,True,True,both_match,117,0,3,True,False,"['refund_receipt', 'refund_arn', 'policy_terms']",merchant_won
DSP-000300,4837,No Cardholder Authorization,Mastercard,126.85,INR,2026-08-29,11,beauty,standard,False,False,False,neither,224,1,5,False,False,"['3ds_authentication', 'avs_cvv', 'ip_match']",merchant_lost
DSP-003023,4837,No Cardholder Authorization,Mastercard,734.02,INR,2026-08-29,0,books,same_day,False,False,True,neither,90,0,2,False,False,"['3ds_authentication', 'avs_cvv', 'ip_match']",merchant_lost
DSP-004254,13.6,Credit Not Processed,Visa,1028.7,INR,2026-08-29,26,home,standard,True,True,True,both_match,88,0,2,True,True,"['refund_receipt', 'refund_arn', 'policy_terms']",merchant_won
DSP-001941,13.3,Not as Described,Visa,7647.94,INR,2026-08-29,12,automotive,pickup,True,False,True,cvv_only,39,0,7,True,False,"['product_description', 'customer_comms', 'return_policy']",merchant_won
DSP-002680,13.1,Merchandise Not Received,Visa,346.79,INR,2026-08-29,46,health,pickup,True,True,True,both_match,103,1,9,False,True,"['shipping_confirmation', 'delivery_proof', 'tracking_url']",merchant_won
DSP-001814,4860,Credit Not Processed (MC),Mastercard,3744.08,INR,2026-08-29,0,health,express,True,True,False,both_match,61,0,4,True,True,"['refund_receipt', 'refund_arn', 'policy_terms']",merchant_won
DSP-004361,4863,Cardholder Does Not Recognize,Mastercard,688.84,INR,2026-08-29,5,electronics,express,False,False,True,neither,38,1,2,False,True,"['billing_descriptor', 'customer_comms', 'ip_match']",merchant_lost
DSP-000122,10.5,Fraud - Counterfeit,Visa,1645.95,INR,2026-08-29,18,electronics,standard,False,False,False,neither,101,2,2,False,False,"['emv_chip_data', 'pin_verification']",merchant_won
DSP-003766,4853,Cardholder Dispute - Defective,Mastercard,2825.51,INR,2026-08-29,13,fashion,pickup,True,True,True,both_match,358,0,5,False,True,"['product_description', 'quality_cert', 'customer_comms']",merchant_lost
DSP-004587,13.1,Merchandise Not Received,Visa,4733.42,INR,2026-08-29,1,books,express,True,False,True,both_match,346,0,9,True,False,"['shipping_confirmation', 'delivery_proof', 'tracking_url']",merchant_won
DSP-002586,4855,Goods or Services Not Provided,Mastercard,932.53,INR,2026-08-29,2,automotive,pickup,True,True,True,cvv_only,357,0,5,True,True,"['shipping_confirmation', 'delivery_proof', 'signed_receipt']",merchant_won
DSP-004808,10.4,Fraud - Card Absent,Visa,902.48,INR,2026-08-29,30,beauty,express,False,False,True,neither,151,0,4,False,False,"['avs_cvv', 'ip_match', 'delivery_proof', 'device_fingerprint']",merchant_won
DSP-004620,4853,Cardholder Dispute - Defective,Mastercard,382.69,INR,2026-08-29,17,toys,same_day,True,True,True,both_match,153,1,5,True,True,"['product_description', 'quality_cert', 'customer_comms']",merchant_won
DSP-001217,10.4,Fraud - Card Absent,Visa,1294.29,INR,2026-08-29,1,home,pickup,True,False,False,avs_only,126,2,0,True,False,"['avs_cvv', 'ip_match', 'delivery_proof', 'device_fingerprint']",merchant_lost
DSP-002143,4853,Cardholder Dispute - Defective,Mastercard,3118.31,INR,2026-08-29,6,health,express,False,False,True,both_match,124,0,6,True,False,"['product_description', 'quality_cert', 'customer_comms']",merchant_lost
DSP-003230,13.6,Credit Not Processed,Visa,492.85,INR,2026-08-29,0,grocery,same_day,True,True,True,cvv_only,72,0,9,False,True,"['refund_receipt', 'refund_arn', 'policy_terms']",merchant_won
DSP-002540,10.4,Fraud - Card Absent,Visa,398.54,INR,2026-08-29,28,fashion,same_day,True,False,False,neither,163,0,3,False,False,"['avs_cvv', 'ip_match', 'delivery_proof', 'device_fingerprint']",merchant_lost
DSP-002819,13.1,Merchandise Not Received,Visa,965.4,INR,2026-08-29,11,sports,express,True,True,False,both_match,30,0,7,False,False,"['shipping_confirmation', 'delivery_proof', 'tracking_url']",merchant_won
DSP-003102,4860,Credit Not Processed (MC),Mastercard,1584.03,INR,2026-08-29,8,home,standard,True,True,True,neither,237,0,6,False,True,"['refund_receipt', 'refund_arn', 'policy_terms']",merchant_won
DSP-003505,4860,Credit Not Processed (MC),Mastercard,750.39,INR,2026-08-29,12,automotive,pickup,True,True,True,neither,112,0,4,False,True,"['refund_receipt', 'refund_arn', 'policy_terms']",merchant_won
DSP-001038,4853,Cardholder Dispute - Defective,Mastercard,232.99,INR,2026-08-29,9,beauty,express,True,False,True,neither,172,0,5,False,True,"['product_description', 'quality_cert', 'customer_comms']",merchant_won
DSP-003359,4853,Cardholder Dispute - Defective,Mastercard,592.62,INR,2026-08-29,9,grocery,standard,True,False,True,both_match,48,0,7,True,True,"['product_description', 'quality_cert', 'customer_comms']",merchant_won
DSP-004549,4863,Cardholder Does Not Recognize,Mastercard,4099.63,INR,2026-08-29,19,health,pickup,False,False,False,neither,210,3,2,True,False,"['billing_descriptor', 'customer_comms', 'ip_match']",merchant_lost
DSP-000062,13.1,Merchandise Not Received,Visa,687.53,INR,2026-08-29,43,electronics,standard,True,True,True,both_match,276,0,5,True,True,"['shipping_confirmation', 'delivery_proof', 'tracking_url']",merchant_won
DSP-002846,13.3,Not as Described,Visa,2056.31,INR,2026-08-29,39,electronics,pickup,True,True,True,both_match,1010,0,11,False,True,"['product_description', 'customer_comms', 'return_policy']",merchant_lost
DSP-004975,4863,Cardholder Does Not Recognize,Mastercard,1697.37,INR,2026-08-29,8,sports,standard,True,True,False,neither,147,0,4,False,False,"['billing_descriptor', 'customer_comms', 'ip_match']",merchant_lost
DSP-002053,10.4,Fraud - Card Absent,Visa,1053.3,INR,2026-08-29,0,home,express,False,False,False,avs_only,18,2,2,False,False,"['avs_cvv', 'ip_match', 'delivery_proof', 'device_fingerprint']",merchant_won
DSP-002081,13.6,Credit Not Processed,Visa,186.38,INR,2026-08-29,12,books,standard,True,True,True,both_match,81,0,6,False,True,"['refund_receipt', 'refund_arn', 'policy_terms']",merchant_won
DSP-000147,4855,Goods or Services Not Provided,Mastercard,500.36,INR,2026-08-29,8,toys,express,True,True,True,avs_only,109,0,5,True,False,"['shipping_confirmation', 'delivery_proof', 'signed_receipt']",merchant_lost
DSP-004637,4853,Cardholder Dispute - Defective,Mastercard,1516.17,INR,2026-08-29,14,home,standard,True,True,True,both_match,10,0,3,True,True,"['product_description', 'quality_cert', 'customer_comms']",merchant_won
DSP-004480,4855,Goods or Services Not Provided,Mastercard,526.48,INR,2026-08-29,13,beauty,standard,True,True,True,both_match,177,0,4,False,True,"['shipping_confirmation', 'delivery_proof', 'signed_receipt']",merchant_won
DSP-002658,13.3,Not as Described,Visa,640.85,INR,2026-08-29,19,sports,express,True,True,True,both_match,330,0,5,False,True,"['product_description', 'customer_comms', 'return_policy']",merchant_lost
DSP-002173,4863,Cardholder Does Not Recognize,Mastercard,1409.69,INR,2026-08-29,43,books,express,False,False,False,neither,4,0,3,True,False,"['billing_descriptor', 'customer_comms', 'ip_match']",merchant_lost
DSP-004320,13.3,Not as Described,Visa,611.53,INR,2026-08-29,0,automotive,pickup,False,False,True,both_match,219,1,2,False,True,"['product_description', 'customer_comms', 'return_policy']",merchant_won
DSP-002140,10.4,Fraud - Card Absent,Visa,382.95,INR,2026-08-29,14,grocery,pickup,False,False,False,both_match,20,2,1,False,False,"['avs_cvv', 'ip_match', 'delivery_proof', 'device_fingerprint']",merchant_won
DSP-003057,4837,No Cardholder Authorization,Mastercard,1448.55,INR,2026-08-29,0,grocery,pickup,True,False,True,both_match,18,0,2,False,False,"['3ds_authentication', 'avs_cvv', 'ip_match']",merchant_won
DSP-002917,13.6,Credit Not Processed,Visa,1184.74,INR,2026-08-29,11,books,pickup,True,True,False,both_match,26,0,5,False,True,"['refund_receipt', 'refund_arn', 'policy_terms']",merchant_won
DSP-003500,4855,Goods or Services Not Provided,Mastercard,564.56,INR,2026-08-29,13,health,standard,True,True,True,both_match,42,0,5,True,True,"['shipping_confirmation', 'delivery_proof', 'signed_receipt']",merchant_won
DSP-003842,4837,No Cardholder Authorization,Mastercard,567.28,INR,2026-08-29,11,home,pickup,True,True,False,avs_only,74,0,3,False,False,"['3ds_authentication', 'avs_cvv', 'ip_match']",merchant_won
DSP-000422,13.6,Credit Not Processed,Visa,179.13,INR,2026-08-29,24,beauty,same_day,True,True,True,avs_only,130,0,4,True,True,"['refund_receipt', 'refund_arn', 'policy_terms']",merchant_won
DSP-004487,13.1,Merchandise Not Received,Visa,178.34,INR,2026-08-29,28,home,same_day,True,True,False,both_match,1033,0,9,False,True,"['shipping_confirmation', 'delivery_proof', 'tracking_url']",merchant_won
DSP-003702,4837,No Cardholder Authorization,Mastercard,770.7,INR,2026-08-29,15,health,pickup,True,True,False,both_match,73,0,3,True,False,"['3ds_authentication', 'avs_cvv', 'ip_match']",merchant_won
DSP-002556,4853,Cardholder Dispute - Defective,Mastercard,156.07,INR,2026-08-29,10,sports,same_day,True,True,True,both_match,169,0,7,False,True,"['product_description', 'quality_cert', 'customer_comms']",merchant_won
DSP-001791,13.1,Merchandise Not Received,Visa,304.71,INR,2026-08-29,0,electronics,express,True,True,True,both_match,412,0,4,False,True,"['shipping_confirmation', 'delivery_proof', 'tracking_url']",merchant_won
DSP-000510,10.4,Fraud - Card Absent,Visa,205.53,INR,2026-08-29,17,health,same_day,False,False,False,both_match,88,0,3,False,False,"['avs_cvv', 'ip_match', 'delivery_proof', 'device_fingerprint']",merchant_lost
DSP-002174,4853,Cardholder Dispute - Defective,Mastercard,5026.56,INR,2026-08-29,4,books,standard,True,True,True,both_match,33,0,5,True,True,"['product_description', 'quality_cert', 'customer_comms']",merchant_won
DSP-003022,4860,Credit Not Processed (MC),Mastercard,231.29,INR,2026-08-29,28,books,pickup,True,True,True,cvv_only,395,0,2,True,True,"['refund_receipt', 'refund_arn', 'policy_terms']",merchant_won
DSP-003784,4837,No Cardholder Authorization,Mastercard,468.59,INR,2026-08-29,35,electronics,pickup,False,False,True,cvv_only,27,0,2,False,True,"['3ds_authentication', 'avs_cvv', 'ip_match']",merchant_lost
DSP-003917,13.3,Not as Described,Visa,793.99,INR,2026-08-29,25,health,pickup,True,False,False,both_match,126,0,5,True,False,"['product_description', 'customer_comms', 'return_policy']",merchant_won
DSP-001732,13.1,Merchandise Not Received,Visa,8481.27,INR,2026-08-29,9,fashion,pickup,True,True,True,both_match,197,0,5,False,False,"['shipping_confirmation', 'delivery_proof', 'tracking_url']",merchant_won
DSP-000982,10.4,Fraud - Card Absent,Visa,1269.68,INR,2026-08-29,21,beauty,pickup,True,False,False,cvv_only,30,0,3,False,True,"['avs_cvv', 'ip_match', 'delivery_proof', 'device_fingerprint']",merchant_lost
DSP-001447,4855,Goods or Services Not Provided,Mastercard,264.2,INR,2026-08-29,13,sports,pickup,True,True,True,both_match,278,0,6,True,True,"['shipping_confirmation', 'delivery_proof', 'signed_receipt']",merchant_won
DSP-002137,10.5,Fraud - Counterfeit,Visa,6694.44,INR,2026-08-29,18,books,pickup,True,False,True,neither,56,0,3,False,True,"['emv_chip_data', 'pin_verification']",merchant_won
DSP-001557,4863,Cardholder Does Not Recognize,Mastercard,1104.04,INR,2026-08-29,34,toys,same_day,False,False,False,cvv_only,32,0,2,False,False,"['billing_descriptor', 'customer_comms', 'ip_match']",merchant_lost
DSP-002877,13.6,Credit Not Processed,Visa,5281.8,INR,2026-08-29,2,health,same_day,True,True,True,both_match,336,0,3,False,True,"['refund_receipt', 'refund_arn', 'policy_terms']",merchant_won
DSP-002873,13.1,Merchandise Not Received,Visa,151.39,INR,2026-08-29,5,books,same_day,True,True,True,both_match,255,0,5,True,True,"['shipping_confirmation', 'delivery_proof', 'tracking_url']",merchant_won
DSP-003017,13.3,Not as Described,Visa,7448.32,INR,2026-08-29,5,home,same_day,True,True,True,both_match,6,0,5,True,True,"['product_description', 'customer_comms', 'return_policy']",merchant_lost
DSP-001430,4837,No Cardholder Authorization,Mastercard,1961.59,INR,2026-08-29,5,grocery,express,True,True,False,neither,22,0,2,True,False,"['3ds_authentication', 'avs_cvv', 'ip_match']",merchant_lost
DSP-000123,13.1,Merchandise Not Received,Visa,593.04,INR,2026-08-29,9,health,same_day,True,False,True,both_match,5,1,8,False,True,"['shipping_confirmation', 'delivery_proof', 'tracking_url']",merchant_won
DSP-004971,13.1,Merchandise Not Received,Visa,752.92,INR,2026-08-29,5,health,same_day,True,True,True,both_match,71,1,6,False,False,"['shipping_confirmation', 'delivery_proof', 'tracking_url']",merchant_won
DSP-002570,4837,No Cardholder Authorization,Mastercard,2910.27,INR,2026-08-29,48,fashion,standard,False,False,False,neither,29,0,1,True,False,"['3ds_authentication', 'avs_cvv', 'ip_match']",merchant_lost
DSP-004466,4855,Goods or Services Not Provided,Mastercard,4048.08,INR,2026-08-29,16,fashion,same_day,True,True,True,both_match,149,0,3,False,True,"['shipping_confirmation', 'delivery_proof', 'signed_receipt']",merchant_won
DSP-000144,4855,Goods or Services Not Provided,Mastercard,579.72,INR,2026-08-29,19,home,same_day,True,True,True,avs_only,142,0,6,True,False,"['shipping_confirmation', 'delivery_proof', 'signed_receipt']",merchant_won
DSP-003456,13.6,Credit Not Processed,Visa,24310.99,INR,2026-08-29,4,electronics,express,True,True,True,both_match,174,0,5,True,True,"['refund_receipt', 'refund_arn', 'policy_terms']",merchant_won
DSP-003763,10.4,Fraud - Card Absent,Visa,1731.03,INR,2026-08-29,28,home,standard,True,True,False,neither,104,1,1,False,False,"['avs_cvv', 'ip_match', 'delivery_proof', 'device_fingerprint']",merchant_lost
DSP-001873,13.3,Not as Described,Visa,2734.05,INR,2026-08-29,4,automotive,pickup,True,False,True,both_match,2,0,5,True,True,"['product_description', 'customer_comms', 'return_policy']",merchant_lost
DSP-000279,13.1,Merchandise Not Received,Visa,1706.25,INR,2026-08-29,25,books,pickup,True,True,True,avs_only,280,0,10,False,False,"['shipping_confirmation', 'delivery_proof', 'tracking_url']",merchant_lost
DSP-004995,10.4,Fraud - Card Absent,Visa,1520.1,INR,2026-08-29,12,electronics,pickup,True,True,True,cvv_only,22,3,0,False,False,"['avs_cvv', 'ip_match', 'delivery_proof', 'device_fingerprint']",merchant_lost
DSP-003699,13.3,Not as Described,Visa,4524.78,INR,2026-08-29,9,automotive,same_day,True,False,True,both_match,15,0,7,False,False,"['product_description', 'customer_comms', 'return_policy']",merchant_won
DSP-004275,4863,Cardholder Does Not Recognize,Mastercard,1677.5,INR,2026-08-29,11,home,pickup,False,False,True,neither,39,0,0,False,True,"['billing_descriptor', 'customer_comms', 'ip_match']",merchant_won
DSP-002270,4853,Cardholder Dispute - Defective,Mastercard,3476.89,INR,2026-08-29,2,grocery,same_day,True,True,True,both_match,326,0,7,True,True,"['product_description', 'quality_cert', 'customer_comms']",merchant_won
DSP-004623,10.4,Fraud - Card Absent,Visa,701.76,INR,2026-08-29,19,electronics,pickup,True,True,False,neither,112,1,1,True,False,"['avs_cvv', 'ip_match', 'delivery_proof', 'device_fingerprint']",merchant_won
DSP-003965,10.4,Fraud - Card Absent,Visa,6273.69,INR,2026-08-29,5,toys,standard,True,True,False,both_match,40,0,2,False,True,"['avs_cvv', 'ip_match', 'delivery_proof', 'device_fingerprint']",merchant_lost
DSP-001143,10.4,Fraud - Card Absent,Visa,427.66,INR,2026-08-29,43,grocery,express,False,False,False,both_match,69,0,1,False,False,"['avs_cvv', 'ip_match', 'delivery_proof', 'device_fingerprint']",merchant_won
DSP-003930,13.6,Credit Not Processed,Visa,1565.66,INR,2026-08-29,25,books,same_day,True,True,True,avs_only,34,0,5,True,True,"['refund_receipt', 'refund_arn', 'policy_terms']",merchant_won
DSP-002622,10.4,Fraud - Card Absent,Visa,508.84,INR,2026-08-29,11,automotive,standard,False,False,True,neither,105,0,7,False,False,"['avs_cvv', 'ip_match', 'delivery_proof', 'device_fingerprint']",merchant_lost
DSP-004346,4853,Cardholder Dispute - Defective,Mastercard,5555.64,INR,2026-08-29,3,home,pickup,True,True,True,both_match,317,0,7,True,False,"['product_description', 'quality_cert', 'customer_comms']",merchant_won
DSP-001241,13.1,Merchandise Not Received,Visa,631.17,INR,2026-08-29,1,home,pickup,True,True,True,both_match,135,0,4,False,True,"['shipping_confirmation', 'delivery_proof', 'tracking_url']",merchant_won
DSP-003809,4855,Goods or Services Not Provided,Mastercard,1146.42,INR,2026-08-29,9,fashion,express,True,True,True,both_match,428,0,5,False,False,"['shipping_confirmation', 'delivery_proof', 'signed_receipt']",merchant_won
DSP-000622,10.5,Fraud - Counterfeit,Visa,4852.35,INR,2026-08-29,6,beauty,standard,True,False,False,both_match,52,1,4,True,False,"['emv_chip_data', 'pin_verification']",merchant_won
DSP-004841,4853,Cardholder Dispute - Defective,Mastercard,582.35,INR,2026-08-29,14,sports,pickup,True,True,True,both_match,35,1,10,False,True,"['product_description', 'quality_cert', 'customer_comms']",merchant_lost
DSP-002758,4860,Credit Not Processed (MC),Mastercard,350.07,INR,2026-08-29,34,health,pickup,False,False,True,both_match,259,0,6,True,True,"['refund_receipt', 'refund_arn', 'policy_terms']",merchant_lost
DSP-000868,4863,Cardholder Does Not Recognize,Mastercard,5372.45,INR,2026-08-29,39,books,pickup,False,False,False,neither,15,1,1,False,False,"['billing_descriptor', 'customer_comms', 'ip_match']",merchant_lost
DSP-002951,4855,Goods or Services Not Provided,Mastercard,2977.91,INR,2026-08-29,20,automotive,same_day,True,False,True,both_match,24,0,6,True,False,"['shipping_confirmation', 'delivery_proof', 'signed_receipt']",merchant_won
DSP-004420,4863,Cardholder Does Not Recognize,Mastercard,6870.99,INR,2026-08-29,1,health,pickup,False,False,False,both_match,2,0,1,True,False,"['billing_descriptor', 'customer_comms', 'ip_match']",merchant_lost
DSP-004214,10.4,Fraud - Card Absent,Visa,2710.52,INR,2026-08-29,38,electronics,pickup,False,False,True,avs_only,561,1,1,False,False,"['avs_cvv', 'ip_match', 'delivery_proof', 'device_fingerprint']",merchant_lost
DSP-004130,13.1,Merchandise Not Received,Visa,2300.56,INR,2026-08-29,13,beauty,pickup,True,True,True,both_match,64,0,5,False,False,"['shipping_confirmation', 'delivery_proof', 'tracking_url']",merchant_won
DSP-001283,4853,Cardholder Dispute - Defective,Mastercard,5792.74,INR,2026-08-29,3,beauty,same_day,False,False,True,avs_only,193,0,7,True,True,"['product_description', 'quality_cert', 'customer_comms']",merchant_lost
DSP-004003,4863,Cardholder Does Not Recognize,Mastercard,509.44,INR,2026-08-29,9,sports,same_day,False,False,False,both_match,42,2,3,False,False,"['billing_descriptor', 'customer_comms', 'ip_match']",merchant_lost
DSP-000760,13.1,Merchandise Not Received,Visa,402.43,INR,2026-08-29,30,books,same_day,True,True,True,both_match,181,0,5,True,True,"['shipping_confirmation', 'delivery_proof', 'tracking_url']",merchant_won
DSP-001731,13.1,Merchandise Not Received,Visa,195.74,INR,2026-08-29,20,books,pickup,True,True,True,both_match,80,0,2,False,True,"['shipping_confirmation', 'delivery_proof', 'tracking_url']",merchant_lost
DSP-000470,10.5,Fraud - Counterfeit,Visa,4989.15,INR,2026-08-29,5,grocery,express,False,False,True,neither,68,2,4,True,False,"['emv_chip_data', 'pin_verification']",merchant_won
DSP-001588,10.4,Fraud - Card Absent,Visa,107.49,INR,2026-08-29,87,fashion,standard,True,True,False,neither,388,1,2,False,False,"['avs_cvv', 'ip_match', 'delivery_proof', 'device_fingerprint']",merchant_lost
DSP-000659,4853,Cardholder Dispute - Defective,Mastercard,19678.91,INR,2026-08-29,1,electronics,pickup,True,True,True,both_match,67,0,1,True,False,"['product_description', 'quality_cert', 'customer_comms']",merchant_won
DSP-002180,13.1,Merchandise Not Received,Visa,826.27,INR,2026-08-29,3,sports,standard,True,True,True,both_match,167,0,4,True,False,"['shipping_confirmation', 'delivery_proof', 'tracking_url']",merchant_won
DSP-000642,13.1,Merchandise Not Received,Visa,793.89,INR,2026-08-29,45,sports,same_day,True,True,True,both_match,59,0,6,True,True,"['shipping_confirmation', 'delivery_proof', 'tracking_url']",merchant_won
DSP-001543,4853,Cardholder Dispute - Defective,Mastercard,3062.96,INR,2026-08-29,0,sports,same_day,True,True,True,both_match,136,0,5,False,False,"['product_description', 'quality_cert', 'customer_comms']",merchant_won
DSP-002713,4837,No Cardholder Authorization,Mastercard,2954.16,INR,2026-08-29,42,fashion,express,True,False,True,cvv_only,68,1,3,False,False,"['3ds_authentication', 'avs_cvv', 'ip_match']",merchant_lost
DSP-003889,4863,Cardholder Does Not Recognize,Mastercard,793.04,INR,2026-08-29,7,beauty,standard,True,False,False,avs_only,1,1,0,False,False,"['billing_descriptor', 'customer_comms', 'ip_match']",merchant_lost
DSP-000906,4860,Credit Not Processed (MC),Mastercard,2411.64,INR,2026-08-29,6,books,standard,True,True,True,neither,79,0,8,True,True,"['refund_receipt', 'refund_arn', 'policy_terms']",merchant_won
DSP-002260,10.4,Fraud - Card Absent,Visa,682.05,INR,2026-08-29,41,books,standard,False,False,False,both_match,207,3,1,False,False,"['avs_cvv', 'ip_match', 'delivery_proof', 'device_fingerprint']",merchant_lost
DSP-002628,4837,No Cardholder Authorization,Mastercard,784.83,INR,2026-08-29,27,grocery,standard,False,False,False,avs_only,192,3,3,False,False,"['3ds_authentication', 'avs_cvv', 'ip_match']",merchant_lost
DSP-004378,4853,Cardholder Dispute - Defective,Mastercard,1883.84,INR,2026-08-29,4,books,same_day,True,True,True,both_match,146,0,4,True,True,"['product_description', 'quality_cert', 'customer_comms']",merchant_won
DSP-002155,13.6,Credit Not Processed,Visa,1580.06,INR,2026-08-29,1,fashion,same_day,True,True,True,both_match,300,0,5,True,True,"['refund_receipt', 'refund_arn', 'policy_terms']",merchant_won
DSP-000444,13.1,Merchandise Not Received,Visa,3016.78,INR,2026-08-29,5,books,pickup,True,True,True,both_match,556,0,5,True,True,"['shipping_confirmation', 'delivery_proof', 'tracking_url']",merchant_won
DSP-001789,10.4,Fraud - Card Absent,Visa,3839.11,INR,2026-08-29,23,beauty,express,False,False,True,neither,69,1,1,False,False,"['avs_cvv', 'ip_match', 'delivery_proof', 'device_fingerprint']",merchant_lost
DSP-001804,4853,Cardholder Dispute - Defective,Mastercard,2696.32,INR,2026-08-29,4,toys,pickup,True,True,True,avs_only,152,0,6,True,False,"['product_description', 'quality_cert', 'customer_comms']",merchant_won
DSP-000790,10.4,Fraud - Card Absent,Visa,3090.13,INR,2026-08-29,1,toys,same_day,False,False,False,neither,93,1,2,False,False,"['avs_cvv', 'ip_match', 'delivery_proof', 'device_fingerprint']",merchant_won
DSP-000844,10.4,Fraud - Card Absent,Visa,941.34,INR,2026-08-29,14,sports,same_day,False,False,False,cvv_only,208,1,0,False,False,"['avs_cvv', 'ip_match', 'delivery_proof', 'device_fingerprint']",merchant_lost
DSP-001385,10.5,Fraud - Counterfeit,Visa,8894.94,INR,2026-08-29,44,electronics,pickup,True,True,False,neither,6,0,0,False,False,"['emv_chip_data', 'pin_verification']",merchant_won
DSP-000269,4863,Cardholder Does Not Recognize,Mastercard,3759.61,INR,2026-08-29,12,health,same_day,False,False,False,cvv_only,77,0,3,False,False,"['billing_descriptor', 'customer_comms', 'ip_match']",merchant_lost
DSP-003673,4837,No Cardholder Authorization,Mastercard,2318.92,INR,2026-08-29,5,electronics,standard,True,True,False,both_match,7,1,2,False,False,"['3ds_authentication', 'avs_cvv', 'ip_match']",merchant_lost
DSP-004017,4860,Credit Not Processed (MC),Mastercard,1971.79,INR,2026-08-29,62,automotive,pickup,True,True,True,both_match,268,0,6,False,True,"['refund_receipt', 'refund_arn', 'policy_terms']",merchant_won
DSP-003086,10.5,Fraud - Counterfeit,Visa,71584.3,INR,2026-08-29,19,electronics,standard,False,False,True,neither,27,0,1,True,False,"['emv_chip_data', 'pin_verification']",merchant_lost
DSP-001642,10.4,Fraud - Card Absent,Visa,398.97,INR,2026-08-29,55,toys,pickup,True,False,True,neither,63,0,1,False,False,"['avs_cvv', 'ip_match', 'delivery_proof', 'device_fingerprint']",merchant_lost
DSP-003548,13.3,Not as Described,Visa,626.77,INR,2026-08-29,5,electronics,pickup,True,True,True,cvv_only,50,0,3,False,True,"['product_description', 'customer_comms', 'return_policy']",merchant_won
DSP-003862,13.6,Credit Not Processed,Visa,2049.72,INR,2026-08-29,12,toys,pickup,True,True,True,both_match,244,0,4,True,True,"['refund_receipt', 'refund_arn', 'policy_terms']",merchant_lost
DSP-000200,4837,No Cardholder Authorization,Mastercard,4075.84,INR,2026-08-29,1,sports,pickup,False,False,False,avs_only,71,0,2,False,False,"['3ds_authentication', 'avs_cvv', 'ip_match']",merchant_lost
DSP-003686,4837,No Cardholder Authorization,Mastercard,2772.64,INR,2026-08-29,5,grocery,pickup,True,True,False,neither,287,0,4,False,False,"['3ds_authentication', 'avs_cvv', 'ip_match']",merchant_lost
DSP-001995,4837,No Cardholder Authorization,Mastercard,399.22,INR,2026-08-29,9,health,express,False,False,True,both_match,63,0,0,False,False,"['3ds_authentication', 'avs_cvv', 'ip_match']",merchant_won
DSP-001289,4853,Cardholder Dispute - Defective,Mastercard,1159.46,INR,2026-08-29,1,beauty,express,True,True,True,both_match,345,1,5,True,True,"['product_description', 'quality_cert', 'customer_comms']",merchant_lost
DSP-004329,10.4,Fraud - Card Absent,Visa,3913.92,INR,2026-08-29,21,health,express,True,True,True,neither,63,1,3,True,False,"['avs_cvv', 'ip_match', 'delivery_proof', 'device_fingerprint']",merchant_lost
DSP-003040,10.4,Fraud - Card Absent,Visa,1692.76,INR,2026-08-29,61,automotive,express,False,False,False,neither,99,0,1,True,False,"['avs_cvv', 'ip_match', 'delivery_proof', 'device_fingerprint']",merchant_lost
DSP-003363,4863,Cardholder Does Not Recognize,Mastercard,4388.83,INR,2026-08-29,32,fashion,same_day,False,False,True,cvv_only,62,0,0,False,False,"['billing_descriptor', 'customer_comms', 'ip_match']",merchant_lost
DSP-001370,4837,No Cardholder Authorization,Mastercard,213.42,INR,2026-08-29,19,electronics,same_day,True,True,False,neither,4,0,2,False,False,"['3ds_authentication', 'avs_cvv', 'ip_match']",merchant_won
DSP-000387,4855,Goods or Services Not Provided,Mastercard,3677.65,INR,2026-08-29,2,sports,express,True,True,True,both_match,261,0,2,False,True,"['shipping_confirmation', 'delivery_proof', 'signed_receipt']",merchant_won
DSP-002323,13.3,Not as Described,Visa,125.66,INR,2026-08-29,42,toys,standard,True,True,True,both_match,258,0,5,True,False,"['product_description', 'customer_comms', 'return_policy']",merchant_won
DSP-003804,4863,Cardholder Does Not Recognize,Mastercard,1678.18,INR,2026-08-29,53,electronics,express,False,False,True,neither,47,0,3,False,True,"['billing_descriptor', 'customer_comms', 'ip_match']",merchant_won
DSP-000766,13.3,Not as Described,Visa,173.83,INR,2026-08-29,11,health,same_day,False,False,True,both_match,60,1,8,True,True,"['product_description', 'customer_comms', 'return_policy']",merchant_lost
DSP-003009,13.6,Credit Not Processed,Visa,480.36,INR,2026-08-29,10,health,express,True,True,True,avs_only,699,0,4,False,True,"['refund_receipt', 'refund_arn', 'policy_terms']",merchant_won
DSP-003517,13.3,Not as Described,Visa,7517.83,INR,2026-08-29,5,toys,standard,True,True,True,both_match,129,0,3,False,True,"['product_description', 'customer_comms', 'return_policy']",merchant_won
DSP-001470,13.3,Not as Described,Visa,940.47,INR,2026-08-29,8,toys,standard,True,True,True,cvv_only,20,0,9,True,True,"['product_description', 'customer_comms', 'return_policy']",merchant_lost
DSP-000225,13.1,Merchandise Not Received,Visa,6569.43,INR,2026-08-29,5,fashion,pickup,True,False,True,both_match,30,0,2,True,True,"['shipping_confirmation', 'delivery_proof', 'tracking_url']",merchant_won
DSP-000239,4855,Goods or Services Not Provided,Mastercard,96.5,INR,2026-08-29,0,fashion,same_day,True,True,True,neither,1117,0,7,True,True,"['shipping_confirmation', 'delivery_proof', 'signed_receipt']",merchant_won
DSP-001834,13.1,Merchandise Not Received,Visa,86.93,INR,2026-08-29,6,fashion,pickup,True,True,True,both_match,859,0,6,True,True,"['shipping_confirmation', 'delivery_proof', 'tracking_url']",merchant_lost
DSP-000285,4863,Cardholder Does Not Recognize,Mastercard,604.64,INR,2026-08-29,15,grocery,pickup,True,True,True,neither,28,1,3,True,False,"['billing_descriptor', 'customer_comms', 'ip_match']",merchant_lost
DSP-004640,10.4,Fraud - Card Absent,Visa,1392.97,INR,2026-08-29,41,sports,standard,False,False,False,both_match,30,0,0,False,False,"['avs_cvv', 'ip_match', 'delivery_proof', 'device_fingerprint']",merchant_lost
DSP-004494,10.4,Fraud - Card Absent,Visa,597.24,INR,2026-08-29,41,books,same_day,False,False,True,both_match,36,2,4,False,False,"['avs_cvv', 'ip_match', 'delivery_proof', 'device_fingerprint']",merchant_lost
DSP-000223,13.1,Merchandise Not Received,Visa,422.94,INR,2026-08-29,0,toys,pickup,True,False,True,both_match,288,0,5,True,True,"['shipping_confirmation', 'delivery_proof', 'tracking_url']",merchant_won
DSP-001506,4863,Cardholder Does Not Recognize,Mastercard,3790.58,INR,2026-08-29,9,fashion,same_day,False,False,True,cvv_only,32,1,2,False,False,"['billing_descriptor', 'customer_comms', 'ip_match']",merchant_lost
DSP-003892,4853,Cardholder Dispute - Defective,Mastercard,1452.8,INR,2026-08-29,22,toys,pickup,True,True,True,both_match,103,0,4,True,True,"['product_description', 'quality_cert', 'customer_comms']",merchant_won
DSP-004849,13.3,Not as Described,Visa,3498.21,INR,2026-08-29,1,toys,express,True,True,True,neither,300,0,8,False,True,"['product_description', 'customer_comms', 'return_policy']",merchant_lost
DSP-002243,13.1,Merchandise Not Received,Visa,715.71,INR,2026-08-29,8,home,pickup,True,True,True,avs_only,203,0,6,True,False,"['shipping_confirmation', 'delivery_proof', 'tracking_url']",merchant_won
DSP-004851,4853,Cardholder Dispute - Defective,Mastercard,1907.59,INR,2026-08-29,15,toys,express,True,True,True,both_match,317,0,8,True,True,"['product_description', 'quality_cert', 'customer_comms']",merchant_won
DSP-004546,13.6,Credit Not Processed,Visa,407.41,INR,2026-08-29,0,electronics,same_day,True,False,True,both_match,806,0,8,False,True,"['refund_receipt', 'refund_arn', 'policy_terms']",merchant_won
DSP-001724,10.4,Fraud - Card Absent,Visa,1722.54,INR,2026-08-29,17,toys,pickup,True,True,False,neither,123,0,2,False,True,"['avs_cvv', 'ip_match', 'delivery_proof', 'device_fingerprint']",merchant_won
DSP-004889,4853,Cardholder Dispute - Defective,Mastercard,141.75,INR,2026-08-29,20,fashion,express,True,True,True,both_match,264,0,10,True,True,"['product_description', 'quality_cert', 'customer_comms']",merchant_won
DSP-001361,13.1,Merchandise Not Received,Visa,684.12,INR,2026-08-29,10,health,standard,True,False,True,both_match,31,0,4,False,True,"['shipping_confirmation', 'delivery_proof', 'tracking_url']",merchant_won
DSP-003128,4863,Cardholder Does Not Recognize,Mastercard,611.04,INR,2026-08-29,11,beauty,standard,True,False,False,neither,55,1,3,False,False,"['billing_descriptor', 'customer_comms', 'ip_match']",merchant_lost
DSP-001199,13.1,Merchandise Not Received,Visa,493.74,INR,2026-08-29,10,automotive,standard,True,True,True,both_match,56,0,5,False,True,"['shipping_confirmation', 'delivery_proof', 'tracking_url']",merchant_won
DSP-000606,10.4,Fraud - Card Absent,Visa,6220.0,INR,2026-08-29,23,home,express,False,False,False,avs_only,96,1,1,False,False,"['avs_cvv', 'ip_match', 'delivery_proof', 'device_fingerprint']",merchant_lost
DSP-003715,13.1,Merchandise Not Received,Visa,1390.88,INR,2026-08-29,42,fashion,pickup,True,True,True,both_match,59,0,14,False,False,"['shipping_confirmation', 'delivery_proof', 'tracking_url']",merchant_won
DSP-000747,13.1,Merchandise Not Received,Visa,1253.06,INR,2026-08-29,8,grocery,express,True,True,False,cvv_only,15,0,2,True,True,"['shipping_confirmation', 'delivery_proof', 'tracking_url']",merchant_lost
DSP-000985,4837,No Cardholder Authorization,Mastercard,1457.21,INR,2026-08-29,47,electronics,express,True,True,True,neither,167,0,3,False,False,"['3ds_authentication', 'avs_cvv', 'ip_match']",merchant_won
DSP-001867,4853,Cardholder Dispute - Defective,Mastercard,991.52,INR,2026-08-29,68,health,same_day,True,True,True,cvv_only,171,0,9,False,True,"['product_description', 'quality_cert', 'customer_comms']",merchant_won
DSP-000259,13.1,Merchandise Not Received,Visa,1766.29,INR,2026-08-29,7,toys,same_day,True,True,True,both_match,189,0,4,True,False,"['shipping_confirmation', 'delivery_proof', 'tracking_url']",merchant_won
DSP-000714,4837,No Cardholder Authorization,Mastercard,12656.07,INR,2026-08-29,0,toys,standard,True,False,True,neither,47,0,6,False,False,"['3ds_authentication', 'avs_cvv', 'ip_match']",merchant_lost
DSP-001324,4863,Cardholder Does Not Recognize,Mastercard,2655.94,INR,2026-08-29,16,health,express,False,False,True,avs_only,38,0,1,False,False,"['billing_descriptor', 'customer_comms', 'ip_match']",merchant_won
DSP-002454,4837,No Cardholder Authorization,Mastercard,2132.72,INR,2026-08-29,4,automotive,express,False,False,True,neither,162,0,3,False,True,"['3ds_authentication', 'avs_cvv', 'ip_match']",merchant_won
DSP-002938,13.6,Credit Not Processed,Visa,1090.41,INR,2026-08-29,13,grocery,standard,True,True,True,both_match,283,0,3,False,False,"['refund_receipt', 'refund_arn', 'policy_terms']",merchant_won
DSP-001580,13.1,Merchandise Not Received,Visa,1959.65,INR,2026-08-29,7,beauty,pickup,True,True,True,both_match,222,0,10,False,True,"['shipping_confirmation', 'delivery_proof', 'tracking_url']",merchant_won
DSP-000741,4860,Credit Not Processed (MC),Mastercard,6672.78,INR,2026-08-29,30,grocery,standard,True,True,True,both_match,465,0,8,True,True,"['refund_receipt', 'refund_arn', 'policy_terms']",merchant_won
DSP-000474,4837,No Cardholder Authorization,Mastercard,6354.99,INR,2026-08-29,6,automotive,pickup,False,False,True,both_match,113,0,1,False,False,"['3ds_authentication', 'avs_cvv', 'ip_match']",merchant_won
DSP-003369,13.1,Merchandise Not Received,Visa,630.61,INR,2026-08-29,12,toys,express,True,True,True,both_match,95,0,9,False,True,"['shipping_confirmation', 'delivery_proof', 'tracking_url']",merchant_won
DSP-000524,4860,Credit Not Processed (MC),Mastercard,534.23,INR,2026-08-29,35,toys,express,True,True,True,both_match,277,0,11,True,True,"['refund_receipt', 'refund_arn', 'policy_terms']",merchant_lost
DSP-000482,10.4,Fraud - Card Absent,Visa,1904.87,INR,2026-08-29,38,toys,standard,False,False,False,avs_only,210,0,0,False,True,"['avs_cvv', 'ip_match', 'delivery_proof', 'device_fingerprint']",merchant_lost
DSP-004232,4837,No Cardholder Authorization,Mastercard,5412.91,INR,2026-08-29,24,sports,express,True,True,True,neither,306,1,0,False,False,"['3ds_authentication', 'avs_cvv', 'ip_match']",merchant_won
DSP-002425,4837,No Cardholder Authorization,Mastercard,1433.97,INR,2026-08-29,29,books,express,True,True,False,both_match,121,2,3,False,True,"['3ds_authentication', 'avs_cvv', 'ip_match']",merchant_lost
DSP-003760,4863,Cardholder Does Not Recognize,Mastercard,1928.79,INR,2026-08-29,2,beauty,express,False,False,False,both_match,122,0,3,True,False,"['billing_descriptor', 'customer_comms', 'ip_match']",merchant_won
DSP-002314,13.6,Credit Not Processed,Visa,843.1,INR,2026-08-29,22,grocery,standard,True,True,True,both_match,395,0,8,True,False,"['refund_receipt', 'refund_arn', 'policy_terms']",merchant_won
DSP-001690,4853,Cardholder Dispute - Defective,Mastercard,166.35,INR,2026-08-29,22,sports,same_day,False,False,True,both_match,392,0,8,False,True,"['product_description', 'quality_cert', 'customer_comms']",merchant_won
DSP-001943,13.6,Credit Not Processed,Visa,2071.47,INR,2026-08-29,11,home,pickup,True,True,True,both_match,558,0,4,False,True,"['refund_receipt', 'refund_arn', 'policy_terms']",merchant_won
DSP-003334,4860,Credit Not Processed (MC),Mastercard,5011.65,INR,2026-08-29,3,home,same_day,True,False,True,both_match,435,0,14,True,True,"['refund_receipt', 'refund_arn', 'policy_terms']",merchant_won
DSP-003646,4853,Cardholder Dispute - Defective,Mastercard,802.08,INR,2026-08-29,3,sports,standard,True,True,True,cvv_only,346,1,3,False,True,"['product_description', 'quality_cert', 'customer_comms']",merchant_lost
DSP-000735,4853,Cardholder Dispute - Defective,Mastercard,877.99,INR,2026-08-29,14,sports,pickup,True,True,True,both_match,142,0,9,False,True,"['product_description', 'quality_cert', 'customer_comms']",merchant_won
DSP-000776,13.1,Merchandise Not Received,Visa,353.39,INR,2026-08-29,15,sports,standard,True,True,True,both_match,46,0,1,True,True,"['shipping_confirmation', 'delivery_proof', 'tracking_url']",merchant_won
DSP-000181,4837,No Cardholder Authorization,Mastercard,45324.78,INR,2026-08-29,111,home,standard,False,False,False,cvv_only,23,1,2,False,False,"['3ds_authentication', 'avs_cvv', 'ip_match']",merchant_won
DSP-003717,10.4,Fraud - Card Absent,Visa,803.25,INR,2026-08-29,13,electronics,express,False,False,False,both_match,352,2,3,True,True,"['avs_cvv', 'ip_match', 'delivery_proof', 'device_fingerprint']",merchant_lost
DSP-004936,4863,Cardholder Does Not Recognize,Mastercard,7085.76,INR,2026-08-29,17,fashion,standard,True,True,True,neither,100,0,3,True,False,"['billing_descriptor', 'customer_comms', 'ip_match']",merchant_lost
DSP-001808,13.1,Merchandise Not Received,Visa,419.0,INR,2026-08-29,0,sports,same_day,True,True,True,both_match,54,0,6,False,True,"['shipping_confirmation', 'delivery_proof', 'tracking_url']",merchant_won
DSP-002781,4837,No Cardholder Authorization,Mastercard,8136.37,INR,2026-08-29,53,fashion,same_day,True,True,False,neither,335,1,1,False,False,"['3ds_authentication', 'avs_cvv', 'ip_match']",merchant_won
DSP-004221,4863,Cardholder Does Not Recognize,Mastercard,32423.22,INR,2026-08-29,33,sports,same_day,False,False,False,neither,15,0,0,False,False,"['billing_descriptor', 'customer_comms', 'ip_match']",merchant_won
DSP-000334,4863,Cardholder Does Not Recognize,Mastercard,1139.06,INR,2026-08-29,42,automotive,express,True,True,True,neither,8,0,1,False,False,"['billing_descriptor', 'customer_comms', 'ip_match']",merchant_lost
DSP-004347,4853,Cardholder Dispute - Defective,Mastercard,214.34,INR,2026-08-29,1,home,same_day,False,False,True,both_match,286,0,4,False,True,"['product_description', 'quality_cert', 'customer_comms']",merchant_lost
DSP-001803,4863,Cardholder Does Not Recognize,Mastercard,296.06,INR,2026-08-29,22,electronics,standard,True,False,True,neither,80,0,2,True,False,"['billing_descriptor', 'customer_comms', 'ip_match']",merchant_won
DSP-003480,13.6,Credit Not Processed,Visa,1519.73,INR,2026-08-29,10,health,standard,True,True,True,both_match,135,0,7,True,True,"['refund_receipt', 'refund_arn', 'policy_terms']",merchant_won
DSP-002921,4855,Goods or Services Not Provided,Mastercard,2802.42,INR,2026-08-29,42,home,pickup,True,True,True,both_match,236,0,8,False,False,"['shipping_confirmation', 'delivery_proof', 'signed_receipt']",merchant_won
DSP-002339,4837,No Cardholder Authorization,Mastercard,1242.74,INR,2026-08-29,48,beauty,pickup,True,True,False,cvv_only,2,0,3,False,False,"['3ds_authentication', 'avs_cvv', 'ip_match']",merchant_lost
DSP-003724,4860,Credit Not Processed (MC),Mastercard,3110.24,INR,2026-08-29,4,home,same_day,True,True,True,both_match,222,0,5,False,True,"['refund_receipt', 'refund_arn', 'policy_terms']",merchant_won
DSP-004019,13.3,Not as Described,Visa,579.46,INR,2026-08-29,4,health,standard,True,True,True,both_match,6,0,6,True,True,"['product_description', 'customer_comms', 'return_policy']",merchant_won
DSP-003657,10.5,Fraud - Counterfeit,Visa,8058.47,INR,2026-08-29,7,automotive,express,False,False,False,both_match,13,2,2,False,False,"['emv_chip_data', 'pin_verification']",merchant_lost
DSP-002421,4837,No Cardholder Authorization,Mastercard,766.03,INR,2026-08-29,21,books,standard,False,False,False,both_match,148,2,0,False,False,"['3ds_authentication', 'avs_cvv', 'ip_match']",merchant_won
DSP-003327,4860,Credit Not Processed (MC),Mastercard,803.84,INR,2026-08-29,48,sports,same_day,True,True,True,both_match,121,0,5,False,True,"['refund_receipt', 'refund_arn', 'policy_terms']",merchant_won
DSP-002357,4855,Goods or Services Not Provided,Mastercard,3349.62,INR,2026-08-29,26,fashion,express,True,True,True,both_match,450,0,0,False,True,"['shipping_confirmation', 'delivery_proof', 'signed_receipt']",merchant_won
DSP-000256,10.5,Fraud - Counterfeit,Visa,516.48,INR,2026-08-29,11,sports,same_day,False,False,True,neither,20,0,3,False,True,"['emv_chip_data', 'pin_verification']",merchant_lost
DSP-003133,4863,Cardholder Does Not Recognize,Mastercard,2441.67,INR,2026-08-29,5,beauty,same_day,True,True,False,both_match,147,0,6,False,False,"['billing_descriptor', 'customer_comms', 'ip_match']",merchant_lost
DSP-001116,4860,Credit Not Processed (MC),Mastercard,320.44,INR,2026-08-29,12,home,pickup,True,True,True,avs_only,406,0,3,True,True,"['refund_receipt', 'refund_arn', 'policy_terms']",merchant_won
DSP-000389,10.4,Fraud - Card Absent,Visa,189.84,INR,2026-08-29,0,toys,same_day,True,False,False,neither,56,1,1,False,False,"['avs_cvv', 'ip_match', 'delivery_proof', 'device_fingerprint']",merchant_lost
DSP-004565,13.1,Merchandise Not Received,Visa,1397.05,INR,2026-08-29,2,fashion,pickup,True,False,True,both_match,164,0,11,True,True,"['shipping_confirmation', 'delivery_proof', 'tracking_url']",merchant_won
DSP-002176,4837,No Cardholder Authorization,Mastercard,2105.62,INR,2026-08-29,15,sports,standard,False,False,True,neither,28,0,2,False,True,"['3ds_authentication', 'avs_cvv', 'ip_match']",merchant_lost
DSP-002531,4837,No Cardholder Authorization,Mastercard,532.57,INR,2026-08-29,4,health,standard,True,True,True,neither,110,3,1,False,True,"['3ds_authentication', 'avs_cvv', 'ip_match']",merchant_lost
DSP-000718,13.6,Credit Not Processed,Visa,226.34,INR,2026-08-29,1,toys,same_day,True,True,True,avs_only,45,0,5,False,False,"['refund_receipt', 'refund_arn', 'policy_terms']",merchant_won
DSP-002244,10.4,Fraud - Card Absent,Visa,1313.51,INR,2026-08-29,12,beauty,standard,False,False,False,avs_only,133,0,2,True,False,"['avs_cvv', 'ip_match', 'delivery_proof', 'device_fingerprint']",merchant_lost
DSP-000865,13.6,Credit Not Processed,Visa,207.09,INR,2026-08-29,27,sports,pickup,True,True,True,both_match,86,1,8,True,False,"['refund_receipt', 'refund_arn', 'policy_terms']",merchant_won
DSP-004699,4853,Cardholder Dispute - Defective,Mastercard,848.04,INR,2026-08-29,8,automotive,express,True,False,True,neither,346,0,3,False,False,"['product_description', 'quality_cert', 'customer_comms']",merchant_lost
DSP-000690,4860,Credit Not Processed (MC),Mastercard,1964.01,INR,2026-08-29,33,toys,express,True,True,True,both_match,77,0,10,False,False,"['refund_receipt', 'refund_arn', 'policy_terms']",merchant_won
DSP-003196,13.1,Merchandise Not Received,Visa,4636.44,INR,2026-08-29,7,automotive,same_day,True,True,True,both_match,8,0,3,True,False,"['shipping_confirmation', 'delivery_proof', 'tracking_url']",merchant_won
DSP-001738,4860,Credit Not Processed (MC),Mastercard,3435.33,INR,2026-08-29,7,home,express,True,True,True,cvv_only,101,0,3,True,True,"['refund_receipt', 'refund_arn', 'policy_terms']",merchant_won
DSP-002633,4853,Cardholder Dispute - Defective,Mastercard,1545.24,INR,2026-08-29,12,fashion,same_day,True,True,True,both_match,197,0,4,False,True,"['product_description', 'quality_cert', 'customer_comms']",merchant_lost
DSP-002673,13.1,Merchandise Not Received,Visa,3653.4,INR,2026-08-29,11,grocery,pickup,True,False,True,both_match,146,0,6,False,False,"['shipping_confirmation', 'delivery_proof', 'tracking_url']",merchant_won
DSP-004237,10.4,Fraud - Card Absent,Visa,1640.09,INR,2026-08-29,10,health,same_day,True,False,False,both_match,29,0,2,False,False,"['avs_cvv', 'ip_match', 'delivery_proof', 'device_fingerprint']",merchant_won
DSP-001572,10.4,Fraud - Card Absent,Visa,5296.85,INR,2026-08-29,77,books,same_day,True,True,True,neither,32,0,5,False,False,"['avs_cvv', 'ip_match', 'delivery_proof', 'device_fingerprint']",merchant_lost
DSP-004749,13.1,Merchandise Not Received,Visa,8359.58,INR,2026-08-29,12,automotive,same_day,True,False,True,both_match,97,0,7,True,True,"['shipping_confirmation', 'delivery_proof', 'tracking_url']",merchant_won
DSP-001351,4863,Cardholder Does Not Recognize,Mastercard,2115.58,INR,2026-08-29,26,toys,same_day,False,False,True,neither,35,2,2,False,False,"['billing_descriptor', 'customer_comms', 'ip_match']",merchant_lost
DSP-000302,4860,Credit Not Processed (MC),Mastercard,1987.63,INR,2026-08-29,0,beauty,same_day,True,True,True,both_match,95,0,5,False,False,"['refund_receipt', 'refund_arn', 'policy_terms']",merchant_won
DSP-003767,13.1,Merchandise Not Received,Visa,683.8,INR,2026-08-29,18,electronics,standard,True,True,True,both_match,309,0,2,False,True,"['shipping_confirmation', 'delivery_proof', 'tracking_url']",merchant_won
DSP-000575,10.4,Fraud - Card Absent,Visa,2926.78,INR,2026-08-29,24,automotive,same_day,False,False,True,both_match,69,1,1,True,False,"['avs_cvv', 'ip_match', 'delivery_proof', 'device_fingerprint']",merchant_won
DSP-002927,13.1,Merchandise Not Received,Visa,237.71,INR,2026-08-29,47,automotive,same_day,False,False,True,cvv_only,211,0,7,True,False,"['shipping_confirmation', 'delivery_proof', 'tracking_url']",merchant_won
DSP-001316,4863,Cardholder Does Not Recognize,Mastercard,5184.83,INR,2026-08-29,3,automotive,express,True,True,False,neither,34,1,2,False,True,"['billing_descriptor', 'customer_comms', 'ip_match']",merchant_won
DSP-002620,4837,No Cardholder Authorization,Mastercard,7231.16,INR,2026-08-29,1,automotive,standard,False,False,True,both_match,225,1,4,False,False,"['3ds_authentication', 'avs_cvv', 'ip_match']",merchant_won
DSP-004632,10.5,Fraud - Counterfeit,Visa,15681.92,INR,2026-08-29,62,sports,standard,True,True,True,cvv_only,83,0,4,True,False,"['emv_chip_data', 'pin_verification']",merchant_lost
DSP-003894,10.4,Fraud - Card Absent,Visa,22272.15,INR,2026-08-29,13,sports,express,True,True,True,neither,10,0,4,False,True,"['avs_cvv', 'ip_match', 'delivery_proof', 'device_fingerprint']",merchant_won
DSP-002617,4853,Cardholder Dispute - Defective,Mastercard,1363.4,INR,2026-08-29,7,beauty,pickup,True,True,True,both_match,461,0,4,False,True,"['product_description', 'quality_cert', 'customer_comms']",merchant_won
DSP-004670,10.5,Fraud - Counterfeit,Visa,2373.25,INR,2026-08-29,21,toys,same_day,False,False,False,neither,66,1,2,False,False,"['emv_chip_data', 'pin_verification']",merchant_lost
DSP-003962,4860,Credit Not Processed (MC),Mastercard,554.15,INR,2026-08-29,8,health,standard,False,False,True,avs_only,23,0,7,False,False,"['refund_receipt', 'refund_arn', 'policy_terms']",merchant_won
DSP-003544,4855,Goods or Services Not Provided,Mastercard,1685.92,INR,2026-08-29,11,electronics,express,True,True,True,both_match,103,0,5,False,True,"['shipping_confirmation', 'delivery_proof', 'signed_receipt']",merchant_won
DSP-002426,13.3,Not as Described,Visa,1245.09,INR,2026-08-29,7,beauty,express,True,True,True,avs_only,309,0,5,False,False,"['product_description', 'customer_comms', 'return_policy']",merchant_lost
DSP-001113,13.1,Merchandise Not Received,Visa,1331.38,INR,2026-08-29,43,beauty,same_day,False,False,True,both_match,3,0,5,True,True,"['shipping_confirmation', 'delivery_proof', 'tracking_url']",merchant_won
DSP-004235,13.6,Credit Not Processed,Visa,5228.04,INR,2026-08-29,9,electronics,pickup,True,True,True,both_match,84,0,7,True,True,"['refund_receipt', 'refund_arn', 'policy_terms']",merchant_won
DSP-004197,4837,No Cardholder Authorization,Mastercard,4107.64,INR,2026-08-29,11,toys,express,True,False,False,cvv_only,281,0,2,False,False,"['3ds_authentication', 'avs_cvv', 'ip_match']",merchant_lost
DSP-002559,4837,No Cardholder Authorization,Mastercard,2213.44,INR,2026-08-29,4,automotive,express,True,False,True,neither,224,0,4,False,False,"['3ds_authentication', 'avs_cvv', 'ip_match']",merchant_lost
DSP-002230,4853,Cardholder Dispute - Defective,Mastercard,1040.5,INR,2026-08-29,32,toys,same_day,True,True,True,both_match,91,0,4,False,True,"['product_description', 'quality_cert', 'customer_comms']",merchant_lost
DSP-000266,13.3,Not as Described,Visa,1203.58,INR,2026-08-29,17,toys,pickup,True,True,True,both_match,347,0,6,False,True,"['product_description', 'customer_comms', 'return_policy']",merchant_won
DSP-001306,13.1,Merchandise Not Received,Visa,460.62,INR,2026-08-29,50,beauty,pickup,True,True,True,both_match,71,0,8,True,False,"['shipping_confirmation', 'delivery_proof', 'tracking_url']",merchant_won
DSP-001672,4853,Cardholder Dispute - Defective,Mastercard,871.76,INR,2026-08-29,0,grocery,standard,True,True,True,both_match,135,0,4,False,True,"['product_description', 'quality_cert', 'customer_comms']",merchant_won
DSP-003696,4860,Credit Not Processed (MC),Mastercard,268.68,INR,2026-08-29,4,electronics,standard,True,True,True,both_match,327,0,8,True,True,"['refund_receipt', 'refund_arn', 'policy_terms']",merchant_won
DSP-004588,4837,No Cardholder Authorization,Mastercard,234.26,INR,2026-08-29,25,toys,express,True,False,True,neither,49,0,0,False,True,"['3ds_authentication', 'avs_cvv', 'ip_match']",merchant_won
DSP-003501,4860,Credit Not Processed (MC),Mastercard,884.49,INR,2026-08-29,3,beauty,standard,True,True,True,both_match,165,0,7,True,True,"['refund_receipt', 'refund_arn', 'policy_terms']",merchant_won
DSP-001120,4860,Credit Not Processed (MC),Mastercard,2292.75,INR,2026-08-29,9,home,express,True,False,True,both_match,369,1,3,True,False,"['refund_receipt', 'refund_arn', 'policy_terms']",merchant_won
DSP-002257,13.1,Merchandise Not Received,Visa,12556.45,INR,2026-08-29,21,books,pickup,False,False,True,both_match,915,1,7,False,True,"['shipping_confirmation', 'delivery_proof', 'tracking_url']",merchant_won
DSP-000740,13.3,Not as Described,Visa,129.76,INR,2026-08-29,10,beauty,same_day,True,True,True,both_match,114,0,5,True,True,"['product_description', 'customer_comms', 'return_policy']",merchant_won
DSP-001512,10.4,Fraud - Card Absent,Visa,373.45,INR,2026-08-29,28,automotive,same_day,True,True,False,both_match,125,0,3,False,False,"['avs_cvv', 'ip_match', 'delivery_proof', 'device_fingerprint']",merchant_won
DSP-003026,10.4,Fraud - Card Absent,Visa,4522.59,INR,2026-08-29,27,health,standard,False,False,False,neither,320,0,2,False,False,"['avs_cvv', 'ip_match', 'delivery_proof', 'device_fingerprint']",merchant_lost
DSP-004036,13.1,Merchandise Not Received,Visa,1559.6,INR,2026-08-29,48,beauty,same_day,True,True,True,both_match,509,1,3,True,True,"['shipping_confirmation', 'delivery_proof', 'tracking_url']",merchant_won
DSP-000950,4855,Goods or Services Not Provided,Mastercard,1120.55,INR,2026-08-29,9,fashion,pickup,True,True,True,both_match,441,0,6,True,True,"['shipping_confirmation', 'delivery_proof', 'signed_receipt']",merchant_won
DSP-002419,4863,Cardholder Does Not Recognize,Mastercard,1055.86,INR,2026-08-29,9,health,pickup,False,False,False,cvv_only,230,1,3,True,False,"['billing_descriptor', 'customer_comms', 'ip_match']",merchant_lost
DSP-001681,4860,Credit Not Processed (MC),Mastercard,532.78,INR,2026-08-29,25,fashion,standard,True,True,True,both_match,814,0,4,True,True,"['refund_receipt', 'refund_arn', 'policy_terms']",merchant_won
DSP-004781,10.4,Fraud - Card Absent,Visa,831.73,INR,2026-08-29,29,books,express,True,False,False,avs_only,362,1,0,False,True,"['avs_cvv', 'ip_match', 'delivery_proof', 'device_fingerprint']",merchant_won
DSP-003624,4855,Goods or Services Not Provided,Mastercard,361.07,INR,2026-08-29,25,sports,pickup,True,True,True,both_match,27,0,2,True,True,"['shipping_confirmation', 'delivery_proof', 'signed_receipt']",merchant_won
DSP-001064,10.4,Fraud - Card Absent,Visa,3241.4,INR,2026-08-29,37,home,express,False,False,True,neither,77,0,2,False,False,"['avs_cvv', 'ip_match', 'delivery_proof', 'device_fingerprint']",merchant_lost
DSP-002050,13.3,Not as Described,Visa,426.71,INR,2026-08-29,2,books,standard,True,True,True,both_match,93,0,2,True,False,"['product_description', 'customer_comms', 'return_policy']",merchant_won
DSP-004949,4860,Credit Not Processed (MC),Mastercard,309.26,INR,2026-08-29,14,beauty,standard,True,True,True,cvv_only,375,0,2,True,True,"['refund_receipt', 'refund_arn', 'policy_terms']",merchant_won
DSP-001830,4853,Cardholder Dispute - Defective,Mastercard,1811.65,INR,2026-08-29,0,sports,express,True,True,True,both_match,99,0,6,True,True,"['product_description', 'quality_cert', 'customer_comms']",merchant_won
DSP-002637,13.3,Not as Described,Visa,2385.82,INR,2026-08-29,16,sports,same_day,True,True,True,both_match,202,0,2,True,True,"['product_description', 'customer_comms', 'return_policy']",merchant_won
DSP-002348,4837,No Cardholder Authorization,Mastercard,4379.85,INR,2026-08-29,13,sports,standard,False,False,True,both_match,11,0,0,False,False,"['3ds_authentication', 'avs_cvv', 'ip_match']",merchant_won
DSP-002597,10.4,Fraud - Card Absent,Visa,13170.47,INR,2026-08-29,9,books,same_day,False,False,False,neither,228,1,1,False,True,"['avs_cvv', 'ip_match', 'delivery_proof', 'device_fingerprint']",merchant_won
DSP-000010,13.6,Credit Not Processed,Visa,1772.72,INR,2026-08-29,54,toys,pickup,True,True,True,both_match,299,0,10,False,True,"['refund_receipt', 'refund_arn', 'policy_terms']",merchant_won
DSP-000922,4837,No Cardholder Authorization,Mastercard,546.2,INR,2026-08-29,1,automotive,pickup,True,True,False,avs_only,52,0,1,True,False,"['3ds_authentication', 'avs_cvv', 'ip_match']",merchant_won
DSP-001249,13.1,Merchandise Not Received,Visa,934.79,INR,2026-08-29,27,books,pickup,True,True,True,both_match,106,0,5,False,False,"['shipping_confirmation', 'delivery_proof', 'tracking_url']",merchant_won
DSP-000698,10.4,Fraud - Card Absent,Visa,2251.02,INR,2026-08-29,5,sports,express,False,False,False,neither,18,0,4,True,False,"['avs_cvv', 'ip_match', 'delivery_proof', 'device_fingerprint']",merchant_lost
DSP-000164,4853,Cardholder Dispute - Defective,Mastercard,1366.18,INR,2026-08-29,17,automotive,standard,True,True,True,both_match,145,0,3,True,False,"['product_description', 'quality_cert', 'customer_comms']",merchant_lost
DSP-000261,4860,Credit Not Processed (MC),Mastercard,1711.32,INR,2026-08-29,21,beauty,standard,True,True,True,both_match,14,0,8,True,False,"['refund_receipt', 'refund_arn', 'policy_terms']",merchant_won
DSP-001818,4863,Cardholder Does Not Recognize,Mastercard,1690.25,INR,2026-08-29,13,toys,same_day,False,False,False,neither,11,1,1,False,False,"['billing_descriptor', 'customer_comms', 'ip_match']",merchant_won
DSP-000508,4837,No Cardholder Authorization,Mastercard,2669.67,INR,2026-08-29,1,home,standard,True,True,True,neither,11,1,3,False,False,"['3ds_authentication', 'avs_cvv', 'ip_match']",merchant_won
DSP-003387,4837,No Cardholder Authorization,Mastercard,445.15,INR,2026-08-29,81,fashion,same_day,True,False,False,avs_only,233,0,2,False,False,"['3ds_authentication', 'avs_cvv', 'ip_match']",merchant_won
DSP-002755,4855,Goods or Services Not Provided,Mastercard,1769.65,INR,2026-08-29,3,automotive,same_day,True,True,True,both_match,326,0,12,True,False,"['shipping_confirmation', 'delivery_proof', 'signed_receipt']",merchant_won
DSP-001423,10.4,Fraud - Card Absent,Visa,2730.22,INR,2026-08-29,2,health,same_day,False,False,False,neither,121,1,3,False,True,"['avs_cvv', 'ip_match', 'delivery_proof', 'device_fingerprint']",merchant_lost
DSP-002761,4863,Cardholder Does Not Recognize,Mastercard,180.98,INR,2026-08-29,39,home,same_day,False,False,False,both_match,386,0,0,False,False,"['billing_descriptor', 'customer_comms', 'ip_match']",merchant_won
DSP-001018,4853,Cardholder Dispute - Defective,Mastercard,273.62,INR,2026-08-29,6,home,standard,True,True,True,both_match,75,0,6,True,True,"['product_description', 'quality_cert', 'customer_comms']",merchant_won
DSP-000190,4855,Goods or Services Not Provided,Mastercard,5539.57,INR,2026-08-29,0,automotive,same_day,True,True,True,both_match,769,0,3,True,True,"['shipping_confirmation', 'delivery_proof', 'signed_receipt']",merchant_lost
DSP-000324,4855,Goods or Services Not Provided,Mastercard,4528.13,INR,2026-08-29,3,sports,express,True,True,True,both_match,97,0,4,True,True,"['shipping_confirmation', 'delivery_proof', 'signed_receipt']",merchant_won
DSP-004331,10.5,Fraud - Counterfeit,Visa,34393.0,INR,2026-08-29,83,grocery,pickup,True,True,False,avs_only,16,1,4,False,True,"['emv_chip_data', 'pin_verification']",merchant_lost
DSP-003999,13.1,Merchandise Not Received,Visa,1315.67,INR,2026-08-29,9,books,standard,True,False,True,both_match,316,0,7,True,False,"['shipping_confirmation', 'delivery_proof', 'tracking_url']",merchant_won
DSP-002108,10.5,Fraud - Counterfeit,Visa,2432.02,INR,2026-08-29,1,home,pickup,False,False,False,both_match,232,1,1,False,False,"['emv_chip_data', 'pin_verification']",merchant_won
DSP-004653,4837,No Cardholder Authorization,Mastercard,1396.85,INR,2026-08-29,4,home,standard,False,False,True,neither,197,1,1,False,False,"['3ds_authentication', 'avs_cvv', 'ip_match']",merchant_lost
DSP-003590,4855,Goods or Services Not Provided,Mastercard,9070.21,INR,2026-08-29,29,home,pickup,True,True,True,both_match,385,0,7,False,True,"['shipping_confirmation', 'delivery_proof', 'signed_receipt']",merchant_won
DSP-003141,4863,Cardholder Does Not Recognize,Mastercard,454.55,INR,2026-08-29,16,home,standard,False,False,False,neither,13,1,2,True,False,"['billing_descriptor', 'customer_comms', 'ip_match']",merchant_lost
DSP-002429,4860,Credit Not Processed (MC),Mastercard,511.47,INR,2026-08-29,2,fashion,same_day,True,False,True,both_match,81,0,3,False,True,"['refund_receipt', 'refund_arn', 'policy_terms']",merchant_won
DSP-004767,13.3,Not as Described,Visa,682.58,INR,2026-08-29,10,electronics,same_day,True,True,True,both_match,122,0,4,True,True,"['product_description', 'customer_comms', 'return_policy']",merchant_won
DSP-001813,4855,Goods or Services Not Provided,Mastercard,210.06,INR,2026-08-29,25,fashion,standard,False,False,True,both_match,62,0,14,True,False,"['shipping_confirmation', 'delivery_proof', 'signed_receipt']",merchant_won
DSP-004274,10.5,Fraud - Counterfeit,Visa,5412.24,INR,2026-08-29,9,health,pickup,False,False,True,neither,2,0,1,False,False,"['emv_chip_data', 'pin_verification']",merchant_lost
DSP-004310,10.4,Fraud - Card Absent,Visa,1878.54,INR,2026-08-29,98,grocery,pickup,False,False,False,both_match,94,2,2,True,False,"['avs_cvv', 'ip_match', 'delivery_proof', 'device_fingerprint']",merchant_lost
DSP-002138,13.1,Merchandise Not Received,Visa,560.78,INR,2026-08-29,40,books,standard,True,True,True,both_match,179,0,7,True,True,"['shipping_confirmation', 'delivery_proof', 'tracking_url']",merchant_won
DSP-000131,4863,Cardholder Does Not Recognize,Mastercard,1027.62,INR,2026-08-29,20,automotive,pickup,False,False,True,neither,46,0,0,True,False,"['billing_descriptor', 'customer_comms', 'ip_match']",merchant_lost
DSP-001884,4855,Goods or Services Not Provided,Mastercard,519.94,INR,2026-08-29,1,electronics,express,True,True,True,both_match,243,0,10,True,True,"['shipping_confirmation', 'delivery_proof', 'signed_receipt']",merchant_won
DSP-003636,4855,Goods or Services Not Provided,Mastercard,536.11,INR,2026-08-29,2,automotive,standard,True,False,True,both_match,182,0,9,False,True,"['shipping_confirmation', 'delivery_proof', 'signed_receipt']",merchant_lost
DSP-002689,10.5,Fraud - Counterfeit,Visa,802.83,INR,2026-08-29,29,grocery,express,False,False,False,neither,89,0,3,False,False,"['emv_chip_data', 'pin_verification']",merchant_lost
DSP-004123,10.4,Fraud - Card Absent,Visa,1913.89,INR,2026-08-29,17,beauty,express,False,False,False,neither,6,0,4,False,False,"['avs_cvv', 'ip_match', 'delivery_proof', 'device_fingerprint']",merchant_lost
DSP-001561,4860,Credit Not Processed (MC),Mastercard,527.73,INR,2026-08-29,21,books,pickup,True,True,True,both_match,52,0,10,False,True,"['refund_receipt', 'refund_arn', 'policy_terms']",merchant_won
DSP-002811,10.5,Fraud - Counterfeit,Visa,752.7,INR,2026-08-29,32,grocery,standard,False,False,False,both_match,153,1,1,True,True,"['emv_chip_data', 'pin_verification']",merchant_lost
DSP-000156,4860,Credit Not Processed (MC),Mastercard,4960.96,INR,2026-08-29,3,automotive,same_day,True,True,True,both_match,2,0,6,True,True,"['refund_receipt', 'refund_arn', 'policy_terms']",merchant_won
DSP-001852,4863,Cardholder Does Not Recognize,Mastercard,2559.09,INR,2026-08-29,19,books,express,True,True,False,avs_only,113,0,1,False,False,"['billing_descriptor', 'customer_comms', 'ip_match']",merchant_won
DSP-001956,13.6,Credit Not Processed,Visa,184.86,INR,2026-08-29,16,electronics,express,True,True,True,both_match,3,0,8,True,True,"['refund_receipt', 'refund_arn', 'policy_terms']",merchant_won
DSP-003010,4863,Cardholder Does Not Recognize,Mastercard,2608.22,INR,2026-08-29,0,beauty,same_day,True,False,True,neither,186,0,0,False,False,"['billing_descriptor', 'customer_comms', 'ip_match']",merchant_won
DSP-000667,10.4,Fraud - Card Absent,Visa,442.15,INR,2026-08-29,26,home,pickup,True,True,True,avs_only,17,1,1,True,False,"['avs_cvv', 'ip_match', 'delivery_proof', 'device_fingerprint']",merchant_won
DSP-004777,13.6,Credit Not Processed,Visa,1728.72,INR,2026-08-29,5,grocery,pickup,True,True,True,both_match,274,0,7,True,False,"['refund_receipt', 'refund_arn', 'policy_terms']",merchant_won
DSP-003224,13.3,Not as Described,Visa,188.22,INR,2026-08-29,8,health,pickup,True,True,True,both_match,269,0,6,True,False,"['product_description', 'customer_comms', 'return_policy']",merchant_won
DSP-001806,4860,Credit Not Processed (MC),Mastercard,916.65,INR,2026-08-29,0,grocery,express,True,True,True,both_match,23,0,3,True,True,"['refund_receipt', 'refund_arn', 'policy_terms']",merchant_won
DSP-002600,10.4,Fraud - Card Absent,Visa,508.66,INR,2026-08-29,32,fashion,standard,False,False,True,avs_only,26,0,1,False,False,"['avs_cvv', 'ip_match', 'delivery_proof', 'device_fingerprint']",merchant_won
DSP-002445,10.4,Fraud - Card Absent,Visa,667.88,INR,2026-08-29,12,electronics,pickup,False,False,True,neither,28,1,2,False,False,"['avs_cvv', 'ip_match', 'delivery_proof', 'device_fingerprint']",merchant_lost
DSP-002159,4863,Cardholder Does Not Recognize,Mastercard,4490.41,INR,2026-08-29,10,electronics,same_day,False,False,False,neither,37,0,1,False,False,"['billing_descriptor', 'customer_comms', 'ip_match']",merchant_lost
DSP-003195,4863,Cardholder Does Not Recognize,Mastercard,7499.58,INR,2026-08-29,6,grocery,same_day,True,True,False,neither,16,0,2,False,False,"['billing_descriptor', 'customer_comms', 'ip_match']",merchant_lost
DSP-004846,10.4,Fraud - Card Absent,Visa,3341.19,INR,2026-08-29,1,books,express,False,False,True,both_match,52,2,1,False,False,"['avs_cvv', 'ip_match', 'delivery_proof', 'device_fingerprint']",merchant_won
DSP-000416,4853,Cardholder Dispute - Defective,Mastercard,1714.48,INR,2026-08-29,2,health,same_day,True,True,True,both_match,687,0,3,False,True,"['product_description', 'quality_cert', 'customer_comms']",merchant_lost
DSP-004177,10.5,Fraud - Counterfeit,Visa,203.32,INR,2026-08-29,5,grocery,pickup,False,False,True,neither,112,0,4,False,False,"['emv_chip_data', 'pin_verification']",merchant_lost
DSP-002580,13.3,Not as Described,Visa,2780.12,INR,2026-08-29,42,automotive,express,True,True,False,both_match,303,0,4,False,True,"['product_description', 'customer_comms', 'return_policy']",merchant_won
DSP-003118,13.3,Not as Described,Visa,516.29,INR,2026-08-29,0,beauty,same_day,True,False,True,both_match,263,0,2,False,True,"['product_description', 'customer_comms', 'return_policy']",merchant_won
DSP-000558,4860,Credit Not Processed (MC),Mastercard,32.57,INR,2026-08-29,29,books,pickup,True,True,True,avs_only,7,1,12,False,True,"['refund_receipt', 'refund_arn', 'policy_terms']",merchant_won
DSP-003881,13.1,Merchandise Not Received,Visa,840.63,INR,2026-08-29,67,fashion,express,True,True,True,neither,265,0,7,False,False,"['shipping_confirmation', 'delivery_proof', 'tracking_url']",merchant_lost
DSP-001340,4837,No Cardholder Authorization,Mastercard,5726.29,INR,2026-08-29,26,electronics,same_day,False,False,True,neither,82,0,2,False,False,"['3ds_authentication', 'avs_cvv', 'ip_match']",merchant_lost
DSP-004079,4860,Credit Not Processed (MC),Mastercard,1429.02,INR,2026-08-29,4,grocery,pickup,True,True,True,both_match,4,0,5,False,True,"['refund_receipt', 'refund_arn', 'policy_terms']",merchant_won
DSP-001645,10.4,Fraud - Card Absent,Visa,1208.63,INR,2026-08-29,11,books,same_day,False,False,False,cvv_only,72,0,2,False,False,"['avs_cvv', 'ip_match', 'delivery_proof', 'device_fingerprint']",merchant_lost
DSP-002656,10.4,Fraud - Card Absent,Visa,762.53,INR,2026-08-29,15,health,same_day,False,False,False,neither,11,0,3,False,False,"['avs_cvv', 'ip_match', 'delivery_proof', 'device_fingerprint']",merchant_won
DSP-000689,13.1,Merchandise Not Received,Visa,586.48,INR,2026-08-29,2,health,same_day,True,True,True,avs_only,376,0,7,True,True,"['shipping_confirmation', 'delivery_proof', 'tracking_url']",merchant_won
DSP-003153,13.1,Merchandise Not Received,Visa,284.38,INR,2026-08-29,5,fashion,standard,True,True,False,cvv_only,734,0,6,False,True,"['shipping_confirmation', 'delivery_proof', 'tracking_url']",merchant_lost
DSP-003911,4863,Cardholder Does Not Recognize,Mastercard,587.07,INR,2026-08-29,23,grocery,pickup,False,False,False,neither,68,0,2,False,False,"['billing_descriptor', 'customer_comms', 'ip_match']",merchant_lost
DSP-000652,4863,Cardholder Does Not Recognize,Mastercard,1897.65,INR,2026-08-29,1,home,pickup,False,False,False,neither,41,1,0,False,False,"['billing_descriptor', 'customer_comms', 'ip_match']",merchant_won
DSP-002976,4863,Cardholder Does Not Recognize,Mastercard,9056.66,INR,2026-08-29,29,electronics,same_day,True,False,False,neither,48,1,2,False,False,"['billing_descriptor', 'customer_comms', 'ip_match']",merchant_lost
DSP-000955,4837,No Cardholder Authorization,Mastercard,249.66,INR,2026-08-29,1,health,same_day,False,False,False,both_match,249,0,0,False,False,"['3ds_authentication', 'avs_cvv', 'ip_match']",merchant_lost
DSP-001493,13.1,Merchandise Not Received,Visa,3334.73,INR,2026-08-29,43,toys,pickup,True,True,False,both_match,82,0,5,False,False,"['shipping_confirmation', 'delivery_proof', 'tracking_url']",merchant_won
DSP-003289,4853,Cardholder Dispute - Defective,Mastercard,2255.23,INR,2026-08-29,32,home,express,True,True,True,both_match,272,0,6,False,True,"['product_description', 'quality_cert', 'customer_comms']",merchant_won
DSP-003816,4853,Cardholder Dispute - Defective,Mastercard,185.08,INR,2026-08-29,13,grocery,pickup,True,True,True,both_match,309,0,5,True,True,"['product_description', 'quality_cert', 'customer_comms']",merchant_won
DSP-002259,4860,Credit Not Processed (MC),Mastercard,7646.41,INR,2026-08-29,15,health,pickup,True,True,True,both_match,38,1,4,True,True,"['refund_receipt', 'refund_arn', 'policy_terms']",merchant_won
DSP-000435,10.4,Fraud - Card Absent,Visa,872.43,INR,2026-08-29,14,toys,express,False,False,False,both_match,73,0,1,False,True,"['avs_cvv', 'ip_match', 'delivery_proof', 'device_fingerprint']",merchant_lost
DSP-001720,4855,Goods or Services Not Provided,Mastercard,309.06,INR,2026-08-29,25,automotive,same_day,True,True,True,both_match,100,0,5,True,True,"['shipping_confirmation', 'delivery_proof', 'signed_receipt']",merchant_won
DSP-004370,4863,Cardholder Does Not Recognize,Mastercard,3268.74,INR,2026-08-29,1,books,express,False,False,False,cvv_only,35,0,0,False,False,"['billing_descriptor', 'customer_comms', 'ip_match']",merchant_lost
DSP-002746,13.1,Merchandise Not Received,Visa,356.24,INR,2026-08-29,21,automotive,standard,True,True,True,both_match,151,0,6,False,True,"['shipping_confirmation', 'delivery_proof', 'tracking_url']",merchant_lost
DSP-003443,4853,Cardholder Dispute - Defective,Mastercard,1064.19,INR,2026-08-29,10,beauty,pickup,True,True,True,both_match,203,0,9,False,True,"['product_description', 'quality_cert', 'customer_comms']",merchant_lost
DSP-002162,4855,Goods or Services Not Provided,Mastercard,452.65,INR,2026-08-29,21,home,express,True,True,True,both_match,19,0,8,True,True,"['shipping_confirmation', 'delivery_proof', 'signed_receipt']",merchant_lost
DSP-004474,13.1,Merchandise Not Received,Visa,165.97,INR,2026-08-29,21,books,pickup,True,True,True,both_match,26,0,5,False,True,"['shipping_confirmation', 'delivery_proof', 'tracking_url']",merchant_won
DSP-001013,4860,Credit Not Processed (MC),Mastercard,3735.64,INR,2026-08-29,8,sports,pickup,True,True,True,both_match,112,0,5,False,True,"['refund_receipt', 'refund_arn', 'policy_terms']",merchant_won
DSP-000404,13.3,Not as Described,Visa,425.68,INR,2026-08-29,9,books,standard,True,True,True,both_match,87,0,6,True,True,"['product_description', 'customer_comms', 'return_policy']",merchant_won
DSP-000526,4855,Goods or Services Not Provided,Mastercard,109.75,INR,2026-08-29,0,health,pickup,True,True,True,both_match,217,0,2,False,True,"['shipping_confirmation', 'delivery_proof', 'signed_receipt']",merchant_won
DSP-001256,4855,Goods or Services Not Provided,Mastercard,689.24,INR,2026-08-29,13,automotive,pickup,False,False,True,both_match,39,1,5,True,True,"['shipping_confirmation', 'delivery_proof', 'signed_receipt']",merchant_won
DSP-003280,4855,Goods or Services Not Provided,Mastercard,2350.17,INR,2026-08-29,0,toys,standard,True,True,True,both_match,994,0,8,True,True,"['shipping_confirmation', 'delivery_proof', 'signed_receipt']",merchant_won
DSP-001220,10.5,Fraud - Counterfeit,Visa,7035.93,INR,2026-08-29,3,beauty,same_day,False,False,False,neither,222,1,1,False,True,"['emv_chip_data', 'pin_verification']",merchant_lost
DSP-004566,10.4,Fraud - Card Absent,Visa,725.16,INR,2026-08-29,7,toys,same_day,True,True,False,both_match,93,0,1,False,True,"['avs_cvv', 'ip_match', 'delivery_proof', 'device_fingerprint']",merchant_won
DSP-002844,13.3,Not as Described,Visa,5717.33,INR,2026-08-29,22,electronics,express,True,False,True,both_match,236,0,6,False,False,"['product_description', 'customer_comms', 'return_policy']",merchant_lost
DSP-004697,4855,Goods or Services Not Provided,Mastercard,6045.67,INR,2026-08-29,5,sports,standard,True,True,True,both_match,134,1,8,True,True,"['shipping_confirmation', 'delivery_proof', 'signed_receipt']",merchant_lost
DSP-003838,13.1,Merchandise Not Received,Visa,135.13,INR,2026-08-29,14,health,pickup,True,True,True,both_match,99,0,4,False,True,"['shipping_confirmation', 'delivery_proof', 'tracking_url']",merchant_won
DSP-000005,10.4,Fraud - Card Absent,Visa,6765.4,INR,2026-08-29,25,grocery,express,False,False,False,neither,191,0,2,True,False,"['avs_cvv', 'ip_match', 'delivery_proof', 'device_fingerprint']",merchant_won
DSP-003964,13.3,Not as Described,Visa,264.69,INR,2026-08-29,27,books,express,True,False,True,both_match,711,0,9,True,True,"['product_description', 'customer_comms', 'return_policy']",merchant_won
DSP-002033,4837,No Cardholder Authorization,Mastercard,437.25,INR,2026-08-29,56,beauty,express,False,False,False,neither,21,2,1,False,False,"['3ds_authentication', 'avs_cvv', 'ip_match']",merchant_lost
DSP-001244,10.4,Fraud - Card Absent,Visa,5583.0,INR,2026-08-29,18,electronics,same_day,False,False,False,avs_only,15,1,0,False,False,"['avs_cvv', 'ip_match', 'delivery_proof', 'device_fingerprint']",merchant_lost
DSP-003172,4863,Cardholder Does Not Recognize,Mastercard,2174.68,INR,2026-08-29,5,beauty,same_day,False,False,True,cvv_only,149,1,0,False,True,"['billing_descriptor', 'customer_comms', 'ip_match']",merchant_won
DSP-000022,13.1,Merchandise Not Received,Visa,379.13,INR,2026-08-29,22,automotive,same_day,True,True,True,both_match,301,0,7,True,True,"['shipping_confirmation', 'delivery_proof', 'tracking_url']",merchant_won
DSP-001733,4853,Cardholder Dispute - Defective,Mastercard,165.38,INR,2026-08-29,15,home,pickup,True,True,True,both_match,350,0,8,False,True,"['product_description', 'quality_cert', 'customer_comms']",merchant_won
DSP-002041,13.1,Merchandise Not Received,Visa,298.58,INR,2026-08-29,4,automotive,pickup,True,True,False,both_match,77,0,4,False,False,"['shipping_confirmation', 'delivery_proof', 'tracking_url']",merchant_won
DSP-002876,10.4,Fraud - Card Absent,Visa,1048.69,INR,2026-08-29,33,beauty,express,False,False,True,avs_only,82,0,4,False,False,"['avs_cvv', 'ip_match', 'delivery_proof', 'device_fingerprint']",merchant_lost
DSP-000184,4853,Cardholder Dispute - Defective,Mastercard,337.81,INR,2026-08-29,7,beauty,express,True,True,True,both_match,15,0,4,True,True,"['product_description', 'quality_cert', 'customer_comms']",merchant_lost
DSP-002506,10.4,Fraud - Card Absent,Visa,2164.2,INR,2026-08-29,3,health,same_day,True,True,False,avs_only,39,1,3,False,False,"['avs_cvv', 'ip_match', 'delivery_proof', 'device_fingerprint']",merchant_won
DSP-004101,10.4,Fraud - Card Absent,Visa,7322.22,INR,2026-08-29,65,fashion,same_day,False,False,True,neither,16,2,4,False,True,"['avs_cvv', 'ip_match', 'delivery_proof', 'device_fingerprint']",merchant_lost
DSP-001904,4837,No Cardholder Authorization,Mastercard,1545.1,INR,2026-08-29,7,grocery,same_day,False,False,False,both_match,28,1,2,False,True,"['3ds_authentication', 'avs_cvv', 'ip_match']",merchant_lost
DSP-001712,4853,Cardholder Dispute - Defective,Mastercard,565.8,INR,2026-08-29,43,toys,standard,True,True,True,both_match,31,0,6,True,True,"['product_description', 'quality_cert', 'customer_comms']",merchant_won
DSP-003953,4853,Cardholder Dispute - Defective,Mastercard,2384.22,INR,2026-08-29,8,beauty,same_day,True,True,True,cvv_only,70,0,4,True,False,"['product_description', 'quality_cert', 'customer_comms']",merchant_lost
DSP-000615,10.4,Fraud - Card Absent,Visa,2340.17,INR,2026-08-29,37,home,same_day,False,False,False,avs_only,36,0,3,True,False,"['avs_cvv', 'ip_match', 'delivery_proof', 'device_fingerprint']",merchant_lost
DSP-003938,13.1,Merchandise Not Received,Visa,242.96,INR,2026-08-29,1,electronics,pickup,True,True,True,both_match,44,0,6,False,True,"['shipping_confirmation', 'delivery_proof', 'tracking_url']",merchant_lost
DSP-000250,4837,No Cardholder Authorization,Mastercard,8753.02,INR,2026-08-29,2,electronics,express,True,True,False,both_match,80,1,1,True,False,"['3ds_authentication', 'avs_cvv', 'ip_match']",merchant_won
DSP-000567,4860,Credit Not Processed (MC),Mastercard,1322.34,INR,2026-08-29,6,sports,pickup,True,False,True,both_match,293,0,3,True,True,"['refund_receipt', 'refund_arn', 'policy_terms']",merchant_won
DSP-000566,4837,No Cardholder Authorization,Mastercard,3954.4,INR,2026-08-29,25,fashion,same_day,False,False,False,neither,26,1,2,True,False,"['3ds_authentication', 'avs_cvv', 'ip_match']",merchant_won
DSP-001314,4860,Credit Not Processed (MC),Mastercard,1382.19,INR,2026-08-29,1,home,express,False,False,True,both_match,109,0,6,True,True,"['refund_receipt', 'refund_arn', 'policy_terms']",merchant_won
DSP-002489,13.3,Not as Described,Visa,1093.91,INR,2026-08-29,1,home,pickup,True,True,True,both_match,63,0,6,False,True,"['product_description', 'customer_comms', 'return_policy']",merchant_won
DSP-003561,4860,Credit Not Processed (MC),Mastercard,632.89,INR,2026-08-29,14,automotive,express,True,True,True,cvv_only,58,0,7,True,True,"['refund_receipt', 'refund_arn', 'policy_terms']",merchant_won
DSP-002814,13.3,Not as Described,Visa,276.84,INR,2026-08-29,8,fashion,standard,False,False,True,both_match,52,0,4,True,True,"['product_description', 'customer_comms', 'return_policy']",merchant_lost
DSP-002555,4860,Credit Not Processed (MC),Mastercard,637.22,INR,2026-08-29,26,automotive,pickup,False,False,True,avs_only,107,0,6,True,True,"['refund_receipt', 'refund_arn', 'policy_terms']",merchant_lost
DSP-003578,13.3,Not as Described,Visa,1925.03,INR,2026-08-29,27,sports,pickup,False,False,True,both_match,384,1,5,False,True,"['product_description', 'customer_comms', 'return_policy']",merchant_lost
DSP-001445,4837,No Cardholder Authorization,Mastercard,824.51,INR,2026-08-29,41,books,same_day,False,False,False,avs_only,97,0,2,True,False,"['3ds_authentication', 'avs_cvv', 'ip_match']",merchant_lost
DSP-004228,4863,Cardholder Does Not Recognize,Mastercard,2031.41,INR,2026-08-29,5,automotive,same_day,False,False,False,neither,6,1,5,True,False,"['billing_descriptor', 'customer_comms', 'ip_match']",merchant_lost
DSP-004927,4860,Credit Not Processed (MC),Mastercard,250.18,INR,2026-08-29,14,grocery,pickup,False,False,True,avs_only,260,0,5,True,True,"['refund_receipt', 'refund_arn', 'policy_terms']",merchant_won
DSP-002043,10.4,Fraud - Card Absent,Visa,1744.09,INR,2026-08-29,25,fashion,same_day,False,False,False,neither,90,0,3,False,False,"['avs_cvv', 'ip_match', 'delivery_proof', 'device_fingerprint']",merchant_lost
DSP-003149,13.3,Not as Described,Visa,708.42,INR,2026-08-29,33,health,standard,True,True,True,avs_only,92,0,8,False,True,"['product_description', 'customer_comms', 'return_policy']",merchant_won
DSP-002350,4853,Cardholder Dispute - Defective,Mastercard,570.11,INR,2026-08-29,2,beauty,express,True,True,True,both_match,752,0,6,False,True,"['product_description', 'quality_cert', 'customer_comms']",merchant_won
DSP-001031,10.4,Fraud - Card Absent,Visa,13473.81,INR,2026-08-29,22,toys,same_day,True,True,True,neither,38,2,3,False,False,"['avs_cvv', 'ip_match', 'delivery_proof', 'device_fingerprint']",merchant_won
DSP-000058,13.1,Merchandise Not Received,Visa,2667.76,INR,2026-08-29,12,automotive,standard,True,True,True,both_match,250,0,5,False,True,"['shipping_confirmation', 'delivery_proof', 'tracking_url']",merchant_won
DSP-000641,10.5,Fraud - Counterfeit,Visa,6415.92,INR,2026-08-29,32,grocery,express,True,False,False,both_match,40,0,1,False,False,"['emv_chip_data', 'pin_verification']",merchant_lost
DSP-000153,4853,Cardholder Dispute - Defective,Mastercard,1157.59,INR,2026-08-29,56,grocery,express,True,True,True,both_match,160,0,7,False,False,"['product_description', 'quality_cert', 'customer_comms']",merchant_won
DSP-004473,13.6,Credit Not Processed,Visa,231.26,INR,2026-08-29,6,electronics,same_day,True,True,True,both_match,345,0,9,True,True,"['refund_receipt', 'refund_arn', 'policy_terms']",merchant_won
DSP-001771,4860,Credit Not Processed (MC),Mastercard,142.79,INR,2026-08-29,16,sports,same_day,True,True,False,cvv_only,226,1,4,True,False,"['refund_receipt', 'refund_arn', 'policy_terms']",merchant_won
DSP-003033,4863,Cardholder Does Not Recognize,Mastercard,1383.4,INR,2026-08-29,18,sports,express,False,False,True,avs_only,108,0,2,False,False,"['billing_descriptor', 'customer_comms', 'ip_match']",merchant_lost
DSP-001050,4837,No Cardholder Authorization,Mastercard,1644.86,INR,2026-08-29,72,automotive,same_day,False,False,True,avs_only,26,0,2,False,False,"['3ds_authentication', 'avs_cvv', 'ip_match']",merchant_lost
DSP-004353,4855,Goods or Services Not Provided,Mastercard,339.92,INR,2026-08-29,1,toys,express,False,False,True,both_match,14,0,7,True,True,"['shipping_confirmation', 'delivery_proof', 'signed_receipt']",merchant_won
DSP-004585,4837,No Cardholder Authorization,Mastercard,437.08,INR,2026-08-29,11,health,pickup,False,False,True,cvv_only,82,0,5,True,True,"['3ds_authentication', 'avs_cvv', 'ip_match']",merchant_lost
DSP-002067,4837,No Cardholder Authorization,Mastercard,6126.79,INR,2026-08-29,8,books,pickup,False,False,True,both_match,8,0,4,False,False,"['3ds_authentication', 'avs_cvv', 'ip_match']",merchant_lost
DSP-001236,4863,Cardholder Does Not Recognize,Mastercard,2266.67,INR,2026-08-29,0,sports,standard,False,False,False,cvv_only,45,1,0,False,False,"['billing_descriptor', 'customer_comms', 'ip_match']",merchant_lost
DSP-003165,4863,Cardholder Does Not Recognize,Mastercard,2047.52,INR,2026-08-29,27,books,express,False,False,False,both_match,188,1,2,True,False,"['billing_descriptor', 'customer_comms', 'ip_match']",merchant_won
DSP-001376,4855,Goods or Services Not Provided,Mastercard,798.54,INR,2026-08-29,16,automotive,standard,True,True,True,neither,306,0,3,False,False,"['shipping_confirmation', 'delivery_proof', 'signed_receipt']",merchant_won
DSP-003467,4837,No Cardholder Authorization,Mastercard,1270.68,INR,2026-08-29,6,fashion,same_day,True,True,False,avs_only,370,1,2,True,False,"['3ds_authentication', 'avs_cvv', 'ip_match']",merchant_lost
DSP-000494,4863,Cardholder Does Not Recognize,Mastercard,4336.59,INR,2026-08-29,62,health,standard,False,False,False,neither,102,0,2,True,False,"['billing_descriptor', 'customer_comms', 'ip_match']",merchant_lost
DSP-001703,4837,No Cardholder Authorization,Mastercard,5557.23,INR,2026-08-29,54,books,standard,False,False,True,avs_only,47,0,1,True,False,"['3ds_authentication', 'avs_cvv', 'ip_match']",merchant_won
DSP-002562,10.4,Fraud - Card Absent,Visa,185.33,INR,2026-08-29,20,home,pickup,False,False,False,both_match,99,0,4,True,False,"['avs_cvv', 'ip_match', 'delivery_proof', 'device_fingerprint']",merchant_lost
DSP-002117,13.3,Not as Described,Visa,306.74,INR,2026-08-29,5,fashion,pickup,True,True,True,avs_only,175,0,7,True,True,"['product_description', 'customer_comms', 'return_policy']",merchant_lost
DSP-003629,13.1,Merchandise Not Received,Visa,8739.75,INR,2026-08-29,26,toys,express,True,True,True,both_match,88,0,10,True,False,"['shipping_confirmation', 'delivery_proof', 'tracking_url']",merchant_won
DSP-002035,10.4,Fraud - Card Absent,Visa,259.08,INR,2026-08-29,38,beauty,pickup,False,False,False,avs_only,31,0,3,True,False,"['avs_cvv', 'ip_match', 'delivery_proof', 'device_fingerprint']",merchant_lost
DSP-002431,4853,Cardholder Dispute - Defective,Mastercard,347.12,INR,2026-08-29,7,home,pickup,True,True,True,both_match,80,0,2,True,True,"['product_description', 'quality_cert', 'customer_comms']",merchant_lost
DSP-001449,4853,Cardholder Dispute - Defective,Mastercard,2212.12,INR,2026-08-29,28,electronics,pickup,True,False,True,both_match,60,0,8,False,True,"['product_description', 'quality_cert', 'customer_comms']",merchant_won
DSP-000428,4855,Goods or Services Not Provided,Mastercard,815.05,INR,2026-08-29,28,toys,standard,True,True,True,both_match,528,0,4,False,True,"['shipping_confirmation', 'delivery_proof', 'signed_receipt']",merchant_won
DSP-003674,4863,Cardholder Does Not Recognize,Mastercard,3397.14,INR,2026-08-29,4,beauty,standard,True,True,False,both_match,290,1,3,False,False,"['billing_descriptor', 'customer_comms', 'ip_match']",merchant_won
DSP-001184,4860,Credit Not Processed (MC),Mastercard,758.07,INR,2026-08-29,58,home,standard,True,True,True,both_match,27,0,8,False,True,"['refund_receipt', 'refund_arn', 'policy_terms']",merchant_won
DSP-004467,4860,Credit Not Processed (MC),Mastercard,310.3,INR,2026-08-29,18,books,same_day,True,True,True,both_match,163,0,5,True,True,"['refund_receipt', 'refund_arn', 'policy_terms']",merchant_won
DSP-002250,13.1,Merchandise Not Received,Visa,2170.11,INR,2026-08-29,1,beauty,standard,True,True,True,both_match,107,0,7,False,True,"['shipping_confirmation', 'delivery_proof', 'tracking_url']",merchant_won
DSP-003210,4863,Cardholder Does Not Recognize,Mastercard,827.15,INR,2026-08-29,38,health,standard,True,False,False,both_match,71,0,2,False,False,"['billing_descriptor', 'customer_comms', 'ip_match']",merchant_won
DSP-000648,13.1,Merchandise Not Received,Visa,1812.49,INR,2026-08-29,42,home,pickup,True,True,True,cvv_only,183,0,6,False,False,"['shipping_confirmation', 'delivery_proof', 'tracking_url']",merchant_won
DSP-002682,4855,Goods or Services Not Provided,Mastercard,803.59,INR,2026-08-29,38,grocery,express,True,True,True,both_match,49,0,5,False,True,"['shipping_confirmation', 'delivery_proof', 'signed_receipt']",merchant_won
DSP-001661,4837,No Cardholder Authorization,Mastercard,5936.4,INR,2026-08-29,2,automotive,standard,True,True,False,avs_only,29,0,1,True,False,"['3ds_authentication', 'avs_cvv', 'ip_match']",merchant_lost
DSP-001006,4853,Cardholder Dispute - Defective,Mastercard,2158.4,INR,2026-08-29,50,fashion,pickup,True,True,True,both_match,15,0,3,False,False,"['product_description', 'quality_cert', 'customer_comms']",merchant_lost
DSP-003015,4837,No Cardholder Authorization,Mastercard,538.79,INR,2026-08-29,48,health,express,False,False,True,avs_only,20,0,3,False,False,"['3ds_authentication', 'avs_cvv', 'ip_match']",merchant_lost
DSP-002651,13.1,Merchandise Not Received,Visa,1938.31,INR,2026-08-29,54,books,pickup,True,True,True,both_match,5,0,4,False,True,"['shipping_confirmation', 'delivery_proof', 'tracking_url']",merchant_won
DSP-002153,4855,Goods or Services Not Provided,Mastercard,601.96,INR,2026-08-29,0,home,pickup,True,True,True,both_match,38,0,12,True,True,"['shipping_confirmation', 'delivery_proof', 'signed_receipt']",merchant_won
DSP-003495,4837,No Cardholder Authorization,Mastercard,991.84,INR,2026-08-29,4,toys,standard,True,True,True,avs_only,125,3,1,False,False,"['3ds_authentication', 'avs_cvv', 'ip_match']",merchant_lost
DSP-002533,4863,Cardholder Does Not Recognize,Mastercard,5452.81,INR,2026-08-29,40,books,same_day,False,False,False,avs_only,348,0,2,True,False,"['billing_descriptor', 'customer_comms', 'ip_match']",merchant_lost
DSP-000195,4837,No Cardholder Authorization,Mastercard,1188.52,INR,2026-08-29,2,toys,express,False,False,False,neither,24,0,0,True,False,"['3ds_authentication', 'avs_cvv', 'ip_match']",merchant_won
DSP-004196,10.4,Fraud - Card Absent,Visa,1445.58,INR,2026-08-29,3,books,standard,False,False,False,cvv_only,78,0,2,False,False,"['avs_cvv', 'ip_match', 'delivery_proof', 'device_fingerprint']",merchant_lost
DSP-004286,13.1,Merchandise Not Received,Visa,368.48,INR,2026-08-29,14,toys,express,False,False,True,both_match,227,0,6,True,True,"['shipping_confirmation', 'delivery_proof', 'tracking_url']",merchant_lost
DSP-001245,4860,Credit Not Processed (MC),Mastercard,1923.94,INR,2026-08-29,3,beauty,express,True,True,True,both_match,97,0,3,False,True,"['refund_receipt', 'refund_arn', 'policy_terms']",merchant_won
DSP-000763,10.4,Fraud - Card Absent,Visa,1332.24,INR,2026-08-29,7,sports,same_day,True,True,False,neither,67,1,9,True,False,"['avs_cvv', 'ip_match', 'delivery_proof', 'device_fingerprint']",merchant_lost
DSP-002254,13.3,Not as Described,Visa,1095.2,INR,2026-08-29,5,electronics,pickup,True,True,True,both_match,762,0,5,True,True,"['product_description', 'customer_comms', 'return_policy']",merchant_won
DSP-002097,13.1,Merchandise Not Received,Visa,92.82,INR,2026-08-29,10,grocery,standard,True,True,True,both_match,641,0,6,False,True,"['shipping_confirmation', 'delivery_proof', 'tracking_url']",merchant_won
DSP-004896,13.1,Merchandise Not Received,Visa,365.95,INR,2026-08-29,13,health,express,True,False,True,both_match,5,0,3,True,True,"['shipping_confirmation', 'delivery_proof', 'tracking_url']",merchant_won
DSP-004202,4860,Credit Not Processed (MC),Mastercard,2796.73,INR,2026-08-29,0,toys,pickup,True,True,True,both_match,86,0,7,True,False,"['refund_receipt', 'refund_arn', 'policy_terms']",merchant_won
DSP-001201,4837,No Cardholder Authorization,Mastercard,913.53,INR,2026-08-29,41,sports,same_day,True,True,False,neither,36,0,3,True,False,"['3ds_authentication', 'avs_cvv', 'ip_match']",merchant_lost
DSP-002989,10.4,Fraud - Card Absent,Visa,189.71,INR,2026-08-29,29,automotive,standard,True,True,False,avs_only,4,0,4,False,False,"['avs_cvv', 'ip_match', 'delivery_proof', 'device_fingerprint']",merchant_won
DSP-001330,4837,No Cardholder Authorization,Mastercard,500.88,INR,2026-08-29,0,health,pickup,True,True,False,cvv_only,67,0,2,False,False,"['3ds_authentication', 'avs_cvv', 'ip_match']",merchant_lost
DSP-002451,4853,Cardholder Dispute - Defective,Mastercard,221.92,INR,2026-08-29,6,home,pickup,True,False,True,both_match,35,0,0,True,False,"['product_description', 'quality_cert', 'customer_comms']",merchant_won
DSP-000326,10.4,Fraud - Card Absent,Visa,3064.96,INR,2026-08-29,0,books,standard,False,False,True,neither,96,0,3,False,False,"['avs_cvv', 'ip_match', 'delivery_proof', 'device_fingerprint']",merchant_lost
DSP-004448,10.5,Fraud - Counterfeit,Visa,562.32,INR,2026-08-29,10,grocery,standard,False,False,False,neither,120,0,1,False,False,"['emv_chip_data', 'pin_verification']",merchant_lost
DSP-001150,10.4,Fraud - Card Absent,Visa,3908.77,INR,2026-08-29,83,books,pickup,False,False,True,avs_only,45,0,2,False,False,"['avs_cvv', 'ip_match', 'delivery_proof', 'device_fingerprint']",merchant_lost
DSP-001740,13.3,Not as Described,Visa,591.0,INR,2026-08-29,12,sports,express,True,True,True,avs_only,108,0,5,False,True,"['product_description', 'customer_comms', 'return_policy']",merchant_won
DSP-003042,10.4,Fraud - Card Absent,Visa,7172.41,INR,2026-08-29,4,electronics,standard,False,False,False,neither,142,0,2,False,False,"['avs_cvv', 'ip_match', 'delivery_proof', 'device_fingerprint']",merchant_lost
DSP-004710,10.4,Fraud - Card Absent,Visa,637.58,INR,2026-08-29,3,fashion,express,True,True,False,neither,40,1,1,False,False,"['avs_cvv', 'ip_match', 'delivery_proof', 'device_fingerprint']",merchant_won
DSP-004358,4855,Goods or Services Not Provided,Mastercard,1404.97,INR,2026-08-29,3,fashion,standard,True,True,True,avs_only,51,0,9,False,True,"['shipping_confirmation', 'delivery_proof', 'signed_receipt']",merchant_lost
DSP-000106,13.3,Not as Described,Visa,1379.05,INR,2026-08-29,2,health,pickup,True,True,True,avs_only,352,0,5,False,True,"['product_description', 'customer_comms', 'return_policy']",merchant_won
DSP-004159,4860,Credit Not Processed (MC),Mastercard,233.3,INR,2026-08-29,4,home,same_day,True,True,True,avs_only,20,1,5,True,True,"['refund_receipt', 'refund_arn', 'policy_terms']",merchant_won
DSP-001498,13.1,Merchandise Not Received,Visa,437.73,INR,2026-08-29,13,health,same_day,True,True,True,both_match,20,0,4,True,True,"['shipping_confirmation', 'delivery_proof', 'tracking_url']",merchant_won
DSP-002516,13.1,Merchandise Not Received,Visa,2686.66,INR,2026-08-29,4,toys,standard,True,False,True,both_match,426,0,8,False,True,"['shipping_confirmation', 'delivery_proof', 'tracking_url']",merchant_won
DSP-001801,4837,No Cardholder Authorization,Mastercard,1980.5,INR,2026-08-29,6,grocery,standard,False,False,False,neither,101,1,0,False,False,"['3ds_authentication', 'avs_cvv', 'ip_match']",merchant_lost
DSP-000534,4853,Cardholder Dispute - Defective,Mastercard,1625.71,INR,2026-08-29,33,health,same_day,True,True,True,both_match,495,0,9,True,True,"['product_description', 'quality_cert', 'customer_comms']",merchant_lost
DSP-001906,13.1,Merchandise Not Received,Visa,225.14,INR,2026-08-29,10,home,standard,True,True,True,both_match,428,0,5,True,True,"['shipping_confirmation', 'delivery_proof', 'tracking_url']",merchant_won
DSP-002764,4860,Credit Not Processed (MC),Mastercard,834.58,INR,2026-08-29,11,home,same_day,True,True,True,both_match,1,0,4,True,True,"['refund_receipt', 'refund_arn', 'policy_terms']",merchant_won
DSP-003725,4837,No Cardholder Authorization,Mastercard,1071.96,INR,2026-08-29,5,sports,standard,True,True,False,neither,106,3,2,False,False,"['3ds_authentication', 'avs_cvv', 'ip_match']",merchant_lost
DSP-004136,10.5,Fraud - Counterfeit,Visa,2983.79,INR,2026-08-29,44,health,same_day,False,False,False,avs_only,34,0,2,False,True,"['emv_chip_data', 'pin_verification']",merchant_lost
DSP-002459,4855,Goods or Services Not Provided,Mastercard,81.31,INR,2026-08-29,2,grocery,standard,False,False,True,both_match,48,1,9,True,True,"['shipping_confirmation', 'delivery_proof', 'signed_receipt']",merchant_won
DSP-000478,4860,Credit Not Processed (MC),Mastercard,51.69,INR,2026-08-29,5,sports,express,True,True,True,both_match,596,0,6,False,True,"['refund_receipt', 'refund_arn', 'policy_terms']",merchant_won
DSP-001842,13.1,Merchandise Not Received,Visa,4825.31,INR,2026-08-29,4,toys,pickup,False,False,True,neither,55,0,6,True,True,"['shipping_confirmation', 'delivery_proof', 'tracking_url']",merchant_won
DSP-004261,10.4,Fraud - Card Absent,Visa,5266.59,INR,2026-08-29,14,toys,standard,True,True,False,both_match,110,1,4,False,False,"['avs_cvv', 'ip_match', 'delivery_proof', 'device_fingerprint']",merchant_won
DSP-004412,4837,No Cardholder Authorization,Mastercard,711.16,INR,2026-08-29,17,beauty,standard,True,True,False,cvv_only,81,1,1,False,False,"['3ds_authentication', 'avs_cvv', 'ip_match']",merchant_won
DSP-003393,10.5,Fraud - Counterfeit,Visa,503.14,INR,2026-08-29,0,home,pickup,False,False,False,avs_only,103,2,0,True,False,"['emv_chip_data', 'pin_verification']",merchant_lost
DSP-004630,4837,No Cardholder Authorization,Mastercard,697.26,INR,2026-08-29,50,electronics,express,True,False,False,neither,5,0,3,False,False,"['3ds_authentication', 'avs_cvv', 'ip_match']",merchant_lost
DSP-001699,10.4,Fraud - Card Absent,Visa,889.7,INR,2026-08-29,39,beauty,express,False,False,False,avs_only,23,1,5,False,True,"['avs_cvv', 'ip_match', 'delivery_proof', 'device_fingerprint']",merchant_lost
DSP-002239,10.4,Fraud - Card Absent,Visa,284.55,INR,2026-08-29,48,beauty,same_day,True,True,False,both_match,502,0,1,False,True,"['avs_cvv', 'ip_match', 'delivery_proof', 'device_fingerprint']",merchant_won
DSP-003227,10.4,Fraud - Card Absent,Visa,19097.03,INR,2026-08-29,85,sports,same_day,False,False,False,cvv_only,74,2,3,False,False,"['avs_cvv', 'ip_match', 'delivery_proof', 'device_fingerprint']",merchant_lost
DSP-001209,4863,Cardholder Does Not Recognize,Mastercard,2629.68,INR,2026-08-29,6,toys,same_day,False,False,True,avs_only,8,1,2,True,False,"['billing_descriptor', 'customer_comms', 'ip_match']",merchant_won
DSP-001448,10.4,Fraud - Card Absent,Visa,11629.69,INR,2026-08-29,52,sports,standard,True,True,True,neither,36,1,1,False,True,"['avs_cvv', 'ip_match', 'delivery_proof', 'device_fingerprint']",merchant_lost
DSP-000056,4837,No Cardholder Authorization,Mastercard,1097.69,INR,2026-08-29,78,electronics,pickup,True,True,False,avs_only,204,1,3,False,False,"['3ds_authentication', 'avs_cvv', 'ip_match']",merchant_lost
DSP-000945,10.4,Fraud - Card Absent,Visa,5004.78,INR,2026-08-29,34,grocery,pickup,False,False,False,neither,33,0,1,False,False,"['avs_cvv', 'ip_match', 'delivery_proof', 'device_fingerprint']",merchant_lost
DSP-001737,4837,No Cardholder Authorization,Mastercard,500.2,INR,2026-08-29,4,health,same_day,False,False,True,avs_only,62,0,4,True,False,"['3ds_authentication', 'avs_cvv', 'ip_match']",merchant_lost
DSP-002092,13.1,Merchandise Not Received,Visa,872.49,INR,2026-08-29,5,toys,express,True,True,True,both_match,244,0,6,False,True,"['shipping_confirmation', 'delivery_proof', 'tracking_url']",merchant_won
DSP-002932,4860,Credit Not Processed (MC),Mastercard,707.88,INR,2026-08-29,1,electronics,same_day,True,True,True,cvv_only,466,0,6,False,True,"['refund_receipt', 'refund_arn', 'policy_terms']",merchant_won
DSP-002110,4837,No Cardholder Authorization,Mastercard,82816.5,INR,2026-08-29,23,automotive,express,True,False,False,avs_only,110,0,0,False,False,"['3ds_authentication', 'avs_cvv', 'ip_match']",merchant_lost
DSP-000836,4837,No Cardholder Authorization,Mastercard,534.44,INR,2026-08-29,5,fashion,pickup,False,False,False,avs_only,35,1,2,False,False,"['3ds_authentication', 'avs_cvv', 'ip_match']",merchant_won
DSP-001102,4855,Goods or Services Not Provided,Mastercard,646.05,INR,2026-08-29,8,grocery,same_day,True,True,True,cvv_only,71,0,6,False,True,"['shipping_confirmation', 'delivery_proof', 'signed_receipt']",merchant_won
DSP-000888,4837,No Cardholder Authorization,Mastercard,7470.57,INR,2026-08-29,25,beauty,pickup,False,False,False,cvv_only,145,1,3,False,False,"['3ds_authentication', 'avs_cvv', 'ip_match']",merchant_lost
DSP-002550,10.5,Fraud - Counterfeit,Visa,1809.4,INR,2026-08-29,45,grocery,express,False,False,False,avs_only,123,1,1,True,True,"['emv_chip_data', 'pin_verification']",merchant_lost
DSP-003610,4853,Cardholder Dispute - Defective,Mastercard,1396.34,INR,2026-08-29,36,toys,express,True,True,True,both_match,17,0,4,True,True,"['product_description', 'quality_cert', 'customer_comms']",merchant_won
DSP-004557,4863,Cardholder Does Not Recognize,Mastercard,8822.56,INR,2026-08-29,2,health,standard,False,False,False,neither,67,0,2,False,False,"['billing_descriptor', 'customer_comms', 'ip_match']",merchant_lost
DSP-004847,4855,Goods or Services Not Provided,Mastercard,7209.59,INR,2026-08-29,12,toys,pickup,True,True,True,cvv_only,258,1,4,True,False,"['shipping_confirmation', 'delivery_proof', 'signed_receipt']",merchant_won
DSP-002769,4837,No Cardholder Authorization,Mastercard,231.37,INR,2026-08-29,4,electronics,standard,False,False,False,both_match,38,1,3,True,False,"['3ds_authentication', 'avs_cvv', 'ip_match']",merchant_lost
DSP-004904,4837,No Cardholder Authorization,Mastercard,621.6,INR,2026-08-29,10,fashion,same_day,True,True,False,neither,73,0,2,True,False,"['3ds_authentication', 'avs_cvv', 'ip_match']",merchant_lost
DSP-003392,13.3,Not as Described,Visa,167.64,INR,2026-08-29,3,books,express,True,True,True,both_match,747,0,5,True,True,"['product_description', 'customer_comms', 'return_policy']",merchant_won
DSP-000703,10.4,Fraud - Card Absent,Visa,1062.69,INR,2026-08-29,72,health,same_day,False,False,True,both_match,16,0,3,False,True,"['avs_cvv', 'ip_match', 'delivery_proof', 'device_fingerprint']",merchant_lost
DSP-003954,4853,Cardholder Dispute - Defective,Mastercard,2497.27,INR,2026-08-29,4,automotive,standard,False,False,True,both_match,132,0,4,False,True,"['product_description', 'quality_cert', 'customer_comms']",merchant_won
DSP-004959,4853,Cardholder Dispute - Defective,Mastercard,277.26,INR,2026-08-29,4,home,pickup,False,False,True,both_match,256,0,3,True,True,"['product_description', 'quality_cert', 'customer_comms']",merchant_lost
DSP-000984,10.4,Fraud - Card Absent,Visa,18734.28,INR,2026-08-29,6,books,pickup,False,False,True,cvv_only,82,1,2,True,True,"['avs_cvv', 'ip_match', 'delivery_proof', 'device_fingerprint']",merchant_won
DSP-003418,10.4,Fraud - Card Absent,Visa,1183.99,INR,2026-08-29,13,health,express,False,False,True,neither,25,0,1,False,False,"['avs_cvv', 'ip_match', 'delivery_proof', 'device_fingerprint']",merchant_lost
DSP-002913,10.4,Fraud - Card Absent,Visa,2090.03,INR,2026-08-29,16,books,standard,True,True,True,both_match,49,2,3,False,True,"['avs_cvv', 'ip_match', 'delivery_proof', 'device_fingerprint']",merchant_lost
DSP-002458,13.3,Not as Described,Visa,112.39,INR,2026-08-29,21,grocery,standard,True,True,True,avs_only,380,0,9,False,True,"['product_description', 'customer_comms', 'return_policy']",merchant_won
DSP-002228,4863,Cardholder Does Not Recognize,Mastercard,279.25,INR,2026-08-29,3,home,standard,False,False,False,both_match,189,1,1,True,False,"['billing_descriptor', 'customer_comms', 'ip_match']",merchant_lost
DSP-002358,4853,Cardholder Dispute - Defective,Mastercard,626.4,INR,2026-08-29,56,home,standard,True,True,True,both_match,198,0,7,False,True,"['product_description', 'quality_cert', 'customer_comms']",merchant_won
DSP-004013,4855,Goods or Services Not Provided,Mastercard,688.1,INR,2026-08-29,10,electronics,standard,True,True,True,avs_only,254,0,5,True,True,"['shipping_confirmation', 'delivery_proof', 'signed_receipt']",merchant_won
DSP-004762,4837,No Cardholder Authorization,Mastercard,4890.58,INR,2026-08-29,1,books,pickup,False,False,False,neither,95,0,6,False,False,"['3ds_authentication', 'avs_cvv', 'ip_match']",merchant_lost
DSP-001028,4860,Credit Not Processed (MC),Mastercard,89.87,INR,2026-08-29,31,sports,same_day,True,True,True,both_match,35,0,6,False,True,"['refund_receipt', 'refund_arn', 'policy_terms']",merchant_won
DSP-002082,13.1,Merchandise Not Received,Visa,24569.75,INR,2026-08-29,1,electronics,same_day,True,True,True,both_match,2,0,6,True,True,"['shipping_confirmation', 'delivery_proof', 'tracking_url']",merchant_won
DSP-003974,10.4,Fraud - Card Absent,Visa,2528.38,INR,2026-08-29,66,toys,standard,False,False,True,avs_only,15,0,3,True,False,"['avs_cvv', 'ip_match', 'delivery_proof', 'device_fingerprint']",merchant_lost
DSP-002835,4860,Credit Not Processed (MC),Mastercard,203.63,INR,2026-08-29,18,grocery,express,True,True,True,avs_only,18,1,4,True,True,"['refund_receipt', 'refund_arn', 'policy_terms']",merchant_won
DSP-004842,4837,No Cardholder Authorization,Mastercard,996.93,INR,2026-08-29,19,automotive,express,False,False,True,neither,12,0,0,False,True,"['3ds_authentication', 'avs_cvv', 'ip_match']",merchant_won
DSP-000287,10.4,Fraud - Card Absent,Visa,2195.72,INR,2026-08-29,21,fashion,pickup,True,False,False,neither,89,0,2,False,False,"['avs_cvv', 'ip_match', 'delivery_proof', 'device_fingerprint']",merchant_won
DSP-002216,13.1,Merchandise Not Received,Visa,1117.27,INR,2026-08-29,39,sports,express,False,False,True,both_match,31,0,2,False,True,"['shipping_confirmation', 'delivery_proof', 'tracking_url']",merchant_lost
DSP-004002,13.3,Not as Described,Visa,127.52,INR,2026-08-29,9,electronics,same_day,True,True,True,both_match,519,0,9,True,False,"['product_description', 'customer_comms', 'return_policy']",merchant_won
DSP-001888,4837,No Cardholder Authorization,Mastercard,7754.7,INR,2026-08-29,34,sports,express,False,False,True,neither,50,0,3,True,False,"['3ds_authentication', 'avs_cvv', 'ip_match']",merchant_lost
DSP-000437,13.1,Merchandise Not Received,Visa,232.35,INR,2026-08-29,11,grocery,standard,False,False,True,both_match,578,0,7,False,True,"['shipping_confirmation', 'delivery_proof', 'tracking_url']",merchant_lost
DSP-004528,13.1,Merchandise Not Received,Visa,1159.49,INR,2026-08-29,4,grocery,express,True,True,False,both_match,30,0,3,False,False,"['shipping_confirmation', 'delivery_proof', 'tracking_url']",merchant_won
DSP-000219,4853,Cardholder Dispute - Defective,Mastercard,9158.01,INR,2026-08-29,45,automotive,pickup,True,True,True,both_match,65,0,9,True,False,"['product_description', 'quality_cert', 'customer_comms']",merchant_lost
DSP-002483,4860,Credit Not Processed (MC),Mastercard,4150.34,INR,2026-08-29,41,beauty,pickup,True,True,False,both_match,272,0,5,True,True,"['refund_receipt', 'refund_arn', 'policy_terms']",merchant_lost
DSP-000899,4853,Cardholder Dispute - Defective,Mastercard,617.02,INR,2026-08-29,33,automotive,standard,True,True,True,both_match,84,0,3,True,True,"['product_description', 'quality_cert', 'customer_comms']",merchant_won
DSP-003197,13.6,Credit Not Processed,Visa,905.96,INR,2026-08-29,10,fashion,standard,True,True,True,both_match,316,0,6,True,True,"['refund_receipt', 'refund_arn', 'policy_terms']",merchant_won
DSP-002753,4860,Credit Not Processed (MC),Mastercard,145.16,INR,2026-08-29,56,fashion,express,True,True,True,both_match,315,0,8,True,True,"['refund_receipt', 'refund_arn', 'policy_terms']",merchant_won
DSP-004686,4860,Credit Not Processed (MC),Mastercard,7863.55,INR,2026-08-29,8,sports,same_day,True,True,True,avs_only,5,0,7,False,True,"['refund_receipt', 'refund_arn', 'policy_terms']",merchant_won
DSP-001717,4863,Cardholder Does Not Recognize,Mastercard,1625.98,INR,2026-08-29,12,health,standard,False,False,False,neither,54,1,2,False,True,"['billing_descriptor', 'customer_comms', 'ip_match']",merchant_won
DSP-000390,4860,Credit Not Processed (MC),Mastercard,3131.12,INR,2026-08-29,2,toys,standard,True,False,True,both_match,109,0,6,True,True,"['refund_receipt', 'refund_arn', 'policy_terms']",merchant_won
DSP-000807,13.1,Merchandise Not Received,Visa,743.27,INR,2026-08-29,2,home,standard,True,True,True,avs_only,139,0,6,True,True,"['shipping_confirmation', 'delivery_proof', 'tracking_url']",merchant_won
DSP-001218,4853,Cardholder Dispute - Defective,Mastercard,1949.37,INR,2026-08-29,13,health,express,True,True,True,both_match,349,0,5,False,False,"['product_description', 'quality_cert', 'customer_comms']",merchant_lost
DSP-002276,13.6,Credit Not Processed,Visa,703.08,INR,2026-08-29,4,grocery,pickup,True,True,True,both_match,4,0,6,True,False,"['refund_receipt', 'refund_arn', 'policy_terms']",merchant_won
DSP-000331,13.6,Credit Not Processed,Visa,6189.69,INR,2026-08-29,4,health,same_day,True,True,True,both_match,85,0,6,False,False,"['refund_receipt', 'refund_arn', 'policy_terms']",merchant_won
DSP-001250,13.6,Credit Not Processed,Visa,116.85,INR,2026-08-29,9,toys,same_day,True,True,True,avs_only,72,0,3,True,True,"['refund_receipt', 'refund_arn', 'policy_terms']",merchant_won
DSP-003212,4853,Cardholder Dispute - Defective,Mastercard,550.99,INR,2026-08-29,1,fashion,express,True,True,True,both_match,10,0,7,False,True,"['product_description', 'quality_cert', 'customer_comms']",merchant_won
DSP-001291,4837,No Cardholder Authorization,Mastercard,157.6,INR,2026-08-29,17,books,standard,True,False,False,neither,148,1,4,True,True,"['3ds_authentication', 'avs_cvv', 'ip_match']",merchant_lost
DSP-000077,4837,No Cardholder Authorization,Mastercard,780.44,INR,2026-08-29,0,home,express,True,True,False,neither,33,1,2,False,False,"['3ds_authentication', 'avs_cvv', 'ip_match']",merchant_won
DSP-000393,10.4,Fraud - Card Absent,Visa,1157.32,INR,2026-08-29,0,fashion,standard,False,False,False,both_match,70,0,4,False,False,"['avs_cvv', 'ip_match', 'delivery_proof', 'device_fingerprint']",merchant_lost
DSP-003342,13.3,Not as Described,Visa,811.29,INR,2026-08-29,4,sports,express,True,True,True,avs_only,1198,0,9,False,False,"['product_description', 'customer_comms', 'return_policy']",merchant_won
DSP-001783,13.1,Merchandise Not Received,Visa,134.55,INR,2026-08-29,6,sports,same_day,True,True,True,avs_only,76,0,9,True,False,"['shipping_confirmation', 'delivery_proof', 'tracking_url']",merchant_won
DSP-004961,4863,Cardholder Does Not Recognize,Mastercard,1680.28,INR,2026-08-29,44,sports,pickup,True,False,True,neither,7,2,2,True,False,"['billing_descriptor', 'customer_comms', 'ip_match']",merchant_lost
DSP-002894,4863,Cardholder Does Not Recognize,Mastercard,2042.93,INR,2026-08-29,34,grocery,same_day,True,True,True,neither,34,1,1,False,False,"['billing_descriptor', 'customer_comms', 'ip_match']",merchant_lost
DSP-003147,10.4,Fraud - Card Absent,Visa,6142.43,INR,2026-08-29,20,health,pickup,False,False,False,avs_only,65,0,2,False,True,"['avs_cvv', 'ip_match', 'delivery_proof', 'device_fingerprint']",merchant_won
DSP-002857,4863,Cardholder Does Not Recognize,Mastercard,3187.16,INR,2026-08-29,0,grocery,same_day,False,False,False,avs_only,24,0,0,False,False,"['billing_descriptor', 'customer_comms', 'ip_match']",merchant_lost
DSP-000463,13.3,Not as Described,Visa,1049.16,INR,2026-08-29,13,grocery,same_day,True,True,True,avs_only,113,0,8,False,True,"['product_description', 'customer_comms', 'return_policy']",merchant_lost
DSP-000145,4863,Cardholder Does Not Recognize,Mastercard,312.98,INR,2026-08-29,1,grocery,express,True,True,False,neither,187,0,2,False,True,"['billing_descriptor', 'customer_comms', 'ip_match']",merchant_lost
DSP-002823,13.1,Merchandise Not Received,Visa,277.06,INR,2026-08-29,9,grocery,pickup,True,False,True,avs_only,75,0,2,True,True,"['shipping_confirmation', 'delivery_proof', 'tracking_url']",merchant_lost
DSP-003101,13.6,Credit Not Processed,Visa,1042.06,INR,2026-08-29,1,automotive,pickup,True,True,True,cvv_only,35,0,7,True,False,"['refund_receipt', 'refund_arn', 'policy_terms']",merchant_won
DSP-003775,10.4,Fraud - Card Absent,Visa,4235.08,INR,2026-08-29,15,fashion,standard,False,False,False,both_match,131,1,1,True,False,"['avs_cvv', 'ip_match', 'delivery_proof', 'device_fingerprint']",merchant_won
DSP-004114,4863,Cardholder Does Not Recognize,Mastercard,819.47,INR,2026-08-29,8,electronics,standard,True,True,True,neither,15,3,3,False,False,"['billing_descriptor', 'customer_comms', 'ip_match']",merchant_lost
DSP-001365,4837,No Cardholder Authorization,Mastercard,879.63,INR,2026-08-29,4,grocery,express,True,False,False,neither,12,0,0,False,False,"['3ds_authentication', 'avs_cvv', 'ip_match']",merchant_lost
DSP-001610,4860,Credit Not Processed (MC),Mastercard,278.1,INR,2026-08-29,1,health,same_day,True,False,True,both_match,23,0,4,True,True,"['refund_receipt', 'refund_arn', 'policy_terms']",merchant_won
DSP-000040,4853,Cardholder Dispute - Defective,Mastercard,703.86,INR,2026-08-29,30,toys,standard,True,True,True,cvv_only,571,0,7,True,True,"['product_description', 'quality_cert', 'customer_comms']",merchant_won
DSP-000061,10.4,Fraud - Card Absent,Visa,2951.93,INR,2026-08-29,16,home,pickup,True,True,False,avs_only,7,0,2,False,True,"['avs_cvv', 'ip_match', 'delivery_proof', 'device_fingerprint']",merchant_lost
DSP-003821,4837,No Cardholder Authorization,Mastercard,3225.19,INR,2026-08-29,20,automotive,express,False,False,False,neither,40,0,4,False,False,"['3ds_authentication', 'avs_cvv', 'ip_match']",merchant_lost
DSP-000217,13.3,Not as Described,Visa,1510.52,INR,2026-08-29,4,electronics,pickup,True,True,True,both_match,10,0,13,True,False,"['product_description', 'customer_comms', 'return_policy']",merchant_won
DSP-001007,4860,Credit Not Processed (MC),Mastercard,136.32,INR,2026-08-29,29,home,standard,False,False,True,both_match,382,0,6,True,True,"['refund_receipt', 'refund_arn', 'policy_terms']",merchant_won
DSP-000799,13.1,Merchandise Not Received,Visa,2507.1,INR,2026-08-29,2,electronics,pickup,True,True,True,both_match,36,0,7,True,True,"['shipping_confirmation', 'delivery_proof', 'tracking_url']",merchant_won
DSP-001809,10.4,Fraud - Card Absent,Visa,4631.41,INR,2026-08-29,63,beauty,pickup,True,True,False,both_match,72,0,2,False,False,"['avs_cvv', 'ip_match', 'delivery_proof', 'device_fingerprint']",merchant_won
DSP-002327,13.1,Merchandise Not Received,Visa,934.07,INR,2026-08-29,9,health,standard,True,True,True,cvv_only,214,0,9,False,True,"['shipping_confirmation', 'delivery_proof', 'tracking_url']",merchant_won
DSP-004674,13.1,Merchandise Not Received,Visa,301.27,INR,2026-08-29,11,health,same_day,True,True,True,both_match,84,0,9,False,True,"['shipping_confirmation', 'delivery_proof', 'tracking_url']",merchant_won
DSP-000665,4837,No Cardholder Authorization,Mastercard,2291.07,INR,2026-08-29,2,grocery,same_day,False,False,False,both_match,1,0,3,False,False,"['3ds_authentication', 'avs_cvv', 'ip_match']",merchant_lost
DSP-001151,13.1,Merchandise Not Received,Visa,389.56,INR,2026-08-29,27,grocery,standard,True,False,True,cvv_only,306,0,6,True,False,"['shipping_confirmation', 'delivery_proof', 'tracking_url']",merchant_won
DSP-002991,4853,Cardholder Dispute - Defective,Mastercard,327.23,INR,2026-08-29,4,grocery,pickup,False,False,True,avs_only,269,0,1,True,True,"['product_description', 'quality_cert', 'customer_comms']",merchant_lost
DSP-001907,4853,Cardholder Dispute - Defective,Mastercard,553.62,INR,2026-08-29,11,grocery,express,True,True,True,avs_only,279,0,2,False,True,"['product_description', 'quality_cert', 'customer_comms']",merchant_won
DSP-003145,13.6,Credit Not Processed,Visa,321.38,INR,2026-08-29,6,books,express,True,True,True,both_match,5,0,6,False,True,"['refund_receipt', 'refund_arn', 'policy_terms']",merchant_won
DSP-004536,10.4,Fraud - Card Absent,Visa,637.94,INR,2026-08-29,31,grocery,same_day,False,False,True,avs_only,37,0,0,False,False,"['avs_cvv', 'ip_match', 'delivery_proof', 'device_fingerprint']",merchant_lost
DSP-004046,10.5,Fraud - Counterfeit,Visa,18581.98,INR,2026-08-29,7,home,same_day,False,False,True,avs_only,24,0,2,True,False,"['emv_chip_data', 'pin_verification']",merchant_won
DSP-004355,4853,Cardholder Dispute - Defective,Mastercard,652.92,INR,2026-08-29,0,sports,standard,True,True,False,both_match,159,0,7,False,True,"['product_description', 'quality_cert', 'customer_comms']",merchant_won
DSP-002574,13.3,Not as Described,Visa,99.27,INR,2026-08-29,10,sports,standard,True,True,True,both_match,214,0,4,False,True,"['product_description', 'customer_comms', 'return_policy']",merchant_lost
DSP-004402,13.6,Credit Not Processed,Visa,1410.52,INR,2026-08-29,11,books,pickup,True,True,True,avs_only,3,0,4,True,True,"['refund_receipt', 'refund_arn', 'policy_terms']",merchant_won
DSP-000782,4855,Goods or Services Not Provided,Mastercard,731.26,INR,2026-08-29,0,fashion,pickup,True,True,True,both_match,269,0,11,True,True,"['shipping_confirmation', 'delivery_proof', 'signed_receipt']",merchant_won
DSP-000595,13.1,Merchandise Not Received,Visa,1497.2,INR,2026-08-29,9,home,standard,True,False,True,both_match,140,0,8,False,True,"['shipping_confirmation', 'delivery_proof', 'tracking_url']",merchant_won
DSP-003222,13.1,Merchandise Not Received,Visa,1866.04,INR,2026-08-29,45,grocery,standard,True,True,True,both_match,114,1,6,False,False,"['shipping_confirmation', 'delivery_proof', 'tracking_url']",merchant_won
DSP-003891,4855,Goods or Services Not Provided,Mastercard,338.1,INR,2026-08-29,8,health,pickup,True,True,True,avs_only,294,0,11,False,True,"['shipping_confirmation', 'delivery_proof', 'signed_receipt']",merchant_won
DSP-003989,4837,No Cardholder Authorization,Mastercard,6373.99,INR,2026-08-29,19,grocery,pickup,False,False,True,cvv_only,46,0,5,False,True,"['3ds_authentication', 'avs_cvv', 'ip_match']",merchant_won
DSP-001919,4853,Cardholder Dispute - Defective,Mastercard,772.59,INR,2026-08-29,22,automotive,standard,True,False,True,cvv_only,474,0,5,True,False,"['product_description', 'quality_cert', 'customer_comms']",merchant_won
DSP-004759,13.3,Not as Described,Visa,666.38,INR,2026-08-29,43,automotive,express,True,True,True,both_match,38,0,5,False,True,"['product_description', 'customer_comms', 'return_policy']",merchant_won
DSP-000700,4853,Cardholder Dispute - Defective,Mastercard,181.58,INR,2026-08-29,4,beauty,express,True,True,False,avs_only,299,1,6,True,True,"['product_description', 'quality_cert', 'customer_comms']",merchant_won
DSP-002424,13.1,Merchandise Not Received,Visa,285.19,INR,2026-08-29,6,toys,standard,True,True,True,both_match,171,0,7,True,True,"['shipping_confirmation', 'delivery_proof', 'tracking_url']",merchant_won
DSP-001828,4863,Cardholder Does Not Recognize,Mastercard,1374.08,INR,2026-08-29,7,electronics,express,False,False,False,neither,78,0,0,False,True,"['billing_descriptor', 'customer_comms', 'ip_match']",merchant_lost
DSP-003297,13.1,Merchandise Not Received,Visa,225.12,INR,2026-08-29,8,books,standard,True,True,True,both_match,665,0,3,False,True,"['shipping_confirmation', 'delivery_proof', 'tracking_url']",merchant_won
DSP-004126,13.1,Merchandise Not Received,Visa,986.39,INR,2026-08-29,14,home,pickup,True,True,False,both_match,55,0,5,True,True,"['shipping_confirmation', 'delivery_proof', 'tracking_url']",merchant_won
DSP-000676,4863,Cardholder Does Not Recognize,Mastercard,2460.33,INR,2026-08-29,15,grocery,express,True,True,False,cvv_only,180,1,1,False,False,"['billing_descriptor', 'customer_comms', 'ip_match']",merchant_won
DSP-002364,13.3,Not as Described,Visa,5624.96,INR,2026-08-29,2,grocery,pickup,True,False,True,both_match,349,0,8,True,True,"['product_description', 'customer_comms', 'return_policy']",merchant_won
DSP-004314,13.1,Merchandise Not Received,Visa,332.06,INR,2026-08-29,4,sports,pickup,True,True,True,both_match,242,0,7,True,False,"['shipping_confirmation', 'delivery_proof', 'tracking_url']",merchant_won
DSP-001857,4860,Credit Not Processed (MC),Mastercard,5111.29,INR,2026-08-29,19,automotive,express,True,True,True,neither,109,0,7,True,False,"['refund_receipt', 'refund_arn', 'policy_terms']",merchant_won
DSP-002828,13.3,Not as Described,Visa,493.17,INR,2026-08-29,18,health,express,True,True,True,both_match,133,0,7,True,True,"['product_description', 'customer_comms', 'return_policy']",merchant_won
DSP-000251,13.1,Merchandise Not Received,Visa,1051.53,INR,2026-08-29,13,beauty,express,True,True,True,both_match,71,0,7,False,False,"['shipping_confirmation', 'delivery_proof', 'tracking_url']",merchant_won
DSP-001137,13.1,Merchandise Not Received,Visa,550.61,INR,2026-08-29,0,books,express,True,True,True,both_match,195,1,5,False,True,"['shipping_confirmation', 'delivery_proof', 'tracking_url']",merchant_won
DSP-004287,10.4,Fraud - Card Absent,Visa,2734.93,INR,2026-08-29,23,toys,pickup,True,True,False,neither,255,0,2,False,False,"['avs_cvv', 'ip_match', 'delivery_proof', 'device_fingerprint']",merchant_won
DSP-001336,4853,Cardholder Dispute - Defective,Mastercard,1875.12,INR,2026-08-29,28,fashion,same_day,True,True,False,avs_only,5,0,3,False,True,"['product_description', 'quality_cert', 'customer_comms']",merchant_won
DSP-001262,4855,Goods or Services Not Provided,Mastercard,4028.86,INR,2026-08-29,15,health,express,True,False,True,both_match,640,0,11,True,False,"['shipping_confirmation', 'delivery_proof', 'signed_receipt']",merchant_won
DSP-003769,4863,Cardholder Does Not Recognize,Mastercard,6704.09,INR,2026-08-29,17,automotive,same_day,False,False,False,cvv_only,29,1,1,True,False,"['billing_descriptor', 'customer_comms', 'ip_match']",merchant_won
DSP-003579,13.3,Not as Described,Visa,1751.6,INR,2026-08-29,0,sports,pickup,True,True,True,both_match,63,0,5,False,True,"['product_description', 'customer_comms', 'return_policy']",merchant_won
DSP-000983,13.3,Not as Described,Visa,489.0,INR,2026-08-29,12,toys,pickup,True,True,True,both_match,61,0,8,False,True,"['product_description', 'customer_comms', 'return_policy']",merchant_lost
DSP-001930,4837,No Cardholder Authorization,Mastercard,569.23,INR,2026-08-29,0,grocery,pickup,False,False,False,avs_only,81,0,2,False,False,"['3ds_authentication', 'avs_cvv', 'ip_match']",merchant_lost
DSP-004245,10.4,Fraud - Card Absent,Visa,901.0,INR,2026-08-29,15,beauty,pickup,False,False,False,cvv_only,92,0,4,False,True,"['avs_cvv', 'ip_match', 'delivery_proof', 'device_fingerprint']",merchant_lost
DSP-003370,10.5,Fraud - Counterfeit,Visa,241.14,INR,2026-08-29,88,books,pickup,False,False,True,avs_only,8,0,1,True,True,"['emv_chip_data', 'pin_verification']",merchant_lost
DSP-003779,4863,Cardholder Does Not Recognize,Mastercard,5248.31,INR,2026-08-29,0,health,pickup,False,False,False,neither,27,2,1,False,True,"['billing_descriptor', 'customer_comms', 'ip_match']",merchant_lost
DSP-002729,13.3,Not as Described,Visa,2707.07,INR,2026-08-29,18,home,standard,True,True,False,both_match,207,0,12,False,True,"['product_description', 'customer_comms', 'return_policy']",merchant_won
DSP-002770,13.6,Credit Not Processed,Visa,2130.46,INR,2026-08-29,7,electronics,pickup,True,False,True,both_match,104,0,6,False,True,"['refund_receipt', 'refund_arn', 'policy_terms']",merchant_won
DSP-004128,10.4,Fraud - Card Absent,Visa,324.21,INR,2026-08-29,13,electronics,express,True,True,False,cvv_only,80,0,3,True,True,"['avs_cvv', 'ip_match', 'delivery_proof', 'device_fingerprint']",merchant_won
DSP-003175,4837,No Cardholder Authorization,Mastercard,3505.95,INR,2026-08-29,28,books,same_day,True,True,False,cvv_only,8,1,1,False,False,"['3ds_authentication', 'avs_cvv', 'ip_match']",merchant_lost
DSP-002773,4860,Credit Not Processed (MC),Mastercard,1717.76,INR,2026-08-29,21,fashion,express,True,True,True,both_match,74,0,9,True,True,"['refund_receipt', 'refund_arn', 'policy_terms']",merchant_won
DSP-002274,4855,Goods or Services Not Provided,Mastercard,1870.88,INR,2026-08-29,4,sports,standard,True,True,True,both_match,170,0,3,True,True,"['shipping_confirmation', 'delivery_proof', 'signed_receipt']",merchant_won
DSP-003670,4855,Goods or Services Not Provided,Mastercard,223.59,INR,2026-08-29,7,fashion,pickup,True,True,True,both_match,65,0,7,True,True,"['shipping_confirmation', 'delivery_proof', 'signed_receipt']",merchant_won
DSP-001890,13.6,Credit Not Processed,Visa,3586.87,INR,2026-08-29,1,automotive,standard,True,True,True,both_match,121,0,3,False,True,"['refund_receipt', 'refund_arn', 'policy_terms']",merchant_won
DSP-002889,4837,No Cardholder Authorization,Mastercard,2293.77,INR,2026-08-29,74,automotive,express,False,False,False,both_match,57,1,1,False,False,"['3ds_authentication', 'avs_cvv', 'ip_match']",merchant_lost
DSP-002666,4853,Cardholder Dispute - Defective,Mastercard,2556.69,INR,2026-08-29,24,books,standard,True,True,True,both_match,81,0,7,False,True,"['product_description', 'quality_cert', 'customer_comms']",merchant_won
DSP-003312,10.4,Fraud - Card Absent,Visa,7302.25,INR,2026-08-29,5,home,same_day,True,False,True,avs_only,63,1,2,True,False,"['avs_cvv', 'ip_match', 'delivery_proof', 'device_fingerprint']",merchant_lost
DSP-004687,4855,Goods or Services Not Provided,Mastercard,268.69,INR,2026-08-29,75,home,pickup,True,False,False,avs_only,252,1,5,True,False,"['shipping_confirmation', 'delivery_proof', 'signed_receipt']",merchant_won
DSP-003097,4853,Cardholder Dispute - Defective,Mastercard,306.88,INR,2026-08-29,7,grocery,standard,True,True,True,both_match,90,0,7,False,True,"['product_description', 'quality_cert', 'customer_comms']",merchant_lost
DSP-001233,4860,Credit Not Processed (MC),Mastercard,1342.84,INR,2026-08-29,32,beauty,standard,True,True,True,avs_only,38,0,7,True,True,"['refund_receipt', 'refund_arn', 'policy_terms']",merchant_won
DSP-001080,4855,Goods or Services Not Provided,Mastercard,1296.05,INR,2026-08-29,24,fashion,standard,True,True,True,avs_only,60,0,6,True,True,"['shipping_confirmation', 'delivery_proof', 'signed_receipt']",merchant_lost
DSP-000031,10.4,Fraud - Card Absent,Visa,676.94,INR,2026-08-29,3,health,same_day,True,True,True,both_match,34,0,1,False,True,"['avs_cvv', 'ip_match', 'delivery_proof', 'device_fingerprint']",merchant_lost
DSP-000397,4855,Goods or Services Not Provided,Mastercard,1625.3,INR,2026-08-29,9,electronics,same_day,True,True,True,both_match,81,0,7,True,True,"['shipping_confirmation', 'delivery_proof', 'signed_receipt']",merchant_won
DSP-000592,13.3,Not as Described,Visa,263.36,INR,2026-08-29,16,home,pickup,True,True,True,both_match,372,0,5,True,True,"['product_description', 'customer_comms', 'return_policy']",merchant_won
DSP-000781,4860,Credit Not Processed (MC),Mastercard,565.09,INR,2026-08-29,8,health,standard,True,True,True,both_match,432,0,4,False,False,"['refund_receipt', 'refund_arn', 'policy_terms']",merchant_won
DSP-002742,13.1,Merchandise Not Received,Visa,594.84,INR,2026-08-29,6,fashion,express,True,True,True,both_match,593,0,4,True,True,"['shipping_confirmation', 'delivery_proof', 'tracking_url']",merchant_won
DSP-002166,13.6,Credit Not Processed,Visa,305.4,INR,2026-08-29,92,home,standard,True,True,True,both_match,103,0,6,True,True,"['refund_receipt', 'refund_arn', 'policy_terms']",merchant_won
DSP-003855,4860,Credit Not Processed (MC),Mastercard,1605.3,INR,2026-08-29,6,electronics,pickup,True,False,True,both_match,2,0,6,False,True,"['refund_receipt', 'refund_arn', 'policy_terms']",merchant_won
DSP-002581,4860,Credit Not Processed (MC),Mastercard,579.28,INR,2026-08-29,35,sports,standard,True,True,True,neither,232,0,5,False,True,"['refund_receipt', 'refund_arn', 'policy_terms']",merchant_won
DSP-003829,13.1,Merchandise Not Received,Visa,2181.45,INR,2026-08-29,29,beauty,express,True,True,True,both_match,30,0,6,False,True,"['shipping_confirmation', 'delivery_proof', 'tracking_url']",merchant_won
DSP-000547,13.1,Merchandise Not Received,Visa,1506.0,INR,2026-08-29,1,automotive,same_day,True,False,True,both_match,158,0,9,False,True,"['shipping_confirmation', 'delivery_proof', 'tracking_url']",merchant_won
DSP-002966,10.4,Fraud - Card Absent,Visa,2602.54,INR,2026-08-29,20,toys,pickup,True,True,False,neither,19,0,4,False,False,"['avs_cvv', 'ip_match', 'delivery_proof', 'device_fingerprint']",merchant_won
DSP-002743,4853,Cardholder Dispute - Defective,Mastercard,496.02,INR,2026-08-29,3,sports,same_day,True,True,True,both_match,180,0,8,False,True,"['product_description', 'quality_cert', 'customer_comms']",merchant_won
DSP-003358,13.1,Merchandise Not Received,Visa,621.19,INR,2026-08-29,21,electronics,same_day,True,True,True,both_match,93,0,6,False,True,"['shipping_confirmation', 'delivery_proof', 'tracking_url']",merchant_won
DSP-001210,4855,Goods or Services Not Provided,Mastercard,1466.03,INR,2026-08-29,48,automotive,same_day,True,True,False,both_match,10,1,9,False,True,"['shipping_confirmation', 'delivery_proof', 'signed_receipt']",merchant_won
DSP-004574,13.1,Merchandise Not Received,Visa,1560.07,INR,2026-08-29,5,electronics,same_day,False,False,True,avs_only,227,0,6,False,True,"['shipping_confirmation', 'delivery_proof', 'tracking_url']",merchant_won
DSP-001982,13.6,Credit Not Processed,Visa,1426.33,INR,2026-08-29,14,toys,express,True,False,True,both_match,185,0,3,True,True,"['refund_receipt', 'refund_arn', 'policy_terms']",merchant_won
DSP-003350,4853,Cardholder Dispute - Defective,Mastercard,5550.77,INR,2026-08-29,29,fashion,standard,True,True,True,both_match,232,0,10,True,True,"['product_description', 'quality_cert', 'customer_comms']",merchant_won
DSP-001575,4853,Cardholder Dispute - Defective,Mastercard,2257.46,INR,2026-08-29,89,fashion,express,False,False,True,both_match,44,0,5,True,True,"['product_description', 'quality_cert', 'customer_comms']",merchant_won
DSP-002246,10.4,Fraud - Card Absent,Visa,3016.36,INR,2026-08-29,13,books,pickup,True,False,True,cvv_only,41,1,5,False,True,"['avs_cvv', 'ip_match', 'delivery_proof', 'device_fingerprint']",merchant_lost
DSP-003169,13.1,Merchandise Not Received,Visa,543.43,INR,2026-08-29,13,beauty,pickup,False,False,True,both_match,260,0,2,True,True,"['shipping_confirmation', 'delivery_proof', 'tracking_url']",merchant_lost
DSP-000293,10.4,Fraud - Card Absent,Visa,17711.38,INR,2026-08-29,1,sports,pickup,False,False,True,neither,89,0,2,False,True,"['avs_cvv', 'ip_match', 'delivery_proof', 'device_fingerprint']",merchant_lost
DSP-003200,13.1,Merchandise Not Received,Visa,1179.25,INR,2026-08-29,13,fashion,express,True,True,True,both_match,157,0,5,False,True,"['shipping_confirmation', 'delivery_proof', 'tracking_url']",merchant_won
DSP-002125,13.1,Merchandise Not Received,Visa,552.22,INR,2026-08-29,4,books,express,True,True,True,both_match,298,0,3,True,True,"['shipping_confirmation', 'delivery_proof', 'tracking_url']",merchant_lost
DSP-002608,13.3,Not as Described,Visa,821.55,INR,2026-08-29,2,health,pickup,True,True,True,neither,84,0,7,False,True,"['product_description', 'customer_comms', 'return_policy']",merchant_won
DSP-002643,13.3,Not as Described,Visa,389.23,INR,2026-08-29,11,sports,same_day,True,True,True,both_match,108,0,5,True,True,"['product_description', 'customer_comms', 'return_policy']",merchant_won
DSP-004421,4853,Cardholder Dispute - Defective,Mastercard,119.34,INR,2026-08-29,2,books,same_day,False,False,True,both_match,168,0,4,True,False,"['product_description', 'quality_cert', 'customer_comms']",merchant_won
DSP-004718,13.3,Not as Described,Visa,1141.12,INR,2026-08-29,28,automotive,same_day,True,False,True,both_match,156,0,4,True,False,"['product_description', 'customer_comms', 'return_policy']",merchant_won
DSP-001356,4860,Credit Not Processed (MC),Mastercard,1482.34,INR,2026-08-29,31,electronics,pickup,True,True,False,both_match,439,0,7,False,True,"['refund_receipt', 'refund_arn', 'policy_terms']",merchant_won
DSP-004416,4860,Credit Not Processed (MC),Mastercard,280.72,INR,2026-08-29,3,electronics,standard,True,True,True,avs_only,293,0,11,False,True,"['refund_receipt', 'refund_arn', 'policy_terms']",merchant_won
DSP-002983,4860,Credit Not Processed (MC),Mastercard,208.0,INR,2026-08-29,4,grocery,same_day,True,True,False,both_match,241,0,7,False,True,"['refund_receipt', 'refund_arn', 'policy_terms']",merchant_won
DSP-003326,13.3,Not as Described,Visa,4811.78,INR,2026-08-29,2,sports,standard,True,True,True,both_match,148,0,4,False,True,"['product_description', 'customer_comms', 'return_policy']",merchant_won
DSP-001275,4837,No Cardholder Authorization,Mastercard,1650.51,INR,2026-08-29,23,home,standard,False,False,False,neither,20,1,2,False,False,"['3ds_authentication', 'avs_cvv', 'ip_match']",merchant_lost
DSP-003064,4863,Cardholder Does Not Recognize,Mastercard,7659.14,INR,2026-08-29,61,books,standard,False,False,False,cvv_only,69,1,0,True,False,"['billing_descriptor', 'customer_comms', 'ip_match']",merchant_lost
DSP-003929,4837,No Cardholder Authorization,Mastercard,1029.68,INR,2026-08-29,1,home,standard,True,False,False,avs_only,20,0,1,False,False,"['3ds_authentication', 'avs_cvv', 'ip_match']",merchant_lost
DSP-004795,10.4,Fraud - Card Absent,Visa,7292.09,INR,2026-08-29,59,sports,express,True,True,False,cvv_only,106,0,3,True,False,"['avs_cvv', 'ip_match', 'delivery_proof', 'device_fingerprint']",merchant_won
DSP-004937,13.1,Merchandise Not Received,Visa,1446.02,INR,2026-08-29,16,beauty,express,True,True,True,both_match,54,1,5,False,True,"['shipping_confirmation', 'delivery_proof', 'tracking_url']",merchant_won
DSP-003367,4837,No Cardholder Authorization,Mastercard,2327.08,INR,2026-08-29,5,grocery,pickup,False,False,True,avs_only,63,0,3,False,False,"['3ds_authentication', 'avs_cvv', 'ip_match']",merchant_lost
DSP-001992,4837,No Cardholder Authorization,Mastercard,36793.22,INR,2026-08-29,6,fashion,standard,True,True,False,cvv_only,37,0,2,False,False,"['3ds_authentication', 'avs_cvv', 'ip_match']",merchant_lost
DSP-004488,10.4,Fraud - Card Absent,Visa,1410.25,INR,2026-08-29,88,toys,standard,True,True,False,avs_only,45,0,0,False,False,"['avs_cvv', 'ip_match', 'delivery_proof', 'device_fingerprint']",merchant_lost
DSP-004524,4860,Credit Not Processed (MC),Mastercard,729.57,INR,2026-08-29,3,automotive,express,True,False,True,avs_only,243,0,5,False,True,"['refund_receipt', 'refund_arn', 'policy_terms']",merchant_won
DSP-002724,4837,No Cardholder Authorization,Mastercard,1317.62,INR,2026-08-29,30,fashion,same_day,True,True,False,neither,89,0,2,False,True,"['3ds_authentication', 'avs_cvv', 'ip_match']",merchant_lost
DSP-001379,4853,Cardholder Dispute - Defective,Mastercard,1062.8,INR,2026-08-29,8,beauty,express,False,False,True,both_match,136,0,5,False,True,"['product_description', 'quality_cert', 'customer_comms']",merchant_lost
DSP-004484,13.1,Merchandise Not Received,Visa,271.95,INR,2026-08-29,9,beauty,same_day,True,True,True,both_match,90,0,9,False,False,"['shipping_confirmation', 'delivery_proof', 'tracking_url']",merchant_lost
DSP-002957,4860,Credit Not Processed (MC),Mastercard,353.05,INR,2026-08-29,22,automotive,express,True,True,True,both_match,66,0,7,False,True,"['refund_receipt', 'refund_arn', 'policy_terms']",merchant_won
DSP-000306,13.1,Merchandise Not Received,Visa,507.27,INR,2026-08-29,4,electronics,same_day,True,True,True,both_match,38,0,4,False,True,"['shipping_confirmation', 'delivery_proof', 'tracking_url']",merchant_won
DSP-004163,4853,Cardholder Dispute - Defective,Mastercard,177.48,INR,2026-08-29,6,grocery,standard,True,True,True,both_match,62,0,8,True,True,"['product_description', 'quality_cert', 'customer_comms']",merchant_lost
DSP-000258,13.1,Merchandise Not Received,Visa,200.36,INR,2026-08-29,14,fashion,pickup,True,True,False,both_match,278,0,8,False,True,"['shipping_confirmation', 'delivery_proof', 'tracking_url']",merchant_lost
DSP-003945,13.1,Merchandise Not Received,Visa,4090.91,INR,2026-08-29,11,books,pickup,True,True,True,both_match,206,0,6,False,True,"['shipping_confirmation', 'delivery_proof', 'tracking_url']",merchant_won
DSP-001846,4853,Cardholder Dispute - Defective,Mastercard,777.42,INR,2026-08-29,4,home,same_day,True,True,False,both_match,586,0,5,True,False,"['product_description', 'quality_cert', 'customer_comms']",merchant_won
DSP-004507,10.4,Fraud - Card Absent,Visa,1208.94,INR,2026-08-29,74,books,express,False,False,True,both_match,4,1,0,False,False,"['avs_cvv', 'ip_match', 'delivery_proof', 'device_fingerprint']",merchant_lost
DSP-003994,4853,Cardholder Dispute - Defective,Mastercard,1290.88,INR,2026-08-29,92,sports,express,True,True,True,both_match,36,0,10,False,False,"['product_description', 'quality_cert', 'customer_comms']",merchant_won
DSP-001411,13.3,Not as Described,Visa,2407.82,INR,2026-08-29,30,electronics,standard,True,False,True,cvv_only,82,0,8,False,True,"['product_description', 'customer_comms', 'return_policy']",merchant_lost
DSP-004411,4837,No Cardholder Authorization,Mastercard,988.0,INR,2026-08-29,2,beauty,pickup,False,False,True,neither,12,0,6,True,False,"['3ds_authentication', 'avs_cvv', 'ip_match']",merchant_won
DSP-001438,4837,No Cardholder Authorization,Mastercard,4136.54,INR,2026-08-29,59,home,express,True,False,False,neither,18,0,4,True,True,"['3ds_authentication', 'avs_cvv', 'ip_match']",merchant_won
DSP-000632,4837,No Cardholder Authorization,Mastercard,3783.95,INR,2026-08-29,22,books,same_day,True,True,False,both_match,186,1,4,True,False,"['3ds_authentication', 'avs_cvv', 'ip_match']",merchant_lost
DSP-001558,10.4,Fraud - Card Absent,Visa,1650.57,INR,2026-08-29,21,books,express,True,True,False,neither,114,1,3,False,False,"['avs_cvv', 'ip_match', 'delivery_proof', 'device_fingerprint']",merchant_lost
DSP-001178,4853,Cardholder Dispute - Defective,Mastercard,462.59,INR,2026-08-29,6,home,express,True,True,True,both_match,86,0,1,True,True,"['product_description', 'quality_cert', 'customer_comms']",merchant_won
DSP-000523,4837,No Cardholder Authorization,Mastercard,1718.07,INR,2026-08-29,5,beauty,standard,True,True,False,neither,35,0,1,False,False,"['3ds_authentication', 'avs_cvv', 'ip_match']",merchant_won
DSP-000394,13.6,Credit Not Processed,Visa,152.52,INR,2026-08-29,2,grocery,same_day,True,False,True,both_match,137,1,5,True,False,"['refund_receipt', 'refund_arn', 'policy_terms']",merchant_won
DSP-004436,4837,No Cardholder Authorization,Mastercard,440.89,INR,2026-08-29,2,automotive,express,False,False,False,both_match,33,0,1,False,True,"['3ds_authentication', 'avs_cvv', 'ip_match']",merchant_won
DSP-004962,4837,No Cardholder Authorization,Mastercard,664.36,INR,2026-08-29,64,toys,same_day,True,True,True,neither,80,0,3,False,True,"['3ds_authentication', 'avs_cvv', 'ip_match']",merchant_lost
DSP-002615,4860,Credit Not Processed (MC),Mastercard,880.36,INR,2026-08-29,8,grocery,pickup,True,True,True,neither,80,0,7,False,True,"['refund_receipt', 'refund_arn', 'policy_terms']",merchant_won
DSP-002538,4853,Cardholder Dispute - Defective,Mastercard,528.04,INR,2026-08-29,27,grocery,express,True,True,True,both_match,230,0,10,True,False,"['product_description', 'quality_cert', 'customer_comms']",merchant_won
DSP-002888,13.1,Merchandise Not Received,Visa,848.95,INR,2026-08-29,36,automotive,pickup,True,True,True,both_match,50,0,16,True,False,"['shipping_confirmation', 'delivery_proof', 'tracking_url']",merchant_won
DSP-002627,4855,Goods or Services Not Provided,Mastercard,74.3,INR,2026-08-29,13,beauty,pickup,True,False,True,both_match,357,0,4,False,False,"['shipping_confirmation', 'delivery_proof', 'signed_receipt']",merchant_won
DSP-003562,10.5,Fraud - Counterfeit,Visa,2767.59,INR,2026-08-29,31,fashion,same_day,True,False,False,neither,153,2,1,False,False,"['emv_chip_data', 'pin_verification']",merchant_won
DSP-003164,10.4,Fraud - Card Absent,Visa,8591.48,INR,2026-08-29,5,health,express,True,False,True,neither,11,1,5,False,True,"['avs_cvv', 'ip_match', 'delivery_proof', 'device_fingerprint']",merchant_lost
DSP-000972,4860,Credit Not Processed (MC),Mastercard,3385.59,INR,2026-08-29,4,electronics,pickup,True,False,True,both_match,166,0,6,True,False,"['refund_receipt', 'refund_arn', 'policy_terms']",merchant_lost
DSP-002209,10.5,Fraud - Counterfeit,Visa,2059.34,INR,2026-08-29,8,beauty,standard,False,False,True,neither,95,1,2,False,False,"['emv_chip_data', 'pin_verification']",merchant_lost
DSP-001662,4863,Cardholder Does Not Recognize,Mastercard,14224.28,INR,2026-08-29,32,electronics,express,True,True,False,neither,131,1,5,False,False,"['billing_descriptor', 'customer_comms', 'ip_match']",merchant_won
DSP-000509,4860,Credit Not Processed (MC),Mastercard,1802.05,INR,2026-08-29,38,beauty,pickup,True,True,True,avs_only,12,0,8,False,True,"['refund_receipt', 'refund_arn', 'policy_terms']",merchant_won
DSP-000021,4837,No Cardholder Authorization,Mastercard,866.35,INR,2026-08-29,3,books,express,True,True,False,both_match,388,0,2,True,False,"['3ds_authentication', 'avs_cvv', 'ip_match']",merchant_won
DSP-000663,13.6,Credit Not Processed,Visa,710.81,INR,2026-08-29,5,home,pickup,True,True,True,both_match,277,0,2,True,True,"['refund_receipt', 'refund_arn', 'policy_terms']",merchant_won
DSP-000848,10.5,Fraud - Counterfeit,Visa,1499.33,INR,2026-08-29,11,health,standard,False,False,False,cvv_only,131,0,6,True,False,"['emv_chip_data', 'pin_verification']",merchant_lost
DSP-002284,13.3,Not as Described,Visa,437.57,INR,2026-08-29,1,books,same_day,True,True,True,both_match,300,0,6,False,True,"['product_description', 'customer_comms', 'return_policy']",merchant_won
DSP-002165,4855,Goods or Services Not Provided,Mastercard,695.16,INR,2026-08-29,22,home,pickup,True,True,True,both_match,49,0,6,True,False,"['shipping_confirmation', 'delivery_proof', 'signed_receipt']",merchant_lost
DSP-002098,13.3,Not as Described,Visa,1510.63,INR,2026-08-29,3,electronics,express,True,True,True,both_match,442,0,6,True,True,"['product_description', 'customer_comms', 'return_policy']",merchant_won
DSP-000398,4853,Cardholder Dispute - Defective,Mastercard,625.7,INR,2026-08-29,9,books,same_day,True,False,True,neither,21,0,4,False,False,"['product_description', 'quality_cert', 'customer_comms']",merchant_won
DSP-003765,13.1,Merchandise Not Received,Visa,1077.88,INR,2026-08-29,25,beauty,standard,True,True,True,both_match,122,0,10,False,True,"['shipping_confirmation', 'delivery_proof', 'tracking_url']",merchant_won
DSP-001468,13.3,Not as Described,Visa,1505.37,INR,2026-08-29,3,electronics,pickup,True,True,True,both_match,52,0,4,False,True,"['product_description', 'customer_comms', 'return_policy']",merchant_won
DSP-004198,4855,Goods or Services Not Provided,Mastercard,2375.95,INR,2026-08-29,25,beauty,express,False,False,True,avs_only,144,0,5,False,True,"['shipping_confirmation', 'delivery_proof', 'signed_receipt']",merchant_won
DSP-002291,13.1,Merchandise Not Received,Visa,4466.59,INR,2026-08-29,4,toys,standard,True,True,True,both_match,117,1,8,True,False,"['shipping_confirmation', 'delivery_proof', 'tracking_url']",merchant_won
DSP-000852,4863,Cardholder Does Not Recognize,Mastercard,855.25,INR,2026-08-29,30,health,pickup,True,False,False,cvv_only,65,1,2,True,False,"['billing_descriptor', 'customer_comms', 'ip_match']",merchant_lost
DSP-000720,13.1,Merchandise Not Received,Visa,2976.57,INR,2026-08-29,13,grocery,standard,True,True,True,both_match,191,0,2,False,True,"['shipping_confirmation', 'delivery_proof', 'tracking_url']",merchant_won
DSP-002906,4860,Credit Not Processed (MC),Mastercard,380.93,INR,2026-08-29,43,electronics,standard,True,True,True,avs_only,282,0,5,True,True,"['refund_receipt', 'refund_arn', 'policy_terms']",merchant_won
DSP-002319,4837,No Cardholder Authorization,Mastercard,114.41,INR,2026-08-29,66,beauty,pickup,True,False,True,avs_only,128,1,3,False,True,"['3ds_authentication', 'avs_cvv', 'ip_match']",merchant_lost
DSP-002307,4837,No Cardholder Authorization,Mastercard,13352.54,INR,2026-08-29,28,beauty,express,False,False,True,cvv_only,7,1,2,False,True,"['3ds_authentication', 'avs_cvv', 'ip_match']",merchant_won
DSP-003339,10.4,Fraud - Card Absent,Visa,13495.69,INR,2026-08-29,45,health,pickup,True,False,False,neither,453,1,0,False,False,"['avs_cvv', 'ip_match', 'delivery_proof', 'device_fingerprint']",merchant_lost
DSP-003655,4855,Goods or Services Not Provided,Mastercard,1457.95,INR,2026-08-29,17,beauty,pickup,True,True,True,both_match,709,0,6,True,True,"['shipping_confirmation', 'delivery_proof', 'signed_receipt']",merchant_won
DSP-000286,13.1,Merchandise Not Received,Visa,310.26,INR,2026-08-29,8,automotive,same_day,True,True,True,both_match,83,0,9,False,True,"['shipping_confirmation', 'delivery_proof', 'tracking_url']",merchant_won
DSP-003299,10.4,Fraud - Card Absent,Visa,1464.43,INR,2026-08-29,38,health,express,False,False,False,cvv_only,37,0,3,False,False,"['avs_cvv', 'ip_match', 'delivery_proof', 'device_fingerprint']",merchant_lost
DSP-001727,13.1,Merchandise Not Received,Visa,1209.57,INR,2026-08-29,3,grocery,express,True,True,True,both_match,112,0,6,False,True,"['shipping_confirmation', 'delivery_proof', 'tracking_url']",merchant_won
DSP-000881,4855,Goods or Services Not Provided,Mastercard,3158.05,INR,2026-08-29,12,books,express,True,True,True,avs_only,369,0,6,True,False,"['shipping_confirmation', 'delivery_proof', 'signed_receipt']",merchant_won
DSP-001099,13.1,Merchandise Not Received,Visa,3547.64,INR,2026-08-29,8,grocery,express,True,True,True,both_match,20,0,4,True,False,"['shipping_confirmation', 'delivery_proof', 'tracking_url']",merchant_won
DSP-001589,13.3,Not as Described,Visa,1262.29,INR,2026-08-29,16,grocery,standard,True,True,True,both_match,310,0,8,False,True,"['product_description', 'customer_comms', 'return_policy']",merchant_won
DSP-002382,4853,Cardholder Dispute - Defective,Mastercard,3282.64,INR,2026-08-29,11,beauty,standard,True,True,True,neither,479,0,9,True,True,"['product_description', 'quality_cert', 'customer_comms']",merchant_lost
DSP-001970,4837,No Cardholder Authorization,Mastercard,505.09,INR,2026-08-29,0,health,same_day,False,False,False,neither,66,0,2,False,True,"['3ds_authentication', 'avs_cvv', 'ip_match']",merchant_lost
DSP-002433,10.4,Fraud - Card Absent,Visa,3484.15,INR,2026-08-29,46,electronics,standard,True,True,False,both_match,97,0,1,False,False,"['avs_cvv', 'ip_match', 'delivery_proof', 'device_fingerprint']",merchant_lost
DSP-001668,13.1,Merchandise Not Received,Visa,243.25,INR,2026-08-29,37,automotive,standard,True,True,True,both_match,255,0,11,False,True,"['shipping_confirmation', 'delivery_proof', 'tracking_url']",merchant_won
DSP-002862,4863,Cardholder Does Not Recognize,Mastercard,4313.41,INR,2026-08-29,17,automotive,same_day,True,False,False,both_match,69,1,4,False,False,"['billing_descriptor', 'customer_comms', 'ip_match']",merchant_won
DSP-003866,13.3,Not as Described,Visa,935.76,INR,2026-08-29,53,books,same_day,True,True,True,both_match,650,0,10,True,True,"['product_description', 'customer_comms', 'return_policy']",merchant_won
DSP-003883,4853,Cardholder Dispute - Defective,Mastercard,5861.52,INR,2026-08-29,0,fashion,pickup,True,True,True,both_match,143,0,3,False,True,"['product_description', 'quality_cert', 'customer_comms']",merchant_won
DSP-003000,10.4,Fraud - Card Absent,Visa,6945.32,INR,2026-08-29,6,books,express,False,False,False,neither,41,0,1,False,False,"['avs_cvv', 'ip_match', 'delivery_proof', 'device_fingerprint']",merchant_lost
DSP-004296,4855,Goods or Services Not Provided,Mastercard,6417.27,INR,2026-08-29,9,grocery,same_day,True,True,True,avs_only,340,0,6,False,True,"['shipping_confirmation', 'delivery_proof', 'signed_receipt']",merchant_won
DSP-000639,10.4,Fraud - Card Absent,Visa,3566.59,INR,2026-08-29,20,electronics,pickup,True,True,False,cvv_only,145,0,5,False,False,"['avs_cvv', 'ip_match', 'delivery_proof', 'device_fingerprint']",merchant_lost
DSP-000418,10.5,Fraud - Counterfeit,Visa,956.31,INR,2026-08-29,19,health,express,True,False,True,neither,45,1,1,False,False,"['emv_chip_data', 'pin_verification']",merchant_won
DSP-004267,10.4,Fraud - Card Absent,Visa,1665.44,INR,2026-08-29,0,books,express,False,False,False,both_match,78,2,2,False,False,"['avs_cvv', 'ip_match', 'delivery_proof', 'device_fingerprint']",merchant_lost
DSP-004814,13.1,Merchandise Not Received,Visa,10.33,INR,2026-08-29,7,health,standard,False,False,True,both_match,313,0,11,False,False,"['shipping_confirmation', 'delivery_proof', 'tracking_url']",merchant_won
DSP-003877,10.4,Fraud - Card Absent,Visa,706.07,INR,2026-08-29,38,toys,same_day,True,False,True,neither,400,1,5,False,False,"['avs_cvv', 'ip_match', 'delivery_proof', 'device_fingerprint']",merchant_lost
DSP-003034,13.1,Merchandise Not Received,Visa,798.13,INR,2026-08-29,2,health,express,True,True,True,both_match,143,0,5,False,True,"['shipping_confirmation', 'delivery_proof', 'tracking_url']",merchant_won
DSP-000410,13.6,Credit Not Processed,Visa,55.06,INR,2026-08-29,6,automotive,express,False,False,True,both_match,888,0,2,True,False,"['refund_receipt', 'refund_arn', 'policy_terms']",merchant_won
DSP-002718,4855,Goods or Services Not Provided,Mastercard,14850.74,INR,2026-08-29,27,electronics,express,False,False,True,both_match,162,0,8,True,False,"['shipping_confirmation', 'delivery_proof', 'signed_receipt']",merchant_lost
DSP-003564,4837,No Cardholder Authorization,Mastercard,1161.61,INR,2026-08-29,13,electronics,same_day,False,False,True,neither,229,1,1,False,False,"['3ds_authentication', 'avs_cvv', 'ip_match']",merchant_won
DSP-003898,10.5,Fraud - Counterfeit,Visa,1075.31,INR,2026-08-29,27,fashion,express,False,False,False,avs_only,79,1,1,False,False,"['emv_chip_data', 'pin_verification']",merchant_lost
DSP-002191,4837,No Cardholder Authorization,Mastercard,1131.79,INR,2026-08-29,12,automotive,same_day,True,True,True,neither,157,0,4,False,False,"['3ds_authentication', 'avs_cvv', 'ip_match']",merchant_won
DSP-000504,4855,Goods or Services Not Provided,Mastercard,198.76,INR,2026-08-29,33,toys,standard,True,True,True,cvv_only,0,0,11,True,False,"['shipping_confirmation', 'delivery_proof', 'signed_receipt']",merchant_won
DSP-004651,4837,No Cardholder Authorization,Mastercard,2346.29,INR,2026-08-29,79,electronics,standard,True,True,False,avs_only,120,0,0,False,True,"['3ds_authentication', 'avs_cvv', 'ip_match']",merchant_won
DSP-000070,13.3,Not as Described,Visa,7895.36,INR,2026-08-29,1,health,same_day,True,True,True,avs_only,128,0,7,True,False,"['product_description', 'customer_comms', 'return_policy']",merchant_won
DSP-003719,4837,No Cardholder Authorization,Mastercard,4735.42,INR,2026-08-29,9,health,pickup,True,True,False,neither,7,0,1,True,False,"['3ds_authentication', 'avs_cvv', 'ip_match']",merchant_lost
DSP-000959,4855,Goods or Services Not Provided,Mastercard,6780.83,INR,2026-08-29,42,health,same_day,True,True,False,neither,164,1,5,True,True,"['shipping_confirmation', 'delivery_proof', 'signed_receipt']",merchant_won
DSP-002391,13.1,Merchandise Not Received,Visa,684.13,INR,2026-08-29,28,electronics,express,True,True,True,both_match,159,0,8,True,True,"['shipping_confirmation', 'delivery_proof', 'tracking_url']",merchant_won
DSP-000257,10.4,Fraud - Card Absent,Visa,2851.28,INR,2026-08-29,14,sports,express,True,True,False,cvv_only,60,0,1,True,True,"['avs_cvv', 'ip_match', 'delivery_proof', 'device_fingerprint']",merchant_lost
DSP-003799,13.3,Not as Described,Visa,3527.7,INR,2026-08-29,10,sports,pickup,True,False,True,both_match,279,0,9,True,True,"['product_description', 'customer_comms', 'return_policy']",merchant_won
DSP-003471,13.3,Not as Described,Visa,582.2,INR,2026-08-29,0,sports,pickup,True,True,True,both_match,99,0,4,True,True,"['product_description', 'customer_comms', 'return_policy']",merchant_won
DSP-001248,10.4,Fraud - Card Absent,Visa,3209.79,INR,2026-08-29,11,electronics,express,True,False,True,both_match,102,0,3,True,True,"['avs_cvv', 'ip_match', 'delivery_proof', 'device_fingerprint']",merchant_won
DSP-003388,13.3,Not as Described,Visa,1367.41,INR,2026-08-29,12,health,express,True,True,True,avs_only,5,0,5,True,False,"['product_description', 'customer_comms', 'return_policy']",merchant_won
DSP-004734,4855,Goods or Services Not Provided,Mastercard,31.6,INR,2026-08-29,3,electronics,pickup,True,False,True,both_match,51,0,6,True,False,"['shipping_confirmation', 'delivery_proof', 'signed_receipt']",merchant_won
DSP-001660,13.1,Merchandise Not Received,Visa,821.25,INR,2026-08-29,21,home,pickup,False,False,True,both_match,449,0,6,True,True,"['shipping_confirmation', 'delivery_proof', 'tracking_url']",merchant_won
DSP-003836,4853,Cardholder Dispute - Defective,Mastercard,381.61,INR,2026-08-29,4,books,pickup,True,True,True,avs_only,120,0,4,True,True,"['product_description', 'quality_cert', 'customer_comms']",merchant_won
DSP-000047,4853,Cardholder Dispute - Defective,Mastercard,2835.3,INR,2026-08-29,20,beauty,express,True,True,True,both_match,165,0,6,True,True,"['product_description', 'quality_cert', 'customer_comms']",merchant_won
DSP-002918,13.6,Credit Not Processed,Visa,290.06,INR,2026-08-29,31,books,same_day,True,True,True,both_match,43,0,1,True,True,"['refund_receipt', 'refund_arn', 'policy_terms']",merchant_won
DSP-003543,10.5,Fraud - Counterfeit,Visa,1139.93,INR,2026-08-29,12,sports,standard,True,True,False,cvv_only,271,0,3,False,False,"['emv_chip_data', 'pin_verification']",merchant_won
DSP-004761,10.4,Fraud - Card Absent,Visa,1717.51,INR,2026-08-29,55,home,pickup,True,False,False,neither,98,2,1,True,False,"['avs_cvv', 'ip_match', 'delivery_proof', 'device_fingerprint']",merchant_lost
DSP-000057,13.3,Not as Described,Visa,792.46,INR,2026-08-29,29,fashion,pickup,True,True,True,both_match,64,0,2,False,False,"['product_description', 'customer_comms', 'return_policy']",merchant_lost
DSP-000092,4863,Cardholder Does Not Recognize,Mastercard,1166.33,INR,2026-08-29,1,grocery,same_day,False,False,True,neither,47,0,2,False,False,"['billing_descriptor', 'customer_comms', 'ip_match']",merchant_lost
DSP-003360,13.6,Credit Not Processed,Visa,127.52,INR,2026-08-29,5,books,standard,True,True,True,both_match,342,0,10,True,True,"['refund_receipt', 'refund_arn', 'policy_terms']",merchant_won
DSP-003912,4860,Credit Not Processed (MC),Mastercard,827.16,INR,2026-08-29,44,health,express,True,False,True,both_match,175,0,7,True,True,"['refund_receipt', 'refund_arn', 'policy_terms']",merchant_won
DSP-000265,13.6,Credit Not Processed,Visa,242.68,INR,2026-08-29,44,electronics,standard,False,False,True,neither,1185,0,7,False,True,"['refund_receipt', 'refund_arn', 'policy_terms']",merchant_lost
DSP-001393,4855,Goods or Services Not Provided,Mastercard,1459.08,INR,2026-08-29,13,grocery,express,True,True,True,both_match,315,0,4,True,True,"['shipping_confirmation', 'delivery_proof', 'signed_receipt']",merchant_won
DSP-004386,4863,Cardholder Does Not Recognize,Mastercard,5826.56,INR,2026-08-29,9,home,standard,True,False,True,neither,347,0,4,False,False,"['billing_descriptor', 'customer_comms', 'ip_match']",merchant_won
DSP-000130,13.1,Merchandise Not Received,Visa,348.37,INR,2026-08-29,4,automotive,express,False,False,True,avs_only,45,0,9,False,True,"['shipping_confirmation', 'delivery_proof', 'tracking_url']",merchant_won
DSP-004499,4863,Cardholder Does Not Recognize,Mastercard,1204.38,INR,2026-08-29,45,health,express,False,False,False,cvv_only,42,0,2,True,False,"['billing_descriptor', 'customer_comms', 'ip_match']",merchant_lost
DSP-002293,4863,Cardholder Does Not Recognize,Mastercard,6706.13,INR,2026-08-29,25,home,pickup,False,False,False,cvv_only,35,0,1,False,False,"['billing_descriptor', 'customer_comms', 'ip_match']",merchant_won
DSP-003028,4855,Goods or Services Not Provided,Mastercard,328.47,INR,2026-08-29,20,health,same_day,True,True,True,both_match,43,0,8,True,True,"['shipping_confirmation', 'delivery_proof', 'signed_receipt']",merchant_won
DSP-002410,10.5,Fraud - Counterfeit,Visa,584.26,INR,2026-08-29,3,books,standard,False,False,False,neither,145,1,1,False,False,"['emv_chip_data', 'pin_verification']",merchant_won
DSP-002841,4853,Cardholder Dispute - Defective,Mastercard,947.85,INR,2026-08-29,7,health,express,True,True,True,both_match,14,0,10,True,True,"['product_description', 'quality_cert', 'customer_comms']",merchant_won
DSP-000746,10.5,Fraud - Counterfeit,Visa,2185.75,INR,2026-08-29,9,toys,standard,True,False,False,avs_only,153,1,1,True,False,"['emv_chip_data', 'pin_verification']",merchant_won
DSP-001755,13.1,Merchandise Not Received,Visa,515.41,INR,2026-08-29,22,health,standard,True,True,True,neither,40,0,6,True,False,"['shipping_confirmation', 'delivery_proof', 'tracking_url']",merchant_won
DSP-002460,13.3,Not as Described,Visa,6181.72,INR,2026-08-29,27,home,express,True,False,True,both_match,83,0,7,False,True,"['product_description', 'customer_comms', 'return_policy']",merchant_won
DSP-001453,4860,Credit Not Processed (MC),Mastercard,2332.66,INR,2026-08-29,7,grocery,express,True,False,True,both_match,803,1,5,True,False,"['refund_receipt', 'refund_arn', 'policy_terms']",merchant_won
DSP-000323,13.3,Not as Described,Visa,815.87,INR,2026-08-29,49,books,same_day,True,True,True,both_match,50,0,2,True,True,"['product_description', 'customer_comms', 'return_policy']",merchant_won
DSP-004980,13.1,Merchandise Not Received,Visa,300.56,INR,2026-08-29,20,books,same_day,True,True,True,both_match,361,0,7,True,True,"['shipping_confirmation', 'delivery_proof', 'tracking_url']",merchant_won
DSP-003357,4837,No Cardholder Authorization,Mastercard,153.73,INR,2026-08-29,18,health,standard,False,False,True,cvv_only,67,1,3,False,False,"['3ds_authentication', 'avs_cvv', 'ip_match']",merchant_won
DSP-000574,4837,No Cardholder Authorization,Mastercard,2078.5,INR,2026-08-29,20,home,pickup,True,True,True,avs_only,49,0,3,False,True,"['3ds_authentication', 'avs_cvv', 'ip_match']",merchant_won
DSP-003815,13.1,Merchandise Not Received,Visa,706.78,INR,2026-08-29,21,books,standard,True,False,True,both_match,10,0,5,False,False,"['shipping_confirmation', 'delivery_proof', 'tracking_url']",merchant_won
DSP-000693,4863,Cardholder Does Not Recognize,Mastercard,423.65,INR,2026-08-29,15,grocery,pickup,False,False,False,neither,120,0,0,False,True,"['billing_descriptor', 'customer_comms', 'ip_match']",merchant_lost
DSP-004073,13.6,Credit Not Processed,Visa,1132.32,INR,2026-08-29,2,sports,same_day,False,False,True,both_match,77,0,5,True,True,"['refund_receipt', 'refund_arn', 'policy_terms']",merchant_won
DSP-002625,13.1,Merchandise Not Received,Visa,411.46,INR,2026-08-29,31,automotive,pickup,True,True,True,avs_only,43,0,7,True,True,"['shipping_confirmation', 'delivery_proof', 'tracking_url']",merchant_won
DSP-000691,4853,Cardholder Dispute - Defective,Mastercard,54.76,INR,2026-08-29,3,books,pickup,True,True,True,both_match,75,0,2,False,True,"['product_description', 'quality_cert', 'customer_comms']",merchant_won
DSP-002609,4837,No Cardholder Authorization,Mastercard,1750.55,INR,2026-08-29,16,toys,express,False,False,False,cvv_only,213,2,2,False,False,"['3ds_authentication', 'avs_cvv', 'ip_match']",merchant_lost
DSP-003018,4837,No Cardholder Authorization,Mastercard,3696.79,INR,2026-08-29,49,grocery,same_day,False,False,False,neither,2,0,1,False,False,"['3ds_authentication', 'avs_cvv', 'ip_match']",merchant_won
DSP-003113,4837,No Cardholder Authorization,Mastercard,3961.15,INR,2026-08-29,17,toys,same_day,False,False,True,cvv_only,135,2,0,False,True,"['3ds_authentication', 'avs_cvv', 'ip_match']",merchant_won
DSP-004127,4860,Credit Not Processed (MC),Mastercard,419.79,INR,2026-08-29,2,beauty,pickup,False,False,True,both_match,15,1,7,True,True,"['refund_receipt', 'refund_arn', 'policy_terms']",merchant_won
DSP-004011,4837,No Cardholder Authorization,Mastercard,681.42,INR,2026-08-29,21,fashion,standard,True,False,True,neither,20,0,2,True,False,"['3ds_authentication', 'avs_cvv', 'ip_match']",merchant_lost
DSP-000993,10.4,Fraud - Card Absent,Visa,3656.35,INR,2026-08-29,8,fashion,standard,False,False,False,neither,6,0,0,True,False,"['avs_cvv', 'ip_match', 'delivery_proof', 'device_fingerprint']",merchant_won
DSP-002602,13.6,Credit Not Processed,Visa,1348.15,INR,2026-08-29,2,grocery,pickup,True,True,True,both_match,106,0,6,True,True,"['refund_receipt', 'refund_arn', 'policy_terms']",merchant_won
DSP-002645,4855,Goods or Services Not Provided,Mastercard,2404.69,INR,2026-08-29,19,home,standard,False,False,True,both_match,14,0,3,False,True,"['shipping_confirmation', 'delivery_proof', 'signed_receipt']",merchant_won
DSP-002120,13.6,Credit Not Processed,Visa,1380.59,INR,2026-08-29,7,automotive,same_day,True,True,True,avs_only,31,0,7,True,False,"['refund_receipt', 'refund_arn', 'policy_terms']",merchant_lost
DSP-002751,10.5,Fraud - Counterfeit,Visa,120.2,INR,2026-08-29,112,home,express,True,True,True,neither,163,1,1,False,False,"['emv_chip_data', 'pin_verification']",merchant_lost
DSP-002548,13.1,Merchandise Not Received,Visa,408.28,INR,2026-08-29,3,sports,pickup,True,True,True,both_match,121,0,6,False,True,"['shipping_confirmation', 'delivery_proof', 'tracking_url']",merchant_won
DSP-003792,13.3,Not as Described,Visa,203.15,INR,2026-08-29,10,home,standard,True,False,True,both_match,34,0,7,True,True,"['product_description', 'customer_comms', 'return_policy']",merchant_lost
DSP-002688,10.4,Fraud - Card Absent,Visa,1753.82,INR,2026-08-29,12,grocery,standard,False,False,False,neither,86,0,3,False,False,"['avs_cvv', 'ip_match', 'delivery_proof', 'device_fingerprint']",merchant_lost
DSP-003296,4837,No Cardholder Authorization,Mastercard,3901.21,INR,2026-08-29,32,automotive,same_day,False,False,False,neither,55,2,2,False,False,"['3ds_authentication', 'avs_cvv', 'ip_match']",merchant_lost
DSP-003910,4855,Goods or Services Not Provided,Mastercard,578.74,INR,2026-08-29,9,health,standard,True,True,True,both_match,452,0,7,False,False,"['shipping_confirmation', 'delivery_proof', 'signed_receipt']",merchant_won
DSP-001955,10.4,Fraud - Card Absent,Visa,1433.76,INR,2026-08-29,5,fashion,pickup,False,False,False,avs_only,11,1,5,False,False,"['avs_cvv', 'ip_match', 'delivery_proof', 'device_fingerprint']",merchant_lost
DSP-003707,4837,No Cardholder Authorization,Mastercard,1688.1,INR,2026-08-29,49,electronics,pickup,True,False,False,avs_only,179,0,2,False,True,"['3ds_authentication', 'avs_cvv', 'ip_match']",merchant_lost
DSP-002147,4837,No Cardholder Authorization,Mastercard,11714.13,INR,2026-08-29,28,sports,same_day,False,False,True,neither,5,0,0,True,False,"['3ds_authentication', 'avs_cvv', 'ip_match']",merchant_lost
DSP-000457,4837,No Cardholder Authorization,Mastercard,1687.96,INR,2026-08-29,8,toys,express,False,False,True,avs_only,46,1,2,False,False,"['3ds_authentication', 'avs_cvv', 'ip_match']",merchant_lost
DSP-000743,4863,Cardholder Does Not Recognize,Mastercard,3924.07,INR,2026-08-29,120,books,express,False,False,True,avs_only,156,0,1,False,True,"['billing_descriptor', 'customer_comms', 'ip_match']",merchant_lost
DSP-004531,10.5,Fraud - Counterfeit,Visa,7008.4,INR,2026-08-29,0,fashion,express,True,True,False,neither,104,1,3,True,False,"['emv_chip_data', 'pin_verification']",merchant_lost
DSP-001444,10.4,Fraud - Card Absent,Visa,162.63,INR,2026-08-29,31,sports,pickup,False,False,True,neither,16,1,2,False,False,"['avs_cvv', 'ip_match', 'delivery_proof', 'device_fingerprint']",merchant_won
DSP-000381,4855,Goods or Services Not Provided,Mastercard,476.65,INR,2026-08-29,0,home,standard,True,True,True,both_match,245,0,1,True,False,"['shipping_confirmation', 'delivery_proof', 'signed_receipt']",merchant_lost
DSP-003457,13.1,Merchandise Not Received,Visa,5047.51,INR,2026-08-29,5,electronics,pickup,False,False,True,both_match,9,0,4,True,True,"['shipping_confirmation', 'delivery_proof', 'tracking_url']",merchant_won
DSP-004819,10.4,Fraud - Card Absent,Visa,16768.59,INR,2026-08-29,13,home,express,False,False,True,neither,71,0,1,False,True,"['avs_cvv', 'ip_match', 'delivery_proof', 'device_fingerprint']",merchant_won
DSP-002427,4853,Cardholder Dispute - Defective,Mastercard,3383.3,INR,2026-08-29,2,sports,express,True,True,True,both_match,24,1,15,True,True,"['product_description', 'quality_cert', 'customer_comms']",merchant_won
DSP-004604,4837,No Cardholder Authorization,Mastercard,385.62,INR,2026-08-29,4,books,pickup,True,True,False,cvv_only,90,0,1,False,True,"['3ds_authentication', 'avs_cvv', 'ip_match']",merchant_won
DSP-002106,4863,Cardholder Does Not Recognize,Mastercard,1680.3,INR,2026-08-29,13,books,standard,False,False,True,avs_only,12,1,3,False,True,"['billing_descriptor', 'customer_comms', 'ip_match']",merchant_won
DSP-000440,4837,No Cardholder Authorization,Mastercard,406.11,INR,2026-08-29,7,books,express,False,False,True,neither,66,0,2,False,False,"['3ds_authentication', 'avs_cvv', 'ip_match']",merchant_won
DSP-000568,13.1,Merchandise Not Received,Visa,326.71,INR,2026-08-29,15,beauty,same_day,True,True,False,both_match,66,0,10,True,False,"['shipping_confirmation', 'delivery_proof', 'tracking_url']",merchant_won
DSP-002664,4855,Goods or Services Not Provided,Mastercard,643.58,INR,2026-08-29,12,books,express,True,True,True,both_match,428,0,10,True,False,"['shipping_confirmation', 'delivery_proof', 'signed_receipt']",merchant_lost
DSP-001211,13.1,Merchandise Not Received,Visa,1531.99,INR,2026-08-29,0,toys,pickup,True,True,True,neither,264,0,3,True,True,"['shipping_confirmation', 'delivery_proof', 'tracking_url']",merchant_won
DSP-002341,13.1,Merchandise Not Received,Visa,224.66,INR,2026-08-29,17,sports,pickup,True,True,True,cvv_only,6,0,3,False,True,"['shipping_confirmation', 'delivery_proof', 'tracking_url']",merchant_won
DSP-003254,10.5,Fraud - Counterfeit,Visa,540.57,INR,2026-08-29,1,sports,express,False,False,False,both_match,58,0,4,False,False,"['emv_chip_data', 'pin_verification']",merchant_lost
DSP-000921,10.4,Fraud - Card Absent,Visa,1288.49,INR,2026-08-29,35,beauty,same_day,False,False,False,neither,27,0,2,True,False,"['avs_cvv', 'ip_match', 'delivery_proof', 'device_fingerprint']",merchant_lost
DSP-003447,4837,No Cardholder Authorization,Mastercard,3921.97,INR,2026-08-29,0,sports,express,True,True,False,both_match,36,0,4,True,False,"['3ds_authentication', 'avs_cvv', 'ip_match']",merchant_lost
DSP-003801,10.4,Fraud - Card Absent,Visa,1198.01,INR,2026-08-29,28,automotive,pickup,False,False,False,cvv_only,197,0,2,False,True,"['avs_cvv', 'ip_match', 'delivery_proof', 'device_fingerprint']",merchant_lost
DSP-004077,13.3,Not as Described,Visa,1572.71,INR,2026-08-29,6,health,standard,True,True,False,both_match,75,0,3,True,True,"['product_description', 'customer_comms', 'return_policy']",merchant_lost
DSP-004437,4863,Cardholder Does Not Recognize,Mastercard,2002.69,INR,2026-08-29,73,electronics,same_day,False,False,False,both_match,9,0,3,False,False,"['billing_descriptor', 'customer_comms', 'ip_match']",merchant_lost
DSP-001663,13.1,Merchandise Not Received,Visa,252.98,INR,2026-08-29,0,books,standard,True,True,True,avs_only,196,1,3,False,True,"['shipping_confirmation', 'delivery_proof', 'tracking_url']",merchant_lost
DSP-004834,4855,Goods or Services Not Provided,Mastercard,376.46,INR,2026-08-29,27,electronics,express,True,True,True,both_match,6,0,6,False,True,"['shipping_confirmation', 'delivery_proof', 'signed_receipt']",merchant_won
DSP-004341,4837,No Cardholder Authorization,Mastercard,412.69,INR,2026-08-29,19,sports,pickup,False,False,False,avs_only,41,0,2,False,True,"['3ds_authentication', 'avs_cvv', 'ip_match']",merchant_lost
DSP-002507,4860,Credit Not Processed (MC),Mastercard,3992.88,INR,2026-08-29,5,grocery,same_day,True,False,True,both_match,188,0,4,True,True,"['refund_receipt', 'refund_arn', 'policy_terms']",merchant_won
DSP-003403,13.1,Merchandise Not Received,Visa,950.36,INR,2026-08-29,1,grocery,express,True,False,True,both_match,115,0,5,False,True,"['shipping_confirmation', 'delivery_proof', 'tracking_url']",merchant_won
DSP-001837,13.1,Merchandise Not Received,Visa,929.37,INR,2026-08-29,22,health,standard,True,True,True,both_match,11,0,4,False,False,"['shipping_confirmation', 'delivery_proof', 'tracking_url']",merchant_won
DSP-002008,4855,Goods or Services Not Provided,Mastercard,7410.4,INR,2026-08-29,1,home,standard,True,True,True,both_match,10,1,5,True,True,"['shipping_confirmation', 'delivery_proof', 'signed_receipt']",merchant_won
DSP-001940,4860,Credit Not Processed (MC),Mastercard,1918.66,INR,2026-08-29,10,books,same_day,True,True,True,both_match,141,0,4,True,True,"['refund_receipt', 'refund_arn', 'policy_terms']",merchant_won
DSP-000307,13.3,Not as Described,Visa,333.17,INR,2026-08-29,10,toys,pickup,True,False,True,both_match,48,0,1,False,False,"['product_description', 'customer_comms', 'return_policy']",merchant_won
DSP-002338,13.1,Merchandise Not Received,Visa,3114.0,INR,2026-08-29,25,home,pickup,True,False,True,both_match,234,0,5,False,True,"['shipping_confirmation', 'delivery_proof', 'tracking_url']",merchant_won
DSP-004001,13.1,Merchandise Not Received,Visa,361.66,INR,2026-08-29,1,sports,standard,True,True,True,both_match,116,2,7,True,True,"['shipping_confirmation', 'delivery_proof', 'tracking_url']",merchant_won
DSP-003498,4860,Credit Not Processed (MC),Mastercard,4566.85,INR,2026-08-29,26,electronics,same_day,True,True,True,cvv_only,286,0,6,True,True,"['refund_receipt', 'refund_arn', 'policy_terms']",merchant_won
DSP-004393,10.4,Fraud - Card Absent,Visa,10772.41,INR,2026-08-29,12,grocery,express,True,True,False,avs_only,68,1,3,False,True,"['avs_cvv', 'ip_match', 'delivery_proof', 'device_fingerprint']",merchant_lost
DSP-002731,4863,Cardholder Does Not Recognize,Mastercard,2703.84,INR,2026-08-29,11,fashion,pickup,True,True,False,neither,114,1,1,False,False,"['billing_descriptor', 'customer_comms', 'ip_match']",merchant_lost
DSP-001450,4837,No Cardholder Authorization,Mastercard,5852.28,INR,2026-08-29,10,home,express,False,False,False,neither,141,2,2,False,False,"['3ds_authentication', 'avs_cvv', 'ip_match']",merchant_lost
DSP-001186,4853,Cardholder Dispute - Defective,Mastercard,119.7,INR,2026-08-29,3,fashion,same_day,True,False,True,both_match,148,0,10,False,True,"['product_description', 'quality_cert', 'customer_comms']",merchant_lost
DSP-002280,13.1,Merchandise Not Received,Visa,3890.49,INR,2026-08-29,11,toys,pickup,True,False,True,both_match,14,0,8,True,False,"['shipping_confirmation', 'delivery_proof', 'tracking_url']",merchant_lost
DSP-000496,4837,No Cardholder Authorization,Mastercard,777.1,INR,2026-08-29,31,toys,same_day,True,False,False,cvv_only,100,2,2,True,False,"['3ds_authentication', 'avs_cvv', 'ip_match']",merchant_lost
DSP-004576,4853,Cardholder Dispute - Defective,Mastercard,139.89,INR,2026-08-29,11,home,pickup,True,True,True,both_match,417,0,7,True,True,"['product_description', 'quality_cert', 'customer_comms']",merchant_won
DSP-001693,13.6,Credit Not Processed,Visa,429.35,INR,2026-08-29,5,books,pickup,True,True,True,both_match,103,0,6,False,True,"['refund_receipt', 'refund_arn', 'policy_terms']",merchant_won
DSP-000611,10.5,Fraud - Counterfeit,Visa,273.36,INR,2026-08-29,55,health,express,False,False,False,both_match,255,1,2,False,False,"['emv_chip_data', 'pin_verification']",merchant_lost
DSP-001035,13.3,Not as Described,Visa,1148.51,INR,2026-08-29,24,books,same_day,True,True,True,both_match,466,0,5,False,True,"['product_description', 'customer_comms', 'return_policy']",merchant_lost
DSP-004698,13.1,Merchandise Not Received,Visa,1137.74,INR,2026-08-29,13,toys,standard,True,True,True,both_match,8,0,5,False,False,"['shipping_confirmation', 'delivery_proof', 'tracking_url']",merchant_won
DSP-000086,13.1,Merchandise Not Received,Visa,871.28,INR,2026-08-29,13,home,standard,True,True,True,both_match,175,0,6,False,False,"['shipping_confirmation', 'delivery_proof', 'tracking_url']",merchant_won
DSP-000035,10.4,Fraud - Card Absent,Visa,4475.93,INR,2026-08-29,16,electronics,same_day,False,False,False,avs_only,102,0,3,True,False,"['avs_cvv', 'ip_match', 'delivery_proof', 'device_fingerprint']",merchant_lost
DSP-002798,13.1,Merchandise Not Received,Visa,649.22,INR,2026-08-29,3,home,standard,False,False,True,both_match,32,0,2,False,True,"['shipping_confirmation', 'delivery_proof', 'tracking_url']",merchant_won
DSP-000624,13.6,Credit Not Processed,Visa,2156.62,INR,2026-08-29,22,books,same_day,False,False,True,both_match,1015,0,4,True,False,"['refund_receipt', 'refund_arn', 'policy_terms']",merchant_won
DSP-000630,13.3,Not as Described,Visa,3325.73,INR,2026-08-29,16,automotive,same_day,True,True,True,both_match,7,0,7,True,True,"['product_description', 'customer_comms', 'return_policy']",merchant_won
DSP-003069,10.4,Fraud - Card Absent,Visa,4975.94,INR,2026-08-29,32,fashion,standard,True,True,False,neither,240,1,2,True,False,"['avs_cvv', 'ip_match', 'delivery_proof', 'device_fingerprint']",merchant_won
DSP-003374,4853,Cardholder Dispute - Defective,Mastercard,2124.28,INR,2026-08-29,3,fashion,express,True,True,False,both_match,267,0,9,False,True,"['product_description', 'quality_cert', 'customer_comms']",merchant_won
DSP-003308,4853,Cardholder Dispute - Defective,Mastercard,3774.07,INR,2026-08-29,20,automotive,standard,True,True,True,both_match,324,0,3,True,True,"['product_description', 'quality_cert', 'customer_comms']",merchant_lost
DSP-000818,4837,No Cardholder Authorization,Mastercard,8847.34,INR,2026-08-29,65,home,same_day,True,True,False,avs_only,38,0,2,False,False,"['3ds_authentication', 'avs_cvv', 'ip_match']",merchant_lost
DSP-002821,10.4,Fraud - Card Absent,Visa,3601.89,INR,2026-08-29,4,grocery,same_day,False,False,True,neither,326,1,4,False,True,"['avs_cvv', 'ip_match', 'delivery_proof', 'device_fingerprint']",merchant_lost
DSP-004178,4863,Cardholder Does Not Recognize,Mastercard,7062.09,INR,2026-08-29,44,grocery,same_day,False,False,True,both_match,42,0,3,False,False,"['billing_descriptor', 'customer_comms', 'ip_match']",merchant_won
DSP-000388,13.6,Credit Not Processed,Visa,396.61,INR,2026-08-29,4,beauty,pickup,True,False,True,both_match,513,0,5,False,False,"['refund_receipt', 'refund_arn', 'policy_terms']",merchant_won
DSP-004032,10.4,Fraud - Card Absent,Visa,1112.69,INR,2026-08-29,1,health,standard,True,True,False,both_match,20,2,2,True,False,"['avs_cvv', 'ip_match', 'delivery_proof', 'device_fingerprint']",merchant_won
DSP-003554,4860,Credit Not Processed (MC),Mastercard,3851.62,INR,2026-08-29,6,books,pickup,True,True,True,both_match,145,0,6,True,True,"['refund_receipt', 'refund_arn', 'policy_terms']",merchant_won
DSP-004034,10.4,Fraud - Card Absent,Visa,9118.07,INR,2026-08-29,6,grocery,same_day,False,False,True,neither,12,1,2,True,False,"['avs_cvv', 'ip_match', 'delivery_proof', 'device_fingerprint']",merchant_lost
DSP-000764,4853,Cardholder Dispute - Defective,Mastercard,1214.62,INR,2026-08-29,8,books,express,False,False,True,cvv_only,565,0,9,False,True,"['product_description', 'quality_cert', 'customer_comms']",merchant_won
DSP-004492,4853,Cardholder Dispute - Defective,Mastercard,805.39,INR,2026-08-29,21,health,express,True,True,False,cvv_only,31,0,2,True,True,"['product_description', 'quality_cert', 'customer_comms']",merchant_won
DSP-004035,4837,No Cardholder Authorization,Mastercard,2199.15,INR,2026-08-29,3,home,express,True,True,False,neither,5,2,1,False,False,"['3ds_authentication', 'avs_cvv', 'ip_match']",merchant_lost
DSP-001937,10.4,Fraud - Card Absent,Visa,610.97,INR,2026-08-29,4,toys,express,False,False,False,neither,120,0,0,False,True,"['avs_cvv', 'ip_match', 'delivery_proof', 'device_fingerprint']",merchant_lost
DSP-003449,10.4,Fraud - Card Absent,Visa,3098.74,INR,2026-08-29,47,automotive,standard,True,True,True,neither,57,2,4,True,False,"['avs_cvv', 'ip_match', 'delivery_proof', 'device_fingerprint']",merchant_won
DSP-000272,13.3,Not as Described,Visa,1625.62,INR,2026-08-29,27,health,express,True,True,True,both_match,79,0,10,False,True,"['product_description', 'customer_comms', 'return_policy']",merchant_won
DSP-002695,10.4,Fraud - Card Absent,Visa,2508.65,INR,2026-08-29,30,automotive,standard,True,True,False,neither,24,1,1,True,False,"['avs_cvv', 'ip_match', 'delivery_proof', 'device_fingerprint']",merchant_lost
DSP-000375,4863,Cardholder Does Not Recognize,Mastercard,616.96,INR,2026-08-29,7,beauty,same_day,False,False,False,neither,36,0,1,False,False,"['billing_descriptor', 'customer_comms', 'ip_match']",merchant_lost
DSP-002189,4853,Cardholder Dispute - Defective,Mastercard,193.42,INR,2026-08-29,26,sports,same_day,True,True,True,both_match,143,0,10,True,True,"['product_description', 'quality_cert', 'customer_comms']",merchant_won
DSP-001458,4837,No Cardholder Authorization,Mastercard,1838.85,INR,2026-08-29,5,home,express,False,False,True,neither,6,1,2,False,True,"['3ds_authentication', 'avs_cvv', 'ip_match']",merchant_lost
DSP-000601,13.3,Not as Described,Visa,163.39,INR,2026-08-29,44,automotive,pickup,True,True,True,both_match,233,0,7,True,True,"['product_description', 'customer_comms', 'return_policy']",merchant_lost
DSP-001782,13.1,Merchandise Not Received,Visa,116.05,INR,2026-08-29,50,fashion,express,True,True,True,both_match,1,0,6,True,True,"['shipping_confirmation', 'delivery_proof', 'tracking_url']",merchant_won
DSP-002389,10.4,Fraud - Card Absent,Visa,4152.32,INR,2026-08-29,6,electronics,express,False,False,True,both_match,126,0,3,True,False,"['avs_cvv', 'ip_match', 'delivery_proof', 'device_fingerprint']",merchant_won
DSP-004276,4863,Cardholder Does Not Recognize,Mastercard,1077.9,INR,2026-08-29,16,beauty,standard,False,False,False,neither,710,1,0,False,False,"['billing_descriptor', 'customer_comms', 'ip_match']",merchant_lost
DSP-001485,4860,Credit Not Processed (MC),Mastercard,95.92,INR,2026-08-29,1,health,same_day,True,True,True,both_match,26,0,4,False,True,"['refund_receipt', 'refund_arn', 'policy_terms']",merchant_won
DSP-001889,13.1,Merchandise Not Received,Visa,4184.98,INR,2026-08-29,26,automotive,express,True,False,True,both_match,89,0,6,True,True,"['shipping_confirmation', 'delivery_proof', 'tracking_url']",merchant_won
DSP-003864,13.3,Not as Described,Visa,329.89,INR,2026-08-29,0,sports,pickup,True,True,True,both_match,128,0,5,True,True,"['product_description', 'customer_comms', 'return_policy']",merchant_won
DSP-000902,13.1,Merchandise Not Received,Visa,708.77,INR,2026-08-29,51,books,express,True,False,True,both_match,956,0,4,True,True,"['shipping_confirmation', 'delivery_proof', 'tracking_url']",merchant_won
DSP-002103,4860,Credit Not Processed (MC),Mastercard,1098.98,INR,2026-08-29,4,sports,same_day,True,True,True,both_match,18,0,4,False,False,"['refund_receipt', 'refund_arn', 'policy_terms']",merchant_won
DSP-001235,4855,Goods or Services Not Provided,Mastercard,3885.33,INR,2026-08-29,9,sports,express,True,True,True,both_match,180,0,2,True,True,"['shipping_confirmation', 'delivery_proof', 'signed_receipt']",merchant_won
DSP-004582,4855,Goods or Services Not Provided,Mastercard,2013.5,INR,2026-08-29,9,electronics,standard,True,False,True,both_match,80,0,4,True,False,"['shipping_confirmation', 'delivery_proof', 'signed_receipt']",merchant_lost
DSP-002479,4860,Credit Not Processed (MC),Mastercard,9342.73,INR,2026-08-29,1,automotive,standard,True,True,False,both_match,210,1,4,False,True,"['refund_receipt', 'refund_arn', 'policy_terms']",merchant_won
DSP-000748,13.3,Not as Described,Visa,788.13,INR,2026-08-29,1,sports,express,True,True,True,both_match,204,0,9,False,True,"['product_description', 'customer_comms', 'return_policy']",merchant_won
DSP-001169,13.6,Credit Not Processed,Visa,1702.23,INR,2026-08-29,7,fashion,express,True,True,True,both_match,296,0,7,True,True,"['refund_receipt', 'refund_arn', 'policy_terms']",merchant_won
DSP-002611,4860,Credit Not Processed (MC),Mastercard,194.35,INR,2026-08-29,26,books,pickup,False,False,True,both_match,34,1,4,False,False,"['refund_receipt', 'refund_arn', 'policy_terms']",merchant_won
DSP-003700,10.5,Fraud - Counterfeit,Visa,2273.41,INR,2026-08-29,40,automotive,standard,True,False,False,cvv_only,6,0,1,False,False,"['emv_chip_data', 'pin_verification']",merchant_lost
DSP-000927,4855,Goods or Services Not Provided,Mastercard,103.92,INR,2026-08-29,10,automotive,same_day,True,True,True,both_match,323,0,6,False,False,"['shipping_confirmation', 'delivery_proof', 'signed_receipt']",merchant_won
DSP-000385,4855,Goods or Services Not Provided,Mastercard,1295.59,INR,2026-08-29,3,automotive,same_day,True,True,False,both_match,417,0,5,True,False,"['shipping_confirmation', 'delivery_proof', 'signed_receipt']",merchant_won
DSP-003341,13.3,Not as Described,Visa,1500.74,INR,2026-08-29,1,home,pickup,True,True,True,avs_only,335,0,7,True,False,"['product_description', 'customer_comms', 'return_policy']",merchant_won
DSP-004817,4853,Cardholder Dispute - Defective,Mastercard,11554.8,INR,2026-08-29,14,electronics,pickup,True,True,True,both_match,125,0,6,True,False,"['product_description', 'quality_cert', 'customer_comms']",merchant_won
DSP-000102,10.4,Fraud - Card Absent,Visa,1301.05,INR,2026-08-29,63,health,pickup,False,False,False,avs_only,41,0,2,False,False,"['avs_cvv', 'ip_match', 'delivery_proof', 'device_fingerprint']",merchant_lost
DSP-002557,4860,Credit Not Processed (MC),Mastercard,912.01,INR,2026-08-29,39,toys,standard,True,True,True,both_match,598,0,4,False,True,"['refund_receipt', 'refund_arn', 'policy_terms']",merchant_won
DSP-004704,10.4,Fraud - Card Absent,Visa,202.16,INR,2026-08-29,4,health,same_day,False,False,True,neither,137,3,0,False,False,"['avs_cvv', 'ip_match', 'delivery_proof', 'device_fingerprint']",merchant_lost
DSP-000466,10.4,Fraud - Card Absent,Visa,2365.42,INR,2026-08-29,27,beauty,standard,False,False,True,avs_only,115,0,0,False,False,"['avs_cvv', 'ip_match', 'delivery_proof', 'device_fingerprint']",merchant_lost
DSP-003406,13.1,Merchandise Not Received,Visa,10932.3,INR,2026-08-29,14,grocery,standard,True,True,True,both_match,235,0,11,False,True,"['shipping_confirmation', 'delivery_proof', 'tracking_url']",merchant_won
DSP-004415,4860,Credit Not Processed (MC),Mastercard,138.43,INR,2026-08-29,1,toys,same_day,True,True,False,avs_only,35,0,5,True,True,"['refund_receipt', 'refund_arn', 'policy_terms']",merchant_lost
DSP-002287,4853,Cardholder Dispute - Defective,Mastercard,1884.1,INR,2026-08-29,0,books,pickup,True,False,True,avs_only,55,0,7,True,False,"['product_description', 'quality_cert', 'customer_comms']",merchant_lost
DSP-001033,10.4,Fraud - Card Absent,Visa,1594.34,INR,2026-08-29,95,sports,same_day,False,False,False,cvv_only,268,1,5,False,True,"['avs_cvv', 'ip_match', 'delivery_proof', 'device_fingerprint']",merchant_lost
DSP-004825,13.1,Merchandise Not Received,Visa,1863.39,INR,2026-08-29,14,automotive,standard,True,True,True,both_match,60,0,5,True,True,"['shipping_confirmation', 'delivery_proof', 'tracking_url']",merchant_won
DSP-000023,4853,Cardholder Dispute - Defective,Mastercard,694.97,INR,2026-08-29,0,books,express,True,True,True,both_match,193,1,7,True,True,"['product_description', 'quality_cert', 'customer_comms']",merchant_won
DSP-001744,4853,Cardholder Dispute - Defective,Mastercard,100.41,INR,2026-08-29,0,health,express,True,True,True,both_match,401,0,5,True,True,"['product_description', 'quality_cert', 'customer_comms']",merchant_won
DSP-002182,4855,Goods or Services Not Provided,Mastercard,146.71,INR,2026-08-29,2,beauty,standard,True,True,True,both_match,7,1,4,True,False,"['shipping_confirmation', 'delivery_proof', 'signed_receipt']",merchant_won
DSP-004816,4860,Credit Not Processed (MC),Mastercard,340.26,INR,2026-08-29,34,grocery,standard,True,True,True,both_match,99,0,9,True,False,"['refund_receipt', 'refund_arn', 'policy_terms']",merchant_lost
DSP-003847,10.4,Fraud - Card Absent,Visa,16029.91,INR,2026-08-29,36,books,standard,False,False,False,neither,96,0,0,False,False,"['avs_cvv', 'ip_match', 'delivery_proof', 'device_fingerprint']",merchant_lost
DSP-002278,4837,No Cardholder Authorization,Mastercard,617.53,INR,2026-08-29,2,toys,express,False,False,False,avs_only,90,0,0,False,False,"['3ds_authentication', 'avs_cvv', 'ip_match']",merchant_lost
DSP-002569,13.1,Merchandise Not Received,Visa,220.73,INR,2026-08-29,2,grocery,pickup,True,True,True,neither,365,1,9,True,False,"['shipping_confirmation', 'delivery_proof', 'tracking_url']",merchant_won
DSP-003606,13.1,Merchandise Not Received,Visa,1065.45,INR,2026-08-29,9,sports,same_day,True,False,True,avs_only,74,0,6,True,True,"['shipping_confirmation', 'delivery_proof', 'tracking_url']",merchant_won
DSP-002863,4863,Cardholder Does Not Recognize,Mastercard,1194.82,INR,2026-08-29,45,home,pickup,True,True,False,both_match,341,0,1,False,False,"['billing_descriptor', 'customer_comms', 'ip_match']",merchant_won
DSP-002095,4837,No Cardholder Authorization,Mastercard,169.86,INR,2026-08-29,0,electronics,express,False,False,False,avs_only,16,0,0,False,False,"['3ds_authentication', 'avs_cvv', 'ip_match']",merchant_lost
DSP-000182,4837,No Cardholder Authorization,Mastercard,2144.18,INR,2026-08-29,64,fashion,standard,True,True,False,neither,110,1,3,False,False,"['3ds_authentication', 'avs_cvv', 'ip_match']",merchant_lost
DSP-004168,13.3,Not as Described,Visa,668.64,INR,2026-08-29,19,electronics,standard,True,True,False,both_match,764,0,6,False,True,"['product_description', 'customer_comms', 'return_policy']",merchant_won
DSP-001082,4853,Cardholder Dispute - Defective,Mastercard,1598.32,INR,2026-08-29,14,fashion,same_day,False,False,True,both_match,444,0,3,True,True,"['product_description', 'quality_cert', 'customer_comms']",merchant_won
DSP-002566,13.3,Not as Described,Visa,7489.62,INR,2026-08-29,1,home,standard,True,True,True,both_match,236,0,2,False,True,"['product_description', 'customer_comms', 'return_policy']",merchant_won
DSP-004220,4853,Cardholder Dispute - Defective,Mastercard,335.09,INR,2026-08-29,18,grocery,same_day,True,True,True,avs_only,394,0,5,False,True,"['product_description', 'quality_cert', 'customer_comms']",merchant_won
DSP-002859,13.6,Credit Not Processed,Visa,1176.51,INR,2026-08-29,15,health,pickup,False,False,True,both_match,164,0,7,True,True,"['refund_receipt', 'refund_arn', 'policy_terms']",merchant_won
DSP-000744,4855,Goods or Services Not Provided,Mastercard,604.64,INR,2026-08-29,40,grocery,pickup,True,True,True,both_match,240,0,7,True,True,"['shipping_confirmation', 'delivery_proof', 'signed_receipt']",merchant_won
DSP-004624,13.3,Not as Described,Visa,5123.13,INR,2026-08-29,8,sports,pickup,True,True,True,cvv_only,181,0,3,False,True,"['product_description', 'customer_comms', 'return_policy']",merchant_won
DSP-003567,13.3,Not as Described,Visa,277.1,INR,2026-08-29,14,fashion,express,True,True,True,avs_only,481,0,5,False,True,"['product_description', 'customer_comms', 'return_policy']",merchant_won
DSP-003542,4863,Cardholder Does Not Recognize,Mastercard,3448.65,INR,2026-08-29,24,sports,standard,False,False,True,neither,37,3,5,True,True,"['billing_descriptor', 'customer_comms', 'ip_match']",merchant_won
DSP-003322,13.1,Merchandise Not Received,Visa,493.34,INR,2026-08-29,7,toys,standard,False,False,True,avs_only,250,1,5,False,True,"['shipping_confirmation', 'delivery_proof', 'tracking_url']",merchant_won
DSP-000581,4863,Cardholder Does Not Recognize,Mastercard,228.94,INR,2026-08-29,56,electronics,standard,True,True,True,cvv_only,185,1,2,False,False,"['billing_descriptor', 'customer_comms', 'ip_match']",merchant_won
DSP-000791,13.3,Not as Described,Visa,104.96,INR,2026-08-29,1,toys,express,True,True,True,both_match,134,0,4,False,True,"['product_description', 'customer_comms', 'return_policy']",merchant_lost
DSP-004985,4837,No Cardholder Authorization,Mastercard,524.8,INR,2026-08-29,8,fashion,express,False,False,False,both_match,383,0,1,False,True,"['3ds_authentication', 'avs_cvv', 'ip_match']",merchant_lost
DSP-000439,4853,Cardholder Dispute - Defective,Mastercard,2639.15,INR,2026-08-29,4,fashion,standard,True,True,True,both_match,159,0,3,True,False,"['product_description', 'quality_cert', 'customer_comms']",merchant_won
DSP-001020,4863,Cardholder Does Not Recognize,Mastercard,4109.94,INR,2026-08-29,48,sports,express,False,False,True,cvv_only,247,1,1,False,False,"['billing_descriptor', 'customer_comms', 'ip_match']",merchant_won
DSP-003079,4863,Cardholder Does Not Recognize,Mastercard,347.06,INR,2026-08-29,31,automotive,express,True,False,False,neither,8,0,2,False,False,"['billing_descriptor', 'customer_comms', 'ip_match']",merchant_lost
DSP-001954,10.4,Fraud - Card Absent,Visa,3080.31,INR,2026-08-29,10,toys,pickup,False,False,False,both_match,66,0,2,True,True,"['avs_cvv', 'ip_match', 'delivery_proof', 'device_fingerprint']",merchant_won
DSP-003923,4863,Cardholder Does Not Recognize,Mastercard,1334.08,INR,2026-08-29,16,sports,pickup,True,True,False,neither,92,0,1,False,False,"['billing_descriptor', 'customer_comms', 'ip_match']",merchant_won
DSP-001479,13.6,Credit Not Processed,Visa,432.87,INR,2026-08-29,5,beauty,express,True,True,True,both_match,612,0,9,False,True,"['refund_receipt', 'refund_arn', 'policy_terms']",merchant_lost
DSP-001547,13.1,Merchandise Not Received,Visa,740.91,INR,2026-08-29,4,beauty,express,True,False,True,both_match,163,0,5,True,True,"['shipping_confirmation', 'delivery_proof', 'tracking_url']",merchant_won
DSP-001451,4853,Cardholder Dispute - Defective,Mastercard,4344.5,INR,2026-08-29,0,grocery,express,False,False,True,both_match,443,0,5,True,True,"['product_description', 'quality_cert', 'customer_comms']",merchant_lost
DSP-002670,4863,Cardholder Does Not Recognize,Mastercard,588.15,INR,2026-08-29,26,grocery,pickup,False,False,True,avs_only,88,1,1,False,True,"['billing_descriptor', 'customer_comms', 'ip_match']",merchant_lost
DSP-001086,13.1,Merchandise Not Received,Visa,1093.07,INR,2026-08-29,3,home,same_day,True,True,True,both_match,13,0,4,True,True,"['shipping_confirmation', 'delivery_proof', 'tracking_url']",merchant_won
DSP-001726,10.4,Fraud - Card Absent,Visa,467.76,INR,2026-08-29,0,health,express,False,False,False,neither,31,1,3,False,False,"['avs_cvv', 'ip_match', 'delivery_proof', 'device_fingerprint']",merchant_won
DSP-002501,4837,No Cardholder Authorization,Mastercard,1681.86,INR,2026-08-29,29,beauty,pickup,False,False,False,cvv_only,205,0,0,False,False,"['3ds_authentication', 'avs_cvv', 'ip_match']",merchant_lost
DSP-001614,13.1,Merchandise Not Received,Visa,1472.09,INR,2026-08-29,9,health,pickup,True,True,True,both_match,557,0,7,True,True,"['shipping_confirmation', 'delivery_proof', 'tracking_url']",merchant_won
DSP-003482,4863,Cardholder Does Not Recognize,Mastercard,821.52,INR,2026-08-29,92,sports,pickup,False,False,False,neither,237,0,2,True,False,"['billing_descriptor', 'customer_comms', 'ip_match']",merchant_won
DSP-001704,4837,No Cardholder Authorization,Mastercard,1111.92,INR,2026-08-29,0,books,standard,False,False,False,both_match,171,1,1,False,False,"['3ds_authentication', 'avs_cvv', 'ip_match']",merchant_lost
DSP-004154,10.4,Fraud - Card Absent,Visa,7544.55,INR,2026-08-29,38,grocery,same_day,True,False,False,avs_only,105,0,3,False,False,"['avs_cvv', 'ip_match', 'delivery_proof', 'device_fingerprint']",merchant_lost
DSP-001869,13.1,Merchandise Not Received,Visa,86.31,INR,2026-08-29,16,health,pickup,True,True,True,avs_only,220,0,7,False,False,"['shipping_confirmation', 'delivery_proof', 'tracking_url']",merchant_won
DSP-000342,13.3,Not as Described,Visa,586.32,INR,2026-08-29,8,automotive,pickup,True,False,True,cvv_only,218,0,6,False,True,"['product_description', 'customer_comms', 'return_policy']",merchant_lost
DSP-001323,4863,Cardholder Does Not Recognize,Mastercard,335.71,INR,2026-08-29,30,sports,express,True,True,False,both_match,88,1,0,False,False,"['billing_descriptor', 'customer_comms', 'ip_match']",merchant_won
DSP-001051,4863,Cardholder Does Not Recognize,Mastercard,1989.88,INR,2026-08-29,57,beauty,pickup,False,False,False,neither,71,0,3,True,True,"['billing_descriptor', 'customer_comms', 'ip_match']",merchant_won
DSP-003116,13.1,Merchandise Not Received,Visa,755.6,INR,2026-08-29,2,home,same_day,True,False,True,both_match,3,0,7,True,True,"['shipping_confirmation', 'delivery_proof', 'tracking_url']",merchant_won
DSP-004682,4860,Credit Not Processed (MC),Mastercard,10825.44,INR,2026-08-29,7,beauty,same_day,True,True,True,both_match,519,0,7,True,True,"['refund_receipt', 'refund_arn', 'policy_terms']",merchant_won
DSP-002060,4853,Cardholder Dispute - Defective,Mastercard,5330.42,INR,2026-08-29,4,grocery,pickup,True,True,True,both_match,195,0,9,False,True,"['product_description', 'quality_cert', 'customer_comms']",merchant_lost
DSP-003127,13.3,Not as Described,Visa,15306.85,INR,2026-08-29,10,fashion,same_day,True,False,False,both_match,15,0,5,False,True,"['product_description', 'customer_comms', 'return_policy']",merchant_lost
DSP-004535,10.4,Fraud - Card Absent,Visa,4475.25,INR,2026-08-29,37,electronics,standard,True,True,True,neither,72,2,2,True,False,"['avs_cvv', 'ip_match', 'delivery_proof', 'device_fingerprint']",merchant_lost
DSP-000896,4837,No Cardholder Authorization,Mastercard,329.83,INR,2026-08-29,18,beauty,express,True,True,True,avs_only,36,1,3,False,False,"['3ds_authentication', 'avs_cvv', 'ip_match']",merchant_lost
DSP-002148,13.3,Not as Described,Visa,1618.05,INR,2026-08-29,23,beauty,standard,True,True,True,both_match,13,0,10,True,True,"['product_description', 'customer_comms', 'return_policy']",merchant_won
DSP-002188,4837,No Cardholder Authorization,Mastercard,1480.55,INR,2026-08-29,15,toys,pickup,True,True,False,avs_only,0,0,2,True,True,"['3ds_authentication', 'avs_cvv', 'ip_match']",merchant_won
DSP-003599,13.1,Merchandise Not Received,Visa,2430.21,INR,2026-08-29,2,fashion,express,True,True,False,avs_only,458,0,5,False,False,"['shipping_confirmation', 'delivery_proof', 'tracking_url']",merchant_lost
DSP-004137,10.4,Fraud - Card Absent,Visa,7027.72,INR,2026-08-29,17,beauty,pickup,False,False,False,both_match,14,0,2,True,True,"['avs_cvv', 'ip_match', 'delivery_proof', 'device_fingerprint']",merchant_lost
DSP-000213,10.4,Fraud - Card Absent,Visa,4772.9,INR,2026-08-29,17,grocery,express,False,False,True,neither,44,0,3,False,False,"['avs_cvv', 'ip_match', 'delivery_proof', 'device_fingerprint']",merchant_lost
DSP-001441,10.4,Fraud - Card Absent,Visa,1215.73,INR,2026-08-29,84,grocery,same_day,True,True,True,neither,376,1,0,True,False,"['avs_cvv', 'ip_match', 'delivery_proof', 'device_fingerprint']",merchant_lost
DSP-001303,10.5,Fraud - Counterfeit,Visa,1511.74,INR,2026-08-29,14,health,pickup,True,False,False,avs_only,134,0,0,True,False,"['emv_chip_data', 'pin_verification']",merchant_lost
DSP-004741,13.1,Merchandise Not Received,Visa,5479.24,INR,2026-08-29,22,electronics,same_day,True,False,True,neither,368,1,4,False,True,"['shipping_confirmation', 'delivery_proof', 'tracking_url']",merchant_lost
DSP-002168,10.4,Fraud - Card Absent,Visa,1108.17,INR,2026-08-29,8,automotive,express,False,False,False,neither,36,0,1,True,True,"['avs_cvv', 'ip_match', 'delivery_proof', 'device_fingerprint']",merchant_lost
DSP-000374,10.4,Fraud - Card Absent,Visa,2702.34,INR,2026-08-29,1,automotive,express,False,False,False,avs_only,28,1,4,False,False,"['avs_cvv', 'ip_match', 'delivery_proof', 'device_fingerprint']",merchant_lost
DSP-003795,13.6,Credit Not Processed,Visa,416.71,INR,2026-08-29,58,electronics,express,True,True,True,avs_only,17,0,4,False,True,"['refund_receipt', 'refund_arn', 'policy_terms']",merchant_won
DSP-003545,10.4,Fraud - Card Absent,Visa,1057.72,INR,2026-08-29,11,automotive,same_day,False,False,False,neither,55,1,1,False,False,"['avs_cvv', 'ip_match', 'delivery_proof', 'device_fingerprint']",merchant_won
DSP-000429,4837,No Cardholder Authorization,Mastercard,4719.86,INR,2026-08-29,54,sports,pickup,False,False,True,neither,11,1,3,False,False,"['3ds_authentication', 'avs_cvv', 'ip_match']",merchant_lost
DSP-000588,13.1,Merchandise Not Received,Visa,76.92,INR,2026-08-29,4,books,same_day,True,False,True,avs_only,47,0,6,True,False,"['shipping_confirmation', 'delivery_proof', 'tracking_url']",merchant_won
DSP-003349,4855,Goods or Services Not Provided,Mastercard,648.83,INR,2026-08-29,5,grocery,express,False,False,True,both_match,98,0,7,True,False,"['shipping_confirmation', 'delivery_proof', 'signed_receipt']",merchant_won
DSP-001315,4853,Cardholder Dispute - Defective,Mastercard,555.42,INR,2026-08-29,22,books,same_day,True,True,True,both_match,432,0,2,False,True,"['product_description', 'quality_cert', 'customer_comms']",merchant_won
DSP-002337,4863,Cardholder Does Not Recognize,Mastercard,992.64,INR,2026-08-29,1,health,express,True,True,True,neither,208,0,0,True,False,"['billing_descriptor', 'customer_comms', 'ip_match']",merchant_won
DSP-002136,4853,Cardholder Dispute - Defective,Mastercard,209.24,INR,2026-08-29,4,electronics,express,True,True,True,both_match,120,0,9,True,True,"['product_description', 'quality_cert', 'customer_comms']",merchant_lost
DSP-003595,4860,Credit Not Processed (MC),Mastercard,33.42,INR,2026-08-29,10,books,express,True,False,True,both_match,142,0,7,False,True,"['refund_receipt', 'refund_arn', 'policy_terms']",merchant_won
DSP-002974,4855,Goods or Services Not Provided,Mastercard,9603.79,INR,2026-08-29,28,automotive,express,True,True,True,both_match,77,0,3,True,False,"['shipping_confirmation', 'delivery_proof', 'signed_receipt']",merchant_won
DSP-004930,10.4,Fraud - Card Absent,Visa,2391.58,INR,2026-08-29,2,beauty,express,False,False,True,neither,102,0,4,False,True,"['avs_cvv', 'ip_match', 'delivery_proof', 'device_fingerprint']",merchant_lost
DSP-003318,13.1,Merchandise Not Received,Visa,630.01,INR,2026-08-29,5,toys,same_day,True,False,True,both_match,269,0,6,True,True,"['shipping_confirmation', 'delivery_proof', 'tracking_url']",merchant_lost
DSP-003137,4860,Credit Not Processed (MC),Mastercard,561.01,INR,2026-08-29,4,beauty,pickup,True,True,True,both_match,9,0,5,False,True,"['refund_receipt', 'refund_arn', 'policy_terms']",merchant_won
DSP-002856,4863,Cardholder Does Not Recognize,Mastercard,3751.91,INR,2026-08-29,30,electronics,standard,False,False,False,cvv_only,49,1,1,False,True,"['billing_descriptor', 'customer_comms', 'ip_match']",merchant_lost
DSP-004047,4853,Cardholder Dispute - Defective,Mastercard,773.67,INR,2026-08-29,14,beauty,same_day,True,True,True,both_match,2,0,10,True,True,"['product_description', 'quality_cert', 'customer_comms']",merchant_lost
DSP-002621,13.3,Not as Described,Visa,1188.78,INR,2026-08-29,37,toys,express,True,True,True,both_match,33,0,11,False,True,"['product_description', 'customer_comms', 'return_policy']",merchant_lost
DSP-000673,13.3,Not as Described,Visa,2084.6,INR,2026-08-29,3,home,same_day,False,False,True,both_match,448,0,5,False,True,"['product_description', 'customer_comms', 'return_policy']",merchant_lost
DSP-002343,4863,Cardholder Does Not Recognize,Mastercard,1758.85,INR,2026-08-29,3,fashion,standard,True,True,False,neither,88,1,3,False,False,"['billing_descriptor', 'customer_comms', 'ip_match']",merchant_won
DSP-000458,4837,No Cardholder Authorization,Mastercard,5965.25,INR,2026-08-29,81,health,express,True,True,False,neither,79,0,3,False,True,"['3ds_authentication', 'avs_cvv', 'ip_match']",merchant_lost
DSP-001853,10.4,Fraud - Card Absent,Visa,3045.59,INR,2026-08-29,21,toys,express,True,True,False,cvv_only,79,1,1,False,False,"['avs_cvv', 'ip_match', 'delivery_proof', 'device_fingerprint']",merchant_lost
DSP-003813,4860,Credit Not Processed (MC),Mastercard,805.65,INR,2026-08-29,0,home,same_day,True,False,True,both_match,7,0,3,False,False,"['refund_receipt', 'refund_arn', 'policy_terms']",merchant_won
DSP-000618,13.1,Merchandise Not Received,Visa,830.34,INR,2026-08-29,52,home,same_day,True,True,True,avs_only,470,0,6,True,True,"['shipping_confirmation', 'delivery_proof', 'tracking_url']",merchant_won
DSP-000774,13.1,Merchandise Not Received,Visa,2350.03,INR,2026-08-29,58,beauty,pickup,True,True,True,both_match,388,0,4,True,True,"['shipping_confirmation', 'delivery_proof', 'tracking_url']",merchant_won
DSP-001191,4860,Credit Not Processed (MC),Mastercard,414.55,INR,2026-08-29,9,toys,pickup,True,True,True,both_match,122,2,5,True,True,"['refund_receipt', 'refund_arn', 'policy_terms']",merchant_won
DSP-004171,4863,Cardholder Does Not Recognize,Mastercard,1741.14,INR,2026-08-29,9,beauty,express,False,False,False,neither,12,2,3,False,False,"['billing_descriptor', 'customer_comms', 'ip_match']",merchant_lost
DSP-000414,13.6,Credit Not Processed,Visa,3915.62,INR,2026-08-29,3,toys,standard,True,True,True,cvv_only,872,0,5,True,True,"['refund_receipt', 'refund_arn', 'policy_terms']",merchant_won
DSP-002727,4853,Cardholder Dispute - Defective,Mastercard,3188.24,INR,2026-08-29,1,grocery,same_day,True,True,True,cvv_only,161,0,8,False,False,"['product_description', 'quality_cert', 'customer_comms']",merchant_won
DSP-000861,4837,No Cardholder Authorization,Mastercard,777.13,INR,2026-08-29,15,electronics,standard,False,False,False,both_match,43,0,0,True,False,"['3ds_authentication', 'avs_cvv', 'ip_match']",merchant_lost
DSP-001192,13.3,Not as Described,Visa,5561.42,INR,2026-08-29,6,sports,standard,True,True,True,both_match,319,0,6,True,False,"['product_description', 'customer_comms', 'return_policy']",merchant_won
DSP-004796,13.1,Merchandise Not Received,Visa,76.43,INR,2026-08-29,10,home,pickup,False,False,True,both_match,0,0,2,False,False,"['shipping_confirmation', 'delivery_proof', 'tracking_url']",merchant_lost
DSP-000840,4837,No Cardholder Authorization,Mastercard,13.77,INR,2026-08-29,22,sports,express,False,False,False,neither,30,1,0,True,True,"['3ds_authentication', 'avs_cvv', 'ip_match']",merchant_lost
DSP-000672,4855,Goods or Services Not Provided,Mastercard,1406.67,INR,2026-08-29,15,automotive,express,True,True,True,both_match,116,0,11,True,True,"['shipping_confirmation', 'delivery_proof', 'signed_receipt']",merchant_won
DSP-004134,13.1,Merchandise Not Received,Visa,1666.15,INR,2026-08-29,25,electronics,express,True,True,True,neither,19,0,11,True,True,"['shipping_confirmation', 'delivery_proof', 'tracking_url']",merchant_won
DSP-004051,4860,Credit Not Processed (MC),Mastercard,2145.99,INR,2026-08-29,3,books,same_day,True,True,True,both_match,659,0,6,True,True,"['refund_receipt', 'refund_arn', 'policy_terms']",merchant_lost
DSP-003720,13.3,Not as Described,Visa,1073.62,INR,2026-08-29,2,automotive,standard,True,True,True,avs_only,198,0,7,True,False,"['product_description', 'customer_comms', 'return_policy']",merchant_won
DSP-002546,4837,No Cardholder Authorization,Mastercard,673.35,INR,2026-08-29,25,home,express,False,False,False,both_match,42,0,4,False,False,"['3ds_authentication', 'avs_cvv', 'ip_match']",merchant_lost
DSP-002992,4855,Goods or Services Not Provided,Mastercard,303.66,INR,2026-08-29,19,health,standard,True,True,True,both_match,1,0,4,False,True,"['shipping_confirmation', 'delivery_proof', 'signed_receipt']",merchant_lost
DSP-000920,4853,Cardholder Dispute - Defective,Mastercard,347.67,INR,2026-08-29,5,automotive,same_day,True,True,True,both_match,992,0,7,True,True,"['product_description', 'quality_cert', 'customer_comms']",merchant_lost
DSP-001332,4837,No Cardholder Authorization,Mastercard,10041.02,INR,2026-08-29,0,beauty,pickup,False,False,False,both_match,161,1,0,True,False,"['3ds_authentication', 'avs_cvv', 'ip_match']",merchant_lost
DSP-003961,10.4,Fraud - Card Absent,Visa,2836.49,INR,2026-08-29,8,home,standard,True,True,True,avs_only,149,0,2,True,False,"['avs_cvv', 'ip_match', 'delivery_proof', 'device_fingerprint']",merchant_lost
DSP-002336,4860,Credit Not Processed (MC),Mastercard,307.09,INR,2026-08-29,14,automotive,same_day,True,True,True,both_match,343,0,8,True,True,"['refund_receipt', 'refund_arn', 'policy_terms']",merchant_won
DSP-001398,4837,No Cardholder Authorization,Mastercard,6801.19,INR,2026-08-29,8,toys,pickup,False,False,True,avs_only,0,3,1,False,True,"['3ds_authentication', 'avs_cvv', 'ip_match']",merchant_lost
DSP-002505,4853,Cardholder Dispute - Defective,Mastercard,1035.93,INR,2026-08-29,14,fashion,pickup,True,True,False,both_match,61,0,8,True,True,"['product_description', 'quality_cert', 'customer_comms']",merchant_won
DSP-001714,4853,Cardholder Dispute - Defective,Mastercard,506.41,INR,2026-08-29,10,health,same_day,True,True,True,both_match,64,0,4,True,True,"['product_description', 'quality_cert', 'customer_comms']",merchant_won
DSP-000379,10.5,Fraud - Counterfeit,Visa,2933.44,INR,2026-08-29,3,fashion,same_day,False,False,False,neither,80,1,2,False,False,"['emv_chip_data', 'pin_verification']",merchant_won
DSP-002177,4853,Cardholder Dispute - Defective,Mastercard,7356.37,INR,2026-08-29,3,sports,express,True,True,True,both_match,396,0,7,True,True,"['product_description', 'quality_cert', 'customer_comms']",merchant_won
DSP-002229,4855,Goods or Services Not Provided,Mastercard,2179.78,INR,2026-08-29,3,grocery,pickup,True,True,True,both_match,369,0,7,False,True,"['shipping_confirmation', 'delivery_proof', 'signed_receipt']",merchant_won
DSP-003682,4863,Cardholder Does Not Recognize,Mastercard,770.63,INR,2026-08-29,20,beauty,same_day,False,False,True,cvv_only,27,1,3,False,False,"['billing_descriptor', 'customer_comms', 'ip_match']",merchant_won
DSP-000520,13.3,Not as Described,Visa,340.42,INR,2026-08-29,15,books,pickup,True,True,True,avs_only,775,0,5,True,False,"['product_description', 'customer_comms', 'return_policy']",merchant_won
DSP-001667,10.4,Fraud - Card Absent,Visa,924.88,INR,2026-08-29,8,beauty,express,False,False,False,cvv_only,78,1,3,False,True,"['avs_cvv', 'ip_match', 'delivery_proof', 'device_fingerprint']",merchant_won
DSP-003265,4855,Goods or Services Not Provided,Mastercard,457.32,INR,2026-08-29,19,electronics,same_day,True,True,True,both_match,318,0,6,False,True,"['shipping_confirmation', 'delivery_proof', 'signed_receipt']",merchant_won
DSP-001355,13.6,Credit Not Processed,Visa,153.89,INR,2026-08-29,7,health,express,True,True,True,both_match,358,0,6,True,True,"['refund_receipt', 'refund_arn', 'policy_terms']",merchant_won
DSP-004845,4860,Credit Not Processed (MC),Mastercard,108.05,INR,2026-08-29,15,beauty,same_day,True,True,True,both_match,42,0,8,True,True,"['refund_receipt', 'refund_arn', 'policy_terms']",merchant_won
DSP-004390,4860,Credit Not Processed (MC),Mastercard,363.62,INR,2026-08-29,2,beauty,same_day,True,True,True,cvv_only,1084,0,7,False,False,"['refund_receipt', 'refund_arn', 'policy_terms']",merchant_won
DSP-000757,13.6,Credit Not Processed,Visa,1151.62,INR,2026-08-29,7,electronics,same_day,True,True,True,both_match,139,0,6,True,False,"['refund_receipt', 'refund_arn', 'policy_terms']",merchant_won
DSP-002592,13.6,Credit Not Processed,Visa,1365.74,INR,2026-08-29,2,books,standard,True,True,True,both_match,216,0,6,True,True,"['refund_receipt', 'refund_arn', 'policy_terms']",merchant_won
DSP-002624,4855,Goods or Services Not Provided,Mastercard,325.77,INR,2026-08-29,12,toys,pickup,True,True,True,avs_only,3,0,9,True,True,"['shipping_confirmation', 'delivery_proof', 'signed_receipt']",merchant_won
DSP-001167,4855,Goods or Services Not Provided,Mastercard,238.66,INR,2026-08-29,3,grocery,express,True,True,True,both_match,323,0,3,False,True,"['shipping_confirmation', 'delivery_proof', 'signed_receipt']",merchant_won
DSP-000497,4837,No Cardholder Authorization,Mastercard,3901.6,INR,2026-08-29,31,home,standard,False,False,True,neither,42,0,1,False,False,"['3ds_authentication', 'avs_cvv', 'ip_match']",merchant_lost
DSP-003088,13.3,Not as Described,Visa,843.45,INR,2026-08-29,5,grocery,express,True,True,True,both_match,353,0,5,True,True,"['product_description', 'customer_comms', 'return_policy']",merchant_won
DSP-000019,4855,Goods or Services Not Provided,Mastercard,3429.85,INR,2026-08-29,19,electronics,standard,True,True,True,avs_only,154,0,4,True,True,"['shipping_confirmation', 'delivery_proof', 'signed_receipt']",merchant_won
DSP-004063,4863,Cardholder Does Not Recognize,Mastercard,1936.87,INR,2026-08-29,28,home,standard,False,False,False,neither,165,0,2,False,False,"['billing_descriptor', 'customer_comms', 'ip_match']",merchant_lost
DSP-004169,13.1,Merchandise Not Received,Visa,143.09,INR,2026-08-29,1,home,same_day,True,False,True,both_match,110,0,2,True,True,"['shipping_confirmation', 'delivery_proof', 'tracking_url']",merchant_lost
DSP-003934,4853,Cardholder Dispute - Defective,Mastercard,1448.67,INR,2026-08-29,5,beauty,standard,True,True,True,both_match,98,1,2,False,True,"['product_description', 'quality_cert', 'customer_comms']",merchant_won
DSP-000613,4837,No Cardholder Authorization,Mastercard,675.63,INR,2026-08-29,1,automotive,same_day,False,False,False,neither,10,0,1,False,False,"['3ds_authentication', 'avs_cvv', 'ip_match']",merchant_lost
DSP-000045,10.4,Fraud - Card Absent,Visa,14805.06,INR,2026-08-29,2,fashion,same_day,False,False,True,neither,90,0,2,False,True,"['avs_cvv', 'ip_match', 'delivery_proof', 'device_fingerprint']",merchant_won
DSP-003793,4855,Goods or Services Not Provided,Mastercard,838.83,INR,2026-08-29,19,toys,standard,True,True,True,both_match,4,0,7,False,True,"['shipping_confirmation', 'delivery_proof', 'signed_receipt']",merchant_won
DSP-003331,10.4,Fraud - Card Absent,Visa,5699.14,INR,2026-08-29,34,electronics,same_day,False,False,True,neither,14,0,2,False,True,"['avs_cvv', 'ip_match', 'delivery_proof', 'device_fingerprint']",merchant_won
DSP-001836,13.1,Merchandise Not Received,Visa,1299.32,INR,2026-08-29,32,fashion,same_day,True,True,True,cvv_only,334,0,8,False,True,"['shipping_confirmation', 'delivery_proof', 'tracking_url']",merchant_won
DSP-001153,4863,Cardholder Does Not Recognize,Mastercard,71.02,INR,2026-08-29,5,automotive,standard,True,False,False,avs_only,33,3,1,False,False,"['billing_descriptor', 'customer_comms', 'ip_match']",merchant_lost
DSP-004785,13.1,Merchandise Not Received,Visa,321.41,INR,2026-08-29,5,sports,pickup,True,True,True,both_match,167,0,10,True,False,"['shipping_confirmation', 'delivery_proof', 'tracking_url']",merchant_won
DSP-003158,13.1,Merchandise Not Received,Visa,5187.07,INR,2026-08-29,7,home,pickup,True,True,True,neither,37,0,4,True,False,"['shipping_confirmation', 'delivery_proof', 'tracking_url']",merchant_won
DSP-004366,4855,Goods or Services Not Provided,Mastercard,640.07,INR,2026-08-29,11,beauty,same_day,True,True,True,cvv_only,910,0,5,True,True,"['shipping_confirmation', 'delivery_proof', 'signed_receipt']",merchant_won
DSP-003972,4860,Credit Not Processed (MC),Mastercard,697.8,INR,2026-08-29,24,home,standard,True,True,True,avs_only,129,0,10,True,True,"['refund_receipt', 'refund_arn', 'policy_terms']",merchant_won
DSP-004943,13.1,Merchandise Not Received,Visa,166.91,INR,2026-08-29,2,electronics,express,True,True,True,both_match,60,0,9,False,True,"['shipping_confirmation', 'delivery_proof', 'tracking_url']",merchant_won
DSP-000141,4863,Cardholder Does Not Recognize,Mastercard,2248.92,INR,2026-08-29,0,electronics,same_day,True,True,False,neither,98,2,1,True,False,"['billing_descriptor', 'customer_comms', 'ip_match']",merchant_won
DSP-002849,4837,No Cardholder Authorization,Mastercard,2441.86,INR,2026-08-29,53,automotive,pickup,False,False,False,neither,25,1,0,False,False,"['3ds_authentication', 'avs_cvv', 'ip_match']",merchant_lost
DSP-000808,13.6,Credit Not Processed,Visa,2184.51,INR,2026-08-29,12,health,same_day,True,True,True,both_match,225,0,7,True,True,"['refund_receipt', 'refund_arn', 'policy_terms']",merchant_won
DSP-000915,10.4,Fraud - Card Absent,Visa,1528.31,INR,2026-08-29,19,home,standard,True,False,True,neither,154,0,1,False,False,"['avs_cvv', 'ip_match', 'delivery_proof', 'device_fingerprint']",merchant_won
DSP-002799,13.6,Credit Not Processed,Visa,1591.86,INR,2026-08-29,1,automotive,same_day,True,True,True,avs_only,271,0,8,True,True,"['refund_receipt', 'refund_arn', 'policy_terms']",merchant_won
DSP-000132,4863,Cardholder Does Not Recognize,Mastercard,4222.49,INR,2026-08-29,22,automotive,same_day,True,True,False,avs_only,181,0,4,True,True,"['billing_descriptor', 'customer_comms', 'ip_match']",merchant_won
DSP-002899,13.1,Merchandise Not Received,Visa,1666.97,INR,2026-08-29,10,sports,same_day,True,True,True,both_match,308,0,4,True,False,"['shipping_confirmation', 'delivery_proof', 'tracking_url']",merchant_lost
DSP-004616,4855,Goods or Services Not Provided,Mastercard,786.5,INR,2026-08-29,12,home,standard,True,True,True,both_match,471,0,6,False,False,"['shipping_confirmation', 'delivery_proof', 'signed_receipt']",merchant_won
DSP-002514,13.1,Merchandise Not Received,Visa,965.08,INR,2026-08-29,18,fashion,standard,True,True,True,both_match,108,0,6,True,False,"['shipping_confirmation', 'delivery_proof', 'tracking_url']",merchant_won
DSP-002549,10.4,Fraud - Card Absent,Visa,11933.93,INR,2026-08-29,65,grocery,pickup,True,False,True,neither,45,1,2,False,True,"['avs_cvv', 'ip_match', 'delivery_proof', 'device_fingerprint']",merchant_lost
DSP-001456,4837,No Cardholder Authorization,Mastercard,1431.62,INR,2026-08-29,4,home,same_day,False,False,False,avs_only,97,0,1,True,False,"['3ds_authentication', 'avs_cvv', 'ip_match']",merchant_lost
DSP-001810,10.4,Fraud - Card Absent,Visa,994.47,INR,2026-08-29,61,toys,same_day,True,True,False,neither,123,1,2,True,False,"['avs_cvv', 'ip_match', 'delivery_proof', 'device_fingerprint']",merchant_won
DSP-004858,4863,Cardholder Does Not Recognize,Mastercard,1950.59,INR,2026-08-29,25,electronics,express,True,False,False,neither,178,0,4,True,True,"['billing_descriptor', 'customer_comms', 'ip_match']",merchant_won
DSP-004782,10.4,Fraud - Card Absent,Visa,658.8,INR,2026-08-29,45,beauty,same_day,False,False,False,neither,36,0,2,True,False,"['avs_cvv', 'ip_match', 'delivery_proof', 'device_fingerprint']",merchant_lost
DSP-003161,4837,No Cardholder Authorization,Mastercard,4806.61,INR,2026-08-29,58,home,same_day,False,False,False,neither,72,1,1,False,False,"['3ds_authentication', 'avs_cvv', 'ip_match']",merchant_lost
DSP-003570,4837,No Cardholder Authorization,Mastercard,1862.57,INR,2026-08-29,9,automotive,same_day,True,True,False,both_match,139,1,2,False,True,"['3ds_authentication', 'avs_cvv', 'ip_match']",merchant_won
DSP-004371,13.3,Not as Described,Visa,1143.86,INR,2026-08-29,39,electronics,pickup,True,False,True,avs_only,500,0,7,False,True,"['product_description', 'customer_comms', 'return_policy']",merchant_won
DSP-001501,4860,Credit Not Processed (MC),Mastercard,204.26,INR,2026-08-29,0,home,express,False,False,False,both_match,115,0,8,False,True,"['refund_receipt', 'refund_arn', 'policy_terms']",merchant_won
DSP-003768,4863,Cardholder Does Not Recognize,Mastercard,494.31,INR,2026-08-29,13,sports,standard,True,False,True,avs_only,56,1,5,False,False,"['billing_descriptor', 'customer_comms', 'ip_match']",merchant_lost
DSP-004301,4837,No Cardholder Authorization,Mastercard,218.36,INR,2026-08-29,13,fashion,express,True,True,False,cvv_only,121,0,2,False,False,"['3ds_authentication', 'avs_cvv', 'ip_match']",merchant_lost
DSP-001778,13.1,Merchandise Not Received,Visa,765.47,INR,2026-08-29,12,sports,pickup,True,True,True,neither,307,1,5,False,True,"['shipping_confirmation', 'delivery_proof', 'tracking_url']",merchant_won
DSP-003020,10.4,Fraud - Card Absent,Visa,4959.47,INR,2026-08-29,26,home,standard,True,False,False,cvv_only,46,0,1,False,False,"['avs_cvv', 'ip_match', 'delivery_proof', 'device_fingerprint']",merchant_lost
DSP-000318,4860,Credit Not Processed (MC),Mastercard,882.16,INR,2026-08-29,5,beauty,express,True,True,True,cvv_only,157,0,5,False,False,"['refund_receipt', 'refund_arn', 'policy_terms']",merchant_won
DSP-000236,4837,No Cardholder Authorization,Mastercard,3211.79,INR,2026-08-29,4,electronics,pickup,False,False,False,neither,24,0,2,False,True,"['3ds_authentication', 'avs_cvv', 'ip_match']",merchant_lost
DSP-002791,10.4,Fraud - Card Absent,Visa,2576.93,INR,2026-08-29,31,electronics,same_day,False,False,True,avs_only,177,1,2,False,False,"['avs_cvv', 'ip_match', 'delivery_proof', 'device_fingerprint']",merchant_lost
DSP-001777,4855,Goods or Services Not Provided,Mastercard,224.9,INR,2026-08-29,8,sports,express,True,True,True,cvv_only,471,0,8,True,False,"['shipping_confirmation', 'delivery_proof', 'signed_receipt']",merchant_won
DSP-004645,4855,Goods or Services Not Provided,Mastercard,421.9,INR,2026-08-29,12,grocery,standard,False,False,True,both_match,187,0,8,False,True,"['shipping_confirmation', 'delivery_proof', 'signed_receipt']",merchant_won
DSP-004562,10.4,Fraud - Card Absent,Visa,639.29,INR,2026-08-29,63,home,standard,True,True,True,both_match,61,2,2,False,False,"['avs_cvv', 'ip_match', 'delivery_proof', 'device_fingerprint']",merchant_lost
DSP-002737,4860,Credit Not Processed (MC),Mastercard,289.33,INR,2026-08-29,38,electronics,express,True,True,True,cvv_only,193,0,7,True,True,"['refund_receipt', 'refund_arn', 'policy_terms']",merchant_won
DSP-000369,4855,Goods or Services Not Provided,Mastercard,1389.82,INR,2026-08-29,9,health,express,True,True,True,both_match,269,0,5,False,True,"['shipping_confirmation', 'delivery_proof', 'signed_receipt']",merchant_lost
DSP-003747,10.5,Fraud - Counterfeit,Visa,4431.93,INR,2026-08-29,8,beauty,pickup,False,False,False,avs_only,37,0,2,False,True,"['emv_chip_data', 'pin_verification']",merchant_lost
DSP-004934,4853,Cardholder Dispute - Defective,Mastercard,170.43,INR,2026-08-29,8,health,pickup,True,True,True,both_match,198,0,4,True,False,"['product_description', 'quality_cert', 'customer_comms']",merchant_won
DSP-000626,4863,Cardholder Does Not Recognize,Mastercard,3677.77,INR,2026-08-29,5,sports,pickup,False,False,False,both_match,18,1,5,True,True,"['billing_descriptor', 'customer_comms', 'ip_match']",merchant_lost
DSP-002434,10.4,Fraud - Card Absent,Visa,2660.36,INR,2026-08-29,30,electronics,pickup,False,False,False,neither,39,1,0,False,False,"['avs_cvv', 'ip_match', 'delivery_proof', 'device_fingerprint']",merchant_lost
DSP-002833,13.6,Credit Not Processed,Visa,520.49,INR,2026-08-29,10,health,standard,True,False,True,both_match,20,0,11,True,True,"['refund_receipt', 'refund_arn', 'policy_terms']",merchant_won
DSP-004149,4855,Goods or Services Not Provided,Mastercard,217.56,INR,2026-08-29,15,fashion,standard,True,True,True,both_match,183,0,8,True,True,"['shipping_confirmation', 'delivery_proof', 'signed_receipt']",merchant_won
DSP-004106,13.1,Merchandise Not Received,Visa,744.01,INR,2026-08-29,0,beauty,standard,True,True,True,both_match,152,0,7,False,True,"['shipping_confirmation', 'delivery_proof', 'tracking_url']",merchant_won
DSP-003729,13.1,Merchandise Not Received,Visa,584.03,INR,2026-08-29,4,electronics,pickup,True,True,True,both_match,101,0,5,True,True,"['shipping_confirmation', 'delivery_proof', 'tracking_url']",merchant_won
DSP-001415,4853,Cardholder Dispute - Defective,Mastercard,347.41,INR,2026-08-29,6,toys,same_day,True,False,True,both_match,997,1,4,True,True,"['product_description', 'quality_cert', 'customer_comms']",merchant_won
DSP-004242,4837,No Cardholder Authorization,Mastercard,1091.73,INR,2026-08-29,7,sports,standard,True,True,False,avs_only,26,0,2,False,False,"['3ds_authentication', 'avs_cvv', 'ip_match']",merchant_won
DSP-004717,13.1,Merchandise Not Received,Visa,4835.98,INR,2026-08-29,67,fashion,pickup,True,True,True,both_match,29,0,4,True,False,"['shipping_confirmation', 'delivery_proof', 'tracking_url']",merchant_won
DSP-004793,4863,Cardholder Does Not Recognize,Mastercard,2165.41,INR,2026-08-29,11,home,express,True,False,False,avs_only,191,0,1,False,True,"['billing_descriptor', 'customer_comms', 'ip_match']",merchant_lost
DSP-002457,10.4,Fraud - Card Absent,Visa,1034.38,INR,2026-08-29,56,sports,pickup,True,True,True,cvv_only,95,1,3,False,False,"['avs_cvv', 'ip_match', 'delivery_proof', 'device_fingerprint']",merchant_won
DSP-000908,13.3,Not as Described,Visa,56.9,INR,2026-08-29,20,automotive,pickup,True,True,True,cvv_only,272,0,2,True,True,"['product_description', 'customer_comms', 'return_policy']",merchant_won
DSP-004414,10.4,Fraud - Card Absent,Visa,7858.54,INR,2026-08-29,13,sports,express,False,False,False,neither,272,1,1,False,True,"['avs_cvv', 'ip_match', 'delivery_proof', 'device_fingerprint']",merchant_lost
DSP-002535,4837,No Cardholder Authorization,Mastercard,439.07,INR,2026-08-29,59,beauty,pickup,True,True,False,avs_only,17,1,4,False,False,"['3ds_authentication', 'avs_cvv', 'ip_match']",merchant_won
DSP-002192,13.1,Merchandise Not Received,Visa,2965.35,INR,2026-08-29,10,fashion,express,True,True,True,both_match,48,0,1,False,True,"['shipping_confirmation', 'delivery_proof', 'tracking_url']",merchant_won
DSP-003742,13.3,Not as Described,Visa,2702.35,INR,2026-08-29,31,books,same_day,True,True,True,both_match,272,0,8,False,True,"['product_description', 'customer_comms', 'return_policy']",merchant_won
DSP-001068,4860,Credit Not Processed (MC),Mastercard,789.31,INR,2026-08-29,52,home,pickup,True,True,True,avs_only,62,0,3,True,True,"['refund_receipt', 'refund_arn', 'policy_terms']",merchant_won
DSP-002385,13.1,Merchandise Not Received,Visa,771.98,INR,2026-08-29,18,grocery,same_day,True,True,True,cvv_only,315,0,3,True,False,"['shipping_confirmation', 'delivery_proof', 'tracking_url']",merchant_lost
